dataset_id,node_id,target_bootstrap,branch_length,depth,n_leaves_subtree,subtree_fraction,subtree_balance,mean_child_branch_length,std_child_branch_length,taxa_count,alignment_length,gap_fraction_global,gc_mean_global,gc_std_global,variable_site_fraction_global,gap_fraction_clade,gc_mean_clade,gc_std_clade,mean_pairwise_pdist_clade
dt001,dt001_node_0,99.2,0.0250700976820087,0.0250700976820087,24.0,12.0,0.9166666666666666,0.0104547884158002,0.0104547884158002,2.0,8.0,0.4375,0.5625,0.4375,1.0,,,,
dt001,dt001_node_1,99.9,0.177209755403565,0.177209755403565,2.0,1.0,0.0,0.1213998646248775,0.1213998646248775,2.0,8.0,0.4375,0.5625,0.4375,1.0,,,,
dt001,dt001_node_2,99.2,0.0209095768316004,0.0459796745136091,23.0,11.5,0.9130434782608695,0.00121180065345527,0.00121180065345527,2.0,8.0,0.4375,0.5625,0.4375,1.0,,,,
dt001,dt001_node_3,45.6,0.00242360130691054,0.04840327582051964,22.0,11.0,0.9090909090909091,0.00328600523629323,0.00255291829160976,2.0,8.0,0.4375,0.5625,0.4375,1.0,,,,
dt001,dt001_node_4,74.0,0.00583892352790299,0.05424219934842263,21.0,10.5,0.9047619047619048,0.0019036253151760796,0.0011146496076413306,2.0,8.0,0.4375,0.5625,0.4375,1.0,,,,
dt001,dt001_node_5,38.5,0.00301827492281741,0.057260474271240036,20.0,10.0,0.8,0.0006628694648651956,0.0002340302205682705,2.0,8.0,0.4375,0.5625,0.4375,1.0,,,,
dt001,dt001_node_6,7.000000000000001,0.000896899685433466,0.0581573739566735,18.0,9.0,0.8888888888888888,0.002968219258368798,0.002290264045536672,2.0,8.0,0.4375,0.5625,0.4375,1.0,,,,
dt001,dt001_node_7,15.0,0.000428839244296925,0.05768931351553696,2.0,1.0,0.0,0.00093898539796382,0.00058755930937274,2.0,8.0,0.4375,0.5625,0.4375,1.0,,,,
dt001,dt001_node_8,9.3,0.000677955212832126,0.05883532916950563,17.0,8.5,0.7647058823529411,0.0019271651292801198,0.00044427957303197995,2.0,8.0,0.4375,0.5625,0.4375,1.0,,,,
dt001,dt001_node_9,20.599999999999998,0.00148288555624814,0.06031821472575377,15.0,7.5,0.8666666666666667,0.000557812317972425,0.000557812317972425,2.0,8.0,0.4375,0.5625,0.4375,1.0,,,,
dt001,dt001_node_10,64.7,0.0023714447023121,0.06120677387181773,2.0,1.0,0.0,0.0014231845903835,0.0014231845903835,2.0,8.0,0.4375,0.5625,0.4375,1.0,,,,
dt001,dt001_node_11,24.099999999999998,0.00111562463594485,0.06143383936169862,14.0,7.0,0.8571428571428571,0.01622017005966015,0.00019433776333264985,2.0,8.0,0.4375,0.5625,0.4375,1.0,,,,
dt001,dt001_node_12,96.3,0.0160258322963275,0.07745967165802611,13.0,6.5,0.23076923076923078,0.0170568465569876,0.0033105936401519,2.0,8.0,0.4375,0.5625,0.4375,1.0,,,,
dt001,dt001_node_13,99.4,0.0203674401971395,0.09782711185516561,8.0,4.0,0.75,0.002212380001089899,0.0013625280125700609,2.0,8.0,0.4375,0.5625,0.4375,1.0,,,,
dt001,dt001_node_14,87.2,0.0137462529168357,0.09120592457486182,5.0,2.5,0.6,0.0328705490132581,0.0056712804572733,2.0,8.0,0.4375,0.5625,0.4375,1.0,,,,
dt001,dt001_node_15,65.3,0.00357490801365996,0.10140201986882558,7.0,3.5,0.14285714285714285,0.0025972833593886947,0.00022490560531940513,2.0,8.0,0.4375,0.5625,0.4375,1.0,,,,
dt001,dt001_node_16,99.9,0.0271992685559848,0.11840519313084662,4.0,2.0,0.5,0.02633556627483495,0.013903358913088651,2.0,8.0,0.4375,0.5625,0.4375,1.0,,,,
dt001,dt001_node_17,52.900000000000006,0.00237237775406929,0.10377439762289487,4.0,2.0,0.0,0.004077344480858645,0.002485345192016355,2.0,8.0,0.4375,0.5625,0.4375,1.0,,,,
dt001,dt001_node_18,56.8,0.0028221889647081,0.10422420883353367,3.0,1.5,0.3333333333333333,0.00261410744582613,0.00261410744582613,2.0,8.0,0.4375,0.5625,0.4375,1.0,,,,
dt001,dt001_node_19,79.60000000000001,0.0124322073617463,0.1308374004925929,3.0,1.5,0.3333333333333333,0.03954270959429945,0.01391649372656645,2.0,8.0,0.4375,0.5625,0.4375,1.0,,,,
dt001,dt001_node_20,51.5,0.00159199928884229,0.10536639691173716,2.0,1.0,0.0,0.004923036609858545,0.00021312268129461496,2.0,8.0,0.4375,0.5625,0.4375,1.0,,,,
dt001,dt001_node_21,82.69999999999999,0.006562689672875,0.11033708729576987,2.0,1.0,0.0,0.0001975254987886385,0.0001975254987886385,2.0,8.0,0.4375,0.5625,0.4375,1.0,,,,
dt001,dt001_node_22,91.2,0.00522821489165226,0.10945242372518593,2.0,1.0,0.0,0.00238928087706299,0.00238928087706299,2.0,8.0,0.4375,0.5625,0.4375,1.0,,,,
dt001,dt001_node_23,95.3,0.025626215867733,0.1564636163603259,2.0,1.0,0.0,0.0970960379236804,0.014014299885945596,2.0,8.0,0.4375,0.5625,0.4375,1.0,,,,
dt002,dt002_node_0,35.199999999999996,0.0118695082978766,0.0118695082978766,11.0,5.5,0.2727272727272727,0.014385689639742275,0.009329618507586625,2.0,16.0,0.25,0.3125,0.1875,0.75,,,,
dt002,dt002_node_1,24.6,0.00505607113215565,0.01692557943003225,7.0,3.5,0.14285714285714285,0.029377376459354402,0.0178853862480615,2.0,16.0,0.25,0.3125,0.1875,0.75,,,,
dt002,dt002_node_2,70.8,0.0237153081473289,0.0355848164452055,4.0,2.0,0.5,0.0,0.0,2.0,16.0,0.25,0.3125,0.1875,0.75,,,,
dt002,dt002_node_3,47.3,0.0114919902112929,0.02841756964132515,4.0,2.0,0.5,0.05442468429469975,0.031046849305951654,2.0,16.0,0.25,0.3125,0.1875,0.75,,,,
dt002,dt002_node_4,99.4,0.0472627627074159,0.06418834213744815,3.0,1.5,0.3333333333333333,0.000932664407009875,0.000932664407009875,2.0,16.0,0.25,0.3125,0.1875,0.75,,,,
dt002,dt002_node_5,10.100000000000001,0.0,0.0355848164452055,3.0,1.5,0.3333333333333333,0.0,0.0,2.0,16.0,0.25,0.3125,0.1875,0.75,,,,
dt002,dt002_node_6,92.7,0.0233778349887481,0.05179540463007325,3.0,1.5,0.3333333333333333,0.0351103494018465,0.0008494299944356021,2.0,16.0,0.25,0.3125,0.1875,0.75,,,,
dt002,dt002_node_7,63.7,0.00186532881401975,0.0660536709514679,2.0,1.0,0.0,0.00245089761167985,0.00059361271000843,2.0,16.0,0.25,0.3125,0.1875,0.75,,,,
dt002,dt002_node_8,10.100000000000001,0.0,0.0355848164452055,2.0,1.0,0.0,0.0,0.0,2.0,16.0,0.25,0.3125,0.1875,0.75,,,,
dt002,dt002_node_9,100.0,0.0342609194074109,0.08605632403748414,2.0,1.0,0.0,0.00189155974233324,0.00189155974233324,2.0,16.0,0.25,0.3125,0.1875,0.75,,,,
dt003,dt003_node_0,22.400000000000002,0.0101782926965495,0.0101782926965495,35.0,17.5,0.7142857142857143,0.004778758333407355,0.001800166626128835,2.0,8.0,0.4375,0.5625,0.4375,1.0,,,,
dt003,dt003_node_1,5.0,0.00657892495953619,0.01675721765608569,30.0,15.0,0.06666666666666667,0.0030252223761227702,0.00017803431649805984,2.0,8.0,0.4375,0.5625,0.4375,1.0,,,,
dt003,dt003_node_2,22.400000000000002,0.00297859170727852,0.01315688440382802,5.0,2.5,0.6,0.0325617380096593,0.0222562406021704,2.0,8.0,0.4375,0.5625,0.4375,1.0,,,,
dt003,dt003_node_3,17.2,0.00320325669262083,0.01996047434870652,16.0,8.0,0.75,0.012521274250050722,0.0036537533349419804,2.0,8.0,0.4375,0.5625,0.4375,1.0,,,,
dt003,dt003_node_4,3.4000000000000004,0.00284718805962471,0.0196044057157104,14.0,7.0,0.7142857142857143,0.010571707788959545,0.007573918797976356,2.0,8.0,0.4375,0.5625,0.4375,1.0,,,,
dt003,dt003_node_5,55.00000000000001,0.0103054974074889,0.02346238181131692,4.0,2.0,0.5,0.05697650517183615,0.0023885496213195516,2.0,8.0,0.4375,0.5625,0.4375,1.0,,,,
dt003,dt003_node_6,90.4,0.0161750275849927,0.03613550193369922,14.0,7.0,0.42857142857142855,0.025692865267673965,0.020614345878077034,2.0,8.0,0.4375,0.5625,0.4375,1.0,,,,
dt003,dt003_node_7,34.9,0.00886752091510874,0.028827995263815263,2.0,1.0,0.0,0.04857248446131335,0.0003024464868802493,2.0,8.0,0.4375,0.5625,0.4375,1.0,,,,
dt003,dt003_node_8,86.5,0.0181456265869359,0.0377500323026463,2.0,1.0,0.0,0.0588035303973486,0.005439697917444301,2.0,8.0,0.4375,0.5625,0.4375,1.0,,,,
dt003,dt003_node_9,2.5,0.00299778899098319,0.022602194706693588,12.0,6.0,0.3333333333333333,0.00459139205289552,0.0016949582822662701,2.0,8.0,0.4375,0.5625,0.4375,1.0,,,,
dt003,dt003_node_10,100.0,0.0593650547931557,0.08282743660447262,3.0,1.5,0.3333333333333333,0.0008002323677754835,0.00030094518633665644,2.0,8.0,0.4375,0.5625,0.4375,1.0,,,,
dt003,dt003_node_11,68.2,0.00507851938959693,0.04121402132329615,10.0,5.0,0.2,0.031586771994814,0.0170607949902415,2.0,8.0,0.4375,0.5625,0.4375,1.0,,,,
dt003,dt003_node_12,100.0,0.046307211145751,0.08244271307945022,4.0,2.0,0.0,0.005673717638345405,7.96643146050149e-05,2.0,8.0,0.4375,0.5625,0.4375,1.0,,,,
dt003,dt003_node_13,14.399999999999999,0.00628635033516179,0.02888854504185538,4.0,2.0,0.5,0.06368854680520447,0.05534290958699254,2.0,8.0,0.4375,0.5625,0.4375,1.0,,,,
dt003,dt003_node_14,5.1,0.00289643377062925,0.025498628477322836,8.0,4.0,0.0,0.00509203932813518,0.0011825633527466801,2.0,8.0,0.4375,0.5625,0.4375,1.0,,,,
dt003,dt003_node_15,51.6,0.00110117755411214,0.08392861415858476,2.0,1.0,0.0,0.0015967408642481849,0.00043158583609067495,2.0,8.0,0.4375,0.5625,0.4375,1.0,,,,
dt003,dt003_node_16,94.1,0.0145259770045725,0.05573999832786865,6.0,3.0,0.0,0.022035288195439498,0.0024999568273677986,2.0,8.0,0.4375,0.5625,0.4375,1.0,,,,
dt003,dt003_node_17,100.0,0.0486475669850555,0.08986158830835164,4.0,2.0,0.5,0.000910035911288955,0.000910035911288955,2.0,8.0,0.4375,0.5625,0.4375,1.0,,,,
dt003,dt003_node_18,95.19999999999999,0.00575338195295042,0.08819609503240064,2.0,1.0,0.0,0.0048202550134235755,0.002375359998544595,2.0,8.0,0.4375,0.5625,0.4375,1.0,,,,
dt003,dt003_node_19,99.8,0.00559405332374039,0.08803676640319061,2.0,1.0,0.0,0.000797906800134841,0.000650403517334699,2.0,8.0,0.4375,0.5625,0.4375,1.0,,,,
dt003,dt003_node_20,43.9,0.00834563721821193,0.037234182260067306,3.0,1.5,0.3333333333333333,0.0734714254788937,0.0520254694774543,2.0,8.0,0.4375,0.5625,0.4375,1.0,,,,
dt003,dt003_node_21,8.9,0.0039094759753885,0.029408104452711338,4.0,2.0,0.5,0.030792052233866628,0.028481975253672576,2.0,8.0,0.4375,0.5625,0.4375,1.0,,,,
dt003,dt003_node_22,16.0,0.00627460268088186,0.0317732311582047,4.0,2.0,0.5,0.04560794710648528,0.041238938902579424,2.0,8.0,0.4375,0.5625,0.4375,1.0,,,,
dt003,dt003_node_23,100.0,0.0195353313680717,0.07527532969594035,3.0,1.5,0.3333333333333333,0.0015991656285793555,0.0010158583523888144,2.0,8.0,0.4375,0.5625,0.4375,1.0,,,,
dt003,dt003_node_24,100.0,0.0245352450228073,0.08027524335067594,3.0,1.5,0.3333333333333333,0.009340366842965495,0.004402072175820405,2.0,8.0,0.4375,0.5625,0.4375,1.0,,,,
dt003,dt003_node_25,68.30000000000001,0.00182007182257791,0.09168166013092956,3.0,1.5,0.3333333333333333,0.001600701975773303,0.0006205103950043171,2.0,8.0,0.4375,0.5625,0.4375,1.0,,,,
dt003,dt003_node_26,86.8,0.0214459560014394,0.058680138261506705,2.0,1.0,0.0,0.104649783946168,0.0035576878289679953,2.0,8.0,0.4375,0.5625,0.4375,1.0,,,,
dt003,dt003_node_27,12.2,0.00231007698019405,0.03171818143290539,3.0,1.5,0.3333333333333333,0.07181394545280215,0.05676027337902385,2.0,8.0,0.4375,0.5625,0.4375,1.0,,,,
dt003,dt003_node_28,38.2,0.00436900820390586,0.036142239362110556,3.0,1.5,0.3333333333333333,0.056842509921408754,0.007896693660610452,2.0,8.0,0.4375,0.5625,0.4375,1.0,,,,
dt003,dt003_node_29,87.3,0.00261502398096817,0.07789035367690852,2.0,1.0,0.0,0.0,0.0,2.0,8.0,0.4375,0.5625,0.4375,1.0,,,,
dt003,dt003_node_30,91.7,0.00493829466714509,0.08521353801782103,2.0,1.0,0.0,0.00401641107250689,0.0007188670030850298,2.0,8.0,0.4375,0.5625,0.4375,1.0,,,,
dt003,dt003_node_31,59.0,0.000980191580768986,0.09266185171169854,2.0,1.0,0.0,0.000797906800134835,0.00042637813423264506,2.0,8.0,0.4375,0.5625,0.4375,1.0,,,,
dt003,dt003_node_32,91.8,0.0150536720737783,0.04677185350668369,2.0,1.0,0.0,0.04148240819674495,0.0028245574284607514,2.0,8.0,0.4375,0.5625,0.4375,1.0,,,,
dt003,dt003_node_33,100.0,0.0489458162607983,0.08508805562290886,2.0,1.0,0.0,0.00644587545012345,0.0024768220275941796,2.0,8.0,0.4375,0.5625,0.4375,1.0,,,,
dt004,dt004_node_0,52.7,0.0224693371472557,0.0224693371472557,26.0,13.0,0.9230769230769231,0.043464390746091236,0.03527799839592767,2.0,8.0,0.4375,0.5625,0.4375,1.0,,,,
dt004,dt004_node_1,33.800000000000004,0.00818639235016356,0.030655729497419258,25.0,12.5,0.92,0.0869575935925169,0.0651253191678911,2.0,8.0,0.4375,0.5625,0.4375,1.0,,,,
dt004,dt004_node_2,40.9,0.0218322744246258,0.05248800392204506,24.0,12.0,0.8333333333333334,0.00982520140671354,0.0016012470063112606,2.0,8.0,0.4375,0.5625,0.4375,1.0,,,,
dt004,dt004_node_3,14.2,0.0114264484130248,0.06391445233506986,22.0,11.0,0.5454545454545454,0.009696658265038184,0.002569493836776015,2.0,8.0,0.4375,0.5625,0.4375,1.0,,,,
dt004,dt004_node_4,33.900000000000006,0.00822395440040228,0.060711958322447336,2.0,1.0,0.0,0.10454589892927946,0.005518903155556552,2.0,8.0,0.4375,0.5625,0.4375,1.0,,,,
dt004,dt004_node_5,13.200000000000001,0.0122661521018142,0.07618060443688406,17.0,8.5,0.4117647058823529,0.0036574927886391904,0.0009260507537706601,2.0,8.0,0.4375,0.5625,0.4375,1.0,,,,
dt004,dt004_node_6,15.2,0.00712716442826217,0.07104161676333202,5.0,2.5,0.6,0.07777596715813384,0.07050564524442016,2.0,8.0,0.4375,0.5625,0.4375,1.0,,,,
dt004,dt004_node_7,0.8999999999999999,0.00458354354240985,0.0807641479792939,12.0,6.0,0.8333333333333334,0.061324887250393194,0.05456827158860981,2.0,8.0,0.4375,0.5625,0.4375,1.0,,,,
dt004,dt004_node_8,7.7,0.00273144203486853,0.07891204647175258,5.0,2.5,0.2,0.032377026567442804,0.0160593487411359,2.0,8.0,0.4375,0.5625,0.4375,1.0,,,,
dt004,dt004_node_9,20.0,0.00727032191371368,0.07831193867704571,4.0,2.0,0.5,0.0706870069564603,0.0326720583740727,2.0,8.0,0.4375,0.5625,0.4375,1.0,,,,
dt004,dt004_node_10,0.7000000000000001,0.00675661566178339,0.08752076364107729,11.0,5.5,0.6363636363636364,0.005078788608013955,0.003067502979827695,2.0,8.0,0.4375,0.5625,0.4375,1.0,,,,
dt004,dt004_node_11,98.0,0.0484363753085787,0.1273484217803313,2.0,1.0,0.0,0.045327184134065404,0.0015710838280347007,2.0,8.0,0.4375,0.5625,0.4375,1.0,,,,
dt004,dt004_node_12,45.4,0.0163176778263069,0.09522972429805948,3.0,1.5,0.3333333333333333,0.03358223670850495,0.02335632817040635,2.0,8.0,0.4375,0.5625,0.4375,1.0,,,,
dt004,dt004_node_13,90.60000000000001,0.0380149485823876,0.11632688725943331,3.0,1.5,0.3333333333333333,0.04477701989948185,0.01241397340114575,2.0,8.0,0.4375,0.5625,0.4375,1.0,,,,
dt004,dt004_node_14,0.0,0.00201128562818626,0.08953204926926354,9.0,4.5,0.5555555555555556,0.00856381229584491,0.00502069311235929,2.0,8.0,0.4375,0.5625,0.4375,1.0,,,,
dt004,dt004_node_15,16.7,0.00814629158784165,0.09566705522891894,2.0,1.0,0.0,0.08262478644765381,0.030872195201169204,2.0,8.0,0.4375,0.5625,0.4375,1.0,,,,
dt004,dt004_node_16,56.00000000000001,0.0102259085380986,0.10545563283615808,2.0,1.0,0.0,0.037305431895587354,0.00825375153874915,2.0,8.0,0.4375,0.5625,0.4375,1.0,,,,
dt004,dt004_node_17,94.89999999999999,0.0323630464983361,0.1486899337577694,2.0,1.0,0.0,0.07497007364545741,0.0132304185510237,2.0,8.0,0.4375,0.5625,0.4375,1.0,,,,
dt004,dt004_node_18,0.0,0.00354311918348562,0.09307516845274916,7.0,3.5,0.42857142857142855,0.0062913875438493,0.0026753652198993594,2.0,8.0,0.4375,0.5625,0.4375,1.0,,,,
dt004,dt004_node_19,41.0,0.0135845054082042,0.10311655467746775,2.0,1.0,0.0,0.04954545132211545,0.005047508989552647,2.0,8.0,0.4375,0.5625,0.4375,1.0,,,,
dt004,dt004_node_20,2.3,0.00361602232394994,0.0966911907766991,5.0,2.5,0.6,0.031951283165158065,0.028936659709190942,2.0,8.0,0.4375,0.5625,0.4375,1.0,,,,
dt004,dt004_node_21,16.2,0.00896675276374866,0.10204192121649781,2.0,1.0,0.0,0.0573016913695019,0.013952342702646503,2.0,8.0,0.4375,0.5625,0.4375,1.0,,,,
dt004,dt004_node_22,6.2,0.00301462345596712,0.09970581423266622,4.0,2.0,0.5,0.036043985047533,0.0326084638320852,2.0,8.0,0.4375,0.5625,0.4375,1.0,,,,
dt004,dt004_node_23,9.4,0.0034355212154478,0.10314133544811402,3.0,1.5,0.3333333333333333,0.02328198680554798,0.01476531008249292,2.0,8.0,0.4375,0.5625,0.4375,1.0,,,,
dt004,dt004_node_24,29.799999999999997,0.00851667672305506,0.11165801217116908,2.0,1.0,0.0,0.06375666014947981,0.0043431386565577,2.0,8.0,0.4375,0.5625,0.4375,1.0,,,,
dt005,dt005_node_0,99.3,0.0796340756497688,0.0796340756497688,52.0,26.0,0.9615384615384616,0.04059526676049783,0.036674034087361064,2.0,8.0,0.3125,0.22916666666666666,0.10416666666666666,1.0,,,,
dt005,dt005_node_1,30.4,0.00392123267313676,0.08355530832290557,51.0,25.5,0.9607843137254902,0.0452280634719171,0.039188125913295305,2.0,8.0,0.3125,0.22916666666666666,0.10416666666666666,1.0,,,,
dt005,dt005_node_2,40.1,0.0060399375586218,0.08959524588152737,50.0,25.0,0.92,0.05651574531266565,0.00577621701564195,2.0,8.0,0.3125,0.22916666666666666,0.10416666666666666,1.0,,,,
dt005,dt005_node_3,99.5,0.0622919623283076,0.15188720820983498,48.0,24.0,0.9583333333333334,0.07838216499250364,0.07137881609117136,2.0,8.0,0.3125,0.22916666666666666,0.10416666666666666,1.0,,,,
dt005,dt005_node_4,99.8,0.0507395282970237,0.14033477417855106,2.0,1.0,0.0,0.0312582886340668,0.0037683058084536022,2.0,8.0,0.3125,0.22916666666666666,0.10416666666666666,1.0,,,,
dt005,dt005_node_5,66.9,0.00700334890133227,0.15889055711116726,47.0,23.5,0.9574468085106383,0.09192730434663685,0.06606228168120315,2.0,8.0,0.3125,0.22916666666666666,0.10416666666666666,1.0,,,,
dt005,dt005_node_6,97.39999999999999,0.0258650226654337,0.18475557977660095,46.0,23.0,0.782608695652174,0.007195996336477986,0.0011769730334628453,2.0,8.0,0.3125,0.22916666666666666,0.10416666666666666,1.0,,,,
dt005,dt005_node_7,76.3,0.00837296936994083,0.1931285491465418,41.0,20.5,0.9024390243902439,0.0281727018762675,0.0176528143467535,2.0,8.0,0.3125,0.22916666666666666,0.10416666666666666,1.0,,,,
dt005,dt005_node_8,59.8,0.00601902330301514,0.1907746030796161,5.0,2.5,0.2,0.06696617985345635,0.05516011209989265,2.0,8.0,0.3125,0.22916666666666666,0.10416666666666666,1.0,,,,
dt005,dt005_node_9,67.30000000000001,0.010519887529514,0.20364843667605578,39.0,19.5,0.48717948717948717,0.039903404213809945,0.013611159156343849,2.0,8.0,0.3125,0.22916666666666666,0.10416666666666666,1.0,,,,
dt005,dt005_node_10,99.6,0.045825516223021,0.2389540653695628,2.0,1.0,0.0,0.177394463472716,0.025913407141919004,2.0,8.0,0.3125,0.22916666666666666,0.10416666666666666,1.0,,,,
dt005,dt005_node_11,100.0,0.122126291953349,0.3129008950329651,2.0,1.0,0.0,0.000207157221332929,0.000207157221332929,2.0,8.0,0.3125,0.22916666666666666,0.10416666666666666,1.0,,,,
dt005,dt005_node_12,61.5,0.0118060677535637,0.2025806708331798,3.0,1.5,0.3333333333333333,0.08281860323384252,0.07621475747955148,2.0,8.0,0.3125,0.22916666666666666,0.10416666666666666,1.0,,,,
dt005,dt005_node_13,99.5,0.0535145633701538,0.25716300004620957,29.0,14.5,0.8620689655172413,0.03240876244370287,0.03145962646375264,2.0,8.0,0.3125,0.22916666666666666,0.10416666666666666,1.0,,,,
dt005,dt005_node_14,99.3,0.0262922450574661,0.2299406817335219,10.0,5.0,0.8,0.06908073289943036,0.06133745424577665,2.0,8.0,0.3125,0.22916666666666666,0.10416666666666666,1.0,,,,
dt005,dt005_node_15,49.7,0.00660384575429103,0.20918451658747084,2.0,1.0,0.0,0.1297191087331725,0.010196255825043493,2.0,8.0,0.3125,0.22916666666666666,0.10416666666666666,1.0,,,,
dt005,dt005_node_16,19.7,0.000949135979950231,0.2581121360261598,27.0,13.5,0.037037037037037035,0.00906821291343125,0.007309830637646251,2.0,8.0,0.3125,0.22916666666666666,0.10416666666666666,1.0,,,,
dt005,dt005_node_17,100.0,0.0638683889074555,0.32103138895366506,2.0,1.0,0.0,0.03831022291748465,0.0023934287388150503,2.0,8.0,0.3125,0.22916666666666666,0.10416666666666666,1.0,,,,
dt005,dt005_node_18,39.0,0.00774327865365371,0.2376839603871756,9.0,4.5,0.1111111111111111,0.026623341959302597,0.009291864594084,2.0,8.0,0.3125,0.22916666666666666,0.10416666666666666,1.0,,,,
dt005,dt005_node_19,11.3,0.001758382275785,0.2598705183019448,14.0,7.0,0.5714285714285714,0.010842502341100409,0.00887758224500099,2.0,8.0,0.3125,0.22916666666666666,0.10416666666666666,1.0,,,,
dt005,dt005_node_20,93.4,0.0163780435510775,0.2744901795772373,13.0,6.5,0.6923076923076923,0.05805252691670285,0.017565515745882852,2.0,8.0,0.3125,0.22916666666666666,0.10416666666666666,1.0,,,,
dt005,dt005_node_21,100.0,0.0359152065533866,0.2735991669405622,4.0,2.0,0.5,0.07995276738089904,0.01105088902515345,2.0,8.0,0.3125,0.22916666666666666,0.10416666666666666,1.0,,,,
dt005,dt005_node_22,84.6,0.0173314773652186,0.2550154377523942,5.0,2.5,0.2,0.113124012529254,0.010133118195876,2.0,8.0,0.3125,0.22916666666666666,0.10416666666666666,1.0,,,,
dt005,dt005_node_23,16.5,0.00196492009609942,0.26183543839804424,11.0,5.5,0.09090909090909091,0.03121949871372925,0.00505640225003735,2.0,8.0,0.3125,0.22916666666666666,0.10416666666666666,1.0,,,,
dt005,dt005_node_24,95.8,0.0197200845861014,0.2795906028880462,3.0,1.5,0.3333333333333333,0.07610393990681094,0.012528464989078551,2.0,8.0,0.3125,0.22916666666666666,0.10416666666666666,1.0,,,,
dt005,dt005_node_25,99.8,0.04048701117082,0.3149771907480573,2.0,1.0,0.0,0.07185359536863835,0.00436053430807605,2.0,8.0,0.3125,0.22916666666666666,0.10416666666666666,1.0,,,,
dt005,dt005_node_26,100.0,0.0756180426625857,0.350108222239823,11.0,5.5,0.09090909090909091,0.0209946511892818,0.0018372708801274989,2.0,8.0,0.3125,0.22916666666666666,0.10416666666666666,1.0,,,,
dt005,dt005_node_27,100.0,0.0689018783557456,0.34250104529630776,3.0,1.5,0.3333333333333333,0.0198432421733696,0.0006983900379884996,2.0,8.0,0.3125,0.22916666666666666,0.10416666666666666,1.0,,,,
dt005,dt005_node_28,100.0,0.102990894333378,0.3580063320857722,2.0,1.0,0.0,0.00302855662434272,0.00302855662434272,2.0,8.0,0.3125,0.22916666666666666,0.10416666666666666,1.0,,,,
dt005,dt005_node_29,100.0,0.12325713072513,0.3782725684775242,3.0,1.5,0.3333333333333333,0.001548770314131928,0.000999681706771582,2.0,8.0,0.3125,0.22916666666666666,0.10416666666666666,1.0,,,,
dt005,dt005_node_30,99.5,0.0362759009637666,0.29811133936181083,6.0,3.0,0.3333333333333333,0.04181118874593445,0.02429949274099645,2.0,8.0,0.3125,0.22916666666666666,0.10416666666666666,1.0,,,,
dt005,dt005_node_31,98.4,0.0261630964636919,0.28799853486173616,5.0,2.5,0.6,0.05368941320303725,0.03017525993676055,2.0,8.0,0.3125,0.22916666666666666,0.10416666666666666,1.0,,,,
dt005,dt005_node_32,100.0,0.0635754749177324,0.3431660778057786,2.0,1.0,0.0,0.016118102126060102,0.0008874586682624998,2.0,8.0,0.3125,0.22916666666666666,0.10416666666666666,1.0,,,,
dt005,dt005_node_33,100.0,0.0228319220694093,0.37294014430923234,5.0,2.5,0.6,0.000947186761673805,0.000294739137726415,2.0,8.0,0.3125,0.22916666666666666,0.10416666666666666,1.0,,,,
dt005,dt005_node_34,100.0,0.0191573803091543,0.36926560254897733,6.0,3.0,0.3333333333333333,0.0017108818086570502,0.00014934266073493,2.0,8.0,0.3125,0.22916666666666666,0.10416666666666666,1.0,,,,
dt005,dt005_node_35,100.0,0.0191448521353811,0.36164589743168885,2.0,1.0,0.0,0.0051184682992653305,0.0015722493363627102,2.0,8.0,0.3125,0.22916666666666666,0.10416666666666666,1.0,,,,
dt005,dt005_node_36,92.10000000000001,0.00254845202090351,0.38082102049842775,2.0,1.0,0.0,0.000662562573876275,0.000662562573876275,2.0,8.0,0.3125,0.22916666666666666,0.10416666666666666,1.0,,,,
dt005,dt005_node_37,97.5,0.017511696004938,0.31562303536674885,4.0,2.0,0.0,0.037272879398594846,0.013513128881759649,2.0,8.0,0.3125,0.22916666666666666,0.10416666666666666,1.0,,,,
dt005,dt005_node_38,100.0,0.0661106814869309,0.3642220208487417,2.0,1.0,0.0,0.01857825467837445,0.002011270210876749,2.0,8.0,0.3125,0.22916666666666666,0.10416666666666666,1.0,,,,
dt005,dt005_node_39,99.1,0.0235141532662767,0.31151268812801286,4.0,2.0,0.0,0.0480448260816321,0.0014131477015085006,2.0,8.0,0.3125,0.22916666666666666,0.10416666666666666,1.0,,,,
dt005,dt005_node_40,23.7,0.00065244762394739,0.37359259193317973,4.0,2.0,0.5,0.00404344391429891,0.00300202122913819,2.0,8.0,0.3125,0.22916666666666666,0.10416666666666666,1.0,,,,
dt005,dt005_node_41,51.800000000000004,0.00156153914792212,0.37082714169689945,2.0,1.0,0.0,0.006799304848249595,0.002361406785260415,2.0,8.0,0.3125,0.22916666666666666,0.10416666666666666,1.0,,,,
dt005,dt005_node_42,46.2,0.00186022446939198,0.3711258270183693,4.0,2.0,0.5,0.003968320167911335,0.002179543228057505,2.0,8.0,0.3125,0.22916666666666666,0.10416666666666666,1.0,,,,
dt005,dt005_node_43,99.5,0.0237597505168352,0.33938278588358406,2.0,1.0,0.0,0.03620221300896795,0.0004679046099859488,2.0,8.0,0.3125,0.22916666666666666,0.10416666666666666,1.0,,,,
dt005,dt005_node_44,100.0,0.0507860082803545,0.36640904364710336,2.0,1.0,0.0,0.003000132816321435,0.00019164931240611498,2.0,8.0,0.3125,0.22916666666666666,0.10416666666666666,1.0,,,,
dt005,dt005_node_45,100.0,0.0494579737831406,0.36097066191115346,2.0,1.0,0.0,0.002003038564163505,0.00016329079059626496,2.0,8.0,0.3125,0.22916666666666666,0.10416666666666666,1.0,,,,
dt005,dt005_node_46,100.0,0.0466316783801236,0.35814436650813647,2.0,1.0,0.0,0.009496920475561624,0.0013314948353943751,2.0,8.0,0.3125,0.22916666666666666,0.10416666666666666,1.0,,,,
dt005,dt005_node_47,18.9,0.00104142268516072,0.37463401461834045,3.0,1.5,0.3333333333333333,0.0012594894915432249,5.0648665065214957e-05,2.0,8.0,0.3125,0.22916666666666666,0.10416666666666666,1.0,,,,
dt005,dt005_node_48,52.1,0.00178877693985383,0.3729146039582232,3.0,1.5,0.3333333333333333,0.0022918574685150198,0.00119922600007655,2.0,8.0,0.3125,0.22916666666666666,0.10416666666666666,1.0,,,,
dt005,dt005_node_49,25.0,0.00131013815660844,0.3759441527749489,2.0,1.0,0.0,0.005660333485490415,0.0030388327200026152,2.0,8.0,0.3125,0.22916666666666666,0.10416666666666666,1.0,,,,
dt005,dt005_node_50,81.0,0.00109263146843847,0.37400723542666164,2.0,1.0,0.0,0.000997508153056894,0.00038746247589113605,2.0,8.0,0.3125,0.22916666666666666,0.10416666666666666,1.0,,,,
dt007,dt007_node_0,48.699999999999996,0.00608346843087568,0.00608346843087568,107.0,53.5,0.9626168224299065,0.054759368981474196,0.0323511209072347,2.0,8.0,0.375,0.3125,0.1875,0.5,,,,
dt007,dt007_node_1,99.8,0.0911224986414035,0.0911224986414035,2.0,1.0,0.0,0.0,0.0,2.0,8.0,0.375,0.3125,0.1875,0.5,,,,
dt007,dt007_node_2,100.0,0.265152449948606,0.265152449948606,4.0,2.0,0.5,0.0,0.0,2.0,8.0,0.375,0.3125,0.1875,0.5,,,,
dt007,dt007_node_3,84.7,0.0224082480742395,0.02849171650511518,105.0,52.5,0.2,0.0295361410198429,0.009756007360685598,2.0,8.0,0.375,0.3125,0.1875,0.5,,,,
dt007,dt007_node_4,100.0,0.0871104898887089,0.09319395831958457,2.0,1.0,0.0,0.0,0.0,2.0,8.0,0.375,0.3125,0.1875,0.5,,,,
dt007,dt007_node_5,100.0,0.0,0.265152449948606,3.0,1.5,0.3333333333333333,0.0,0.0,2.0,8.0,0.375,0.3125,0.1875,0.5,,,,
dt007,dt007_node_6,89.7,0.0197801336591573,0.048271850164272476,63.0,31.5,0.1746031746031746,0.0479093941240339,0.007992766249130399,2.0,8.0,0.375,0.3125,0.1875,0.5,,,,
dt007,dt007_node_7,97.89999999999999,0.0392921483805285,0.06778386488564367,42.0,21.0,0.5238095238095238,0.006878943079251815,0.00012156765423054468,2.0,8.0,0.375,0.3125,0.1875,0.5,,,,
dt007,dt007_node_8,100.0,0.0,0.265152449948606,2.0,1.0,0.0,0.0,0.0,2.0,8.0,0.375,0.3125,0.1875,0.5,,,,
dt007,dt007_node_9,99.9,0.0559021603731643,0.10417401053743677,37.0,18.5,0.8918918918918919,0.001208341727370095,2.361704471164495e-05,2.0,8.0,0.375,0.3125,0.1875,0.5,,,,
dt007,dt007_node_10,99.5,0.0399166278749035,0.08818847803917598,26.0,13.0,0.5384615384615384,0.002738380998617665,0.001029245695784665,2.0,8.0,0.375,0.3125,0.1875,0.5,,,,
dt007,dt007_node_11,98.5,0.00700051073348236,0.07478437561912603,10.0,5.0,0.8,0.0,0.0,2.0,8.0,0.375,0.3125,0.1875,0.5,,,,
dt007,dt007_node_12,96.1,0.00675737542502127,0.07454124031066493,32.0,16.0,0.8125,0.0004985561872247675,0.0002514960524373745,2.0,8.0,0.375,0.3125,0.1875,0.5,,,,
dt007,dt007_node_13,69.8,0.00118472468265845,0.10535873522009523,35.0,17.5,0.6571428571428571,0.0006028977861131993,0.0005223442234945706,2.0,8.0,0.375,0.3125,0.1875,0.5,,,,
dt007,dt007_node_14,69.0,0.00123195877208174,0.10540596930951851,2.0,1.0,0.0,0.0,0.0,2.0,8.0,0.375,0.3125,0.1875,0.5,,,,
dt007,dt007_node_15,86.0,0.00376762669440233,0.0919561047335783,6.0,3.0,0.3333333333333333,0.0036377640917620952,0.0005563321187665052,2.0,8.0,0.375,0.3125,0.1875,0.5,,,,
dt007,dt007_node_16,73.9,0.001709135302833,0.08989761334200898,20.0,10.0,0.8,0.000601798989467753,0.000355154680558856,2.0,8.0,0.375,0.3125,0.1875,0.5,,,,
dt007,dt007_node_17,98.5,0.0,0.07478437561912603,9.0,4.5,0.7777777777777778,0.0,0.0,2.0,8.0,0.375,0.3125,0.1875,0.5,,,,
dt007,dt007_node_18,60.8,0.000247060134787393,0.07478830044545233,3.0,1.5,0.3333333333333333,0.0,0.0,2.0,8.0,0.375,0.3125,0.1875,0.5,,,,
dt007,dt007_node_19,52.7,0.000750052239662142,0.07529129255032707,29.0,14.5,0.6551724137931034,0.000604711725799188,0.000279737152168719,2.0,8.0,0.375,0.3125,0.1875,0.5,,,,
dt007,dt007_node_20,61.5,0.00112524200960777,0.106483977229703,29.0,14.5,0.2413793103448276,0.0006022819323855655,0.00013118084037254952,2.0,8.0,0.375,0.3125,0.1875,0.5,,,,
dt007,dt007_node_21,16.400000000000002,8.05535626186287e-05,0.10543928878271386,6.0,3.0,0.6666666666666666,0.0,0.0,2.0,8.0,0.375,0.3125,0.1875,0.5,,,,
dt007,dt007_node_22,96.7,0.0041940962105286,0.09615020094410691,4.0,2.0,0.5,0.0,0.0,2.0,8.0,0.375,0.3125,0.1875,0.5,,,,
dt007,dt007_node_23,93.30000000000001,0.00308143197299559,0.0950375367065739,2.0,1.0,0.0,0.0,0.0,2.0,8.0,0.375,0.3125,0.1875,0.5,,,,
dt007,dt007_node_24,42.6,0.000246644308908897,0.09014425765091788,2.0,1.0,0.0,0.0,0.0,2.0,8.0,0.375,0.3125,0.1875,0.5,,,,
dt007,dt007_node_25,59.599999999999994,0.000956953670026609,0.09085456701203559,18.0,9.0,0.8888888888888888,8.39765611849155e-07,8.39765611849155e-07,2.0,8.0,0.375,0.3125,0.1875,0.5,,,,
dt007,dt007_node_26,98.5,0.0,0.07478437561912603,8.0,4.0,0.75,0.0,0.0,2.0,8.0,0.375,0.3125,0.1875,0.5,,,,
dt007,dt007_node_27,60.8,0.0,0.07478830044545233,2.0,1.0,0.0,0.0,0.0,2.0,8.0,0.375,0.3125,0.1875,0.5,,,,
dt007,dt007_node_28,58.3,0.000884448877967907,0.07617574142829497,5.0,2.5,0.6,0.0,0.0,2.0,8.0,0.375,0.3125,0.1875,0.5,,,,
dt007,dt007_node_29,39.2,0.000324974573630469,0.07561626712395754,24.0,12.0,0.9166666666666666,0.0,0.0,2.0,8.0,0.375,0.3125,0.1875,0.5,,,,
dt007,dt007_node_30,38.0,0.000471101092013016,0.10695507832171601,18.0,9.0,0.8888888888888888,1.84887699992687e-08,1.84887699992687e-08,2.0,8.0,0.375,0.3125,0.1875,0.5,,,,
dt007,dt007_node_31,62.6,0.000733462772758115,0.10721744000246111,11.0,5.5,0.8181818181818182,5.4824916784866e-07,5.4824916784866e-07,2.0,8.0,0.375,0.3125,0.1875,0.5,,,,
dt007,dt007_node_32,16.400000000000002,0.0,0.10543928878271386,5.0,2.5,0.6,0.0,0.0,2.0,8.0,0.375,0.3125,0.1875,0.5,,,,
dt007,dt007_node_33,96.7,0.0,0.09615020094410691,3.0,1.5,0.3333333333333333,0.0,0.0,2.0,8.0,0.375,0.3125,0.1875,0.5,,,,
dt007,dt007_node_34,37.5,1.67953122369831e-06,0.09085624654325929,17.0,8.5,0.8823529411764706,1.65953680440029e-06,1.65953680440029e-06,2.0,8.0,0.375,0.3125,0.1875,0.5,,,,
dt007,dt007_node_35,98.5,0.0,0.07478437561912603,7.0,3.5,0.7142857142857143,0.0,0.0,2.0,8.0,0.375,0.3125,0.1875,0.5,,,,
dt007,dt007_node_36,58.3,0.0,0.07617574142829497,4.0,2.0,0.5,0.0,0.0,2.0,8.0,0.375,0.3125,0.1875,0.5,,,,
dt007,dt007_node_37,20.0,0.0,0.07561626712395754,23.0,11.5,0.9130434782608695,0.0,0.0,2.0,8.0,0.375,0.3125,0.1875,0.5,,,,
dt007,dt007_node_38,38.0,3.69775399985374e-08,0.10695511529925601,17.0,8.5,0.8823529411764706,3.629277074341715e-08,3.629277074341715e-08,2.0,8.0,0.375,0.3125,0.1875,0.5,,,,
dt007,dt007_node_39,62.6,1.09649833569732e-06,0.10721853650079681,10.0,5.0,0.8,1.08060705547626e-06,1.08060705547626e-06,2.0,8.0,0.375,0.3125,0.1875,0.5,,,,
dt007,dt007_node_40,16.400000000000002,0.0,0.10543928878271386,4.0,2.0,0.5,0.0,0.0,2.0,8.0,0.375,0.3125,0.1875,0.5,,,,
dt007,dt007_node_41,96.7,0.0,0.09615020094410691,2.0,1.0,0.0,0.0,0.0,2.0,8.0,0.375,0.3125,0.1875,0.5,,,,
dt007,dt007_node_42,37.5,3.31907360880058e-06,0.09085956561686809,16.0,8.0,0.875,3.280025684001605e-06,3.280025684001605e-06,2.0,8.0,0.375,0.3125,0.1875,0.5,,,,
dt007,dt007_node_43,98.5,0.0,0.07478437561912603,6.0,3.0,0.6666666666666666,0.0,0.0,2.0,8.0,0.375,0.3125,0.1875,0.5,,,,
dt007,dt007_node_44,58.3,0.0,0.07617574142829497,3.0,1.5,0.3333333333333333,0.0,0.0,2.0,8.0,0.375,0.3125,0.1875,0.5,,,,
dt007,dt007_node_45,20.0,0.0,0.07561626712395754,22.0,11.0,0.9090909090909091,0.0,0.0,2.0,8.0,0.375,0.3125,0.1875,0.5,,,,
dt007,dt007_node_46,24.8,7.25855414868343e-08,0.10695518788479749,16.0,8.0,0.875,7.12658043325575e-08,7.12658043325575e-08,2.0,8.0,0.375,0.3125,0.1875,0.5,,,,
dt007,dt007_node_47,62.4,2.16121411095252e-06,0.10722069771490776,9.0,4.5,0.7777777777777778,2.130339623662715e-06,2.130339623662715e-06,2.0,8.0,0.375,0.3125,0.1875,0.5,,,,
dt007,dt007_node_48,16.400000000000002,0.0,0.10543928878271386,3.0,1.5,0.3333333333333333,0.0,0.0,2.0,8.0,0.375,0.3125,0.1875,0.5,,,,
dt007,dt007_node_49,37.5,6.56005136800321e-06,0.0908661256682361,15.0,7.5,0.8666666666666667,6.4837717009799e-06,6.4837717009799e-06,2.0,8.0,0.375,0.3125,0.1875,0.5,,,,
dt007,dt007_node_50,98.5,0.0,0.07478437561912603,5.0,2.5,0.6,0.0,0.0,2.0,8.0,0.375,0.3125,0.1875,0.5,,,,
dt007,dt007_node_51,58.4,0.0,0.07617574142829497,2.0,1.0,0.0,0.0,0.0,2.0,8.0,0.375,0.3125,0.1875,0.5,,,,
dt007,dt007_node_52,20.0,0.0,0.07561626712395754,21.0,10.5,0.9047619047619048,0.0,0.0,2.0,8.0,0.375,0.3125,0.1875,0.5,,,,
dt007,dt007_node_53,24.8,1.42531608665115e-07,0.10695533041640616,15.0,7.5,0.8666666666666667,1.39986401395279e-07,1.39986401395279e-07,2.0,8.0,0.375,0.3125,0.1875,0.5,,,,
dt007,dt007_node_54,41.5,4.26067924732543e-06,0.10722495839415509,8.0,4.0,0.75,4.20066968042416e-06,4.20066968042416e-06,2.0,8.0,0.375,0.3125,0.1875,0.5,,,,
dt007,dt007_node_55,16.400000000000002,0.0,0.10543928878271386,2.0,1.0,0.0,0.0,0.0,2.0,8.0,0.375,0.3125,0.1875,0.5,,,,
dt007,dt007_node_56,37.5,1.29675434019598e-05,0.09087909321163806,14.0,7.0,0.8571428571428571,1.281849117896915e-05,1.281849117896915e-05,2.0,8.0,0.375,0.3125,0.1875,0.5,,,,
dt007,dt007_node_57,98.5,0.0,0.07478437561912603,4.0,2.0,0.5,0.0,0.0,2.0,8.0,0.375,0.3125,0.1875,0.5,,,,
dt007,dt007_node_58,20.0,0.0,0.07561626712395754,20.0,10.0,0.9,0.0,0.0,2.0,8.0,0.375,0.3125,0.1875,0.5,,,,
dt007,dt007_node_59,24.8,2.79972802790558e-07,0.10695561038920895,14.0,7.0,0.8571428571428571,2.750609992328285e-07,2.750609992328285e-07,2.0,8.0,0.375,0.3125,0.1875,0.5,,,,
dt007,dt007_node_60,41.5,8.40133936084832e-06,0.10723335973351594,7.0,3.5,0.7142857142857143,8.28465409195075e-06,8.28465409195075e-06,2.0,8.0,0.375,0.3125,0.1875,0.5,,,,
dt007,dt007_node_61,37.5,2.56369823579383e-05,0.090904730193996,13.0,6.5,0.8461538461538461,2.53456530129466e-05,2.53456530129466e-05,2.0,8.0,0.375,0.3125,0.1875,0.5,,,,
dt007,dt007_node_62,98.5,0.0,0.07478437561912603,3.0,1.5,0.3333333333333333,0.0,0.0,2.0,8.0,0.375,0.3125,0.1875,0.5,,,,
dt007,dt007_node_63,20.0,0.0,0.07561626712395754,19.0,9.5,0.8947368421052632,0.0,0.0,2.0,8.0,0.375,0.3125,0.1875,0.5,,,,
dt007,dt007_node_64,35.0,5.50121998465657e-07,0.10695616051120742,13.0,6.5,0.8461538461538461,5.40637136449945e-07,5.40637136449945e-07,2.0,8.0,0.375,0.3125,0.1875,0.5,,,,
dt007,dt007_node_65,41.5,1.65693081839015e-05,0.10724992904169985,6.0,3.0,0.6666666666666666,1.634233135944925e-05,1.634233135944925e-05,2.0,8.0,0.375,0.3125,0.1875,0.5,,,,
dt007,dt007_node_66,37.5,5.06913060258932e-05,0.0909554215000219,12.0,6.0,0.8333333333333334,5.0121740789707e-05,5.0121740789707e-05,2.0,8.0,0.375,0.3125,0.1875,0.5,,,,
dt007,dt007_node_67,98.5,0.0,0.07478437561912603,2.0,1.0,0.0,0.0,0.0,2.0,8.0,0.375,0.3125,0.1875,0.5,,,,
dt007,dt007_node_68,23.200000000000003,0.0,0.07561626712395754,18.0,9.0,0.8888888888888888,0.0,0.0,2.0,8.0,0.375,0.3125,0.1875,0.5,,,,
dt007,dt007_node_69,35.0,1.08127427289989e-06,0.10695724178548031,12.0,6.0,0.8333333333333334,1.062947590308365e-06,1.062947590308365e-06,2.0,8.0,0.375,0.3125,0.1875,0.5,,,,
dt007,dt007_node_70,41.5,3.26846627188985e-05,0.10728261370441874,5.0,2.5,0.6,3.224297808752305e-05,3.224297808752305e-05,2.0,8.0,0.375,0.3125,0.1875,0.5,,,,
dt007,dt007_node_71,37.5,0.000100243481579414,0.09105566498160131,11.0,5.5,0.8181818181818182,9.912966511749e-05,9.912966511749e-05,2.0,8.0,0.375,0.3125,0.1875,0.5,,,,
dt007,dt007_node_72,23.200000000000003,0.0,0.07561626712395754,17.0,8.5,0.8823529411764706,0.0,0.0,2.0,8.0,0.375,0.3125,0.1875,0.5,,,,
dt007,dt007_node_73,35.0,2.12589518061673e-06,0.10695936768066093,11.0,5.5,0.8181818181818182,2.09046359428422e-06,2.09046359428422e-06,2.0,8.0,0.375,0.3125,0.1875,0.5,,,,
dt007,dt007_node_74,41.6,6.44859561750461e-05,0.10734709966059379,4.0,2.0,0.5,0.000665903086328615,0.000665903086328615,2.0,8.0,0.375,0.3125,0.1875,0.5,,,,
dt007,dt007_node_75,37.5,0.00019825933023498,0.09125392431183629,10.0,5.0,0.8,0.0001961258741702125,0.0001961258741702125,2.0,8.0,0.375,0.3125,0.1875,0.5,,,,
dt007,dt007_node_76,23.200000000000003,0.0,0.07561626712395754,16.0,8.0,0.875,0.0,0.0,2.0,8.0,0.375,0.3125,0.1875,0.5,,,,
dt007,dt007_node_77,41.4,4.18092718856844e-06,0.1069635486078495,10.0,5.0,0.8,4.11238739858099e-06,4.11238739858099e-06,2.0,8.0,0.375,0.3125,0.1875,0.5,,,,
dt007,dt007_node_78,66.4,0.00133180617265723,0.10867890583325102,3.0,1.5,0.3333333333333333,0.0,0.0,2.0,8.0,0.375,0.3125,0.1875,0.5,,,,
dt007,dt007_node_79,40.1,0.000392251748340425,0.09164617606017672,9.0,4.5,0.7777777777777778,1.11671474533011e-05,1.11671474533011e-05,2.0,8.0,0.375,0.3125,0.1875,0.5,,,,
dt007,dt007_node_80,39.4,0.0,0.07561626712395754,15.0,7.5,0.8666666666666667,0.0,0.0,2.0,8.0,0.375,0.3125,0.1875,0.5,,,,
dt007,dt007_node_81,37.5,8.22477479716198e-06,0.10697177338264666,9.0,4.5,0.7777777777777778,8.09211713915755e-06,8.09211713915755e-06,2.0,8.0,0.375,0.3125,0.1875,0.5,,,,
dt007,dt007_node_82,66.4,0.0,0.10867890583325102,2.0,1.0,0.0,0.0,0.0,2.0,8.0,0.375,0.3125,0.1875,0.5,,,,
dt007,dt007_node_83,60.9,2.23342949066022e-05,0.09166851035508332,8.0,4.0,0.75,2.209414119797205e-05,2.209414119797205e-05,2.0,8.0,0.375,0.3125,0.1875,0.5,,,,
dt007,dt007_node_84,40.0,0.0,0.07561626712395754,14.0,7.0,0.8571428571428571,0.0,0.0,2.0,8.0,0.375,0.3125,0.1875,0.5,,,,
dt007,dt007_node_85,37.5,1.61842342783151e-05,0.10698795761692498,8.0,4.0,0.75,1.592734167072985e-05,1.592734167072985e-05,2.0,8.0,0.375,0.3125,0.1875,0.5,,,,
dt007,dt007_node_86,39.0,4.41882823959441e-05,0.09171269863747926,7.0,3.5,0.7142857142857143,4.37181942854009e-05,4.37181942854009e-05,2.0,8.0,0.375,0.3125,0.1875,0.5,,,,
dt007,dt007_node_87,40.2,0.0,0.07561626712395754,13.0,6.5,0.8461538461538461,0.0,0.0,2.0,8.0,0.375,0.3125,0.1875,0.5,,,,
dt007,dt007_node_88,37.5,3.18546833414597e-05,0.10701981230026644,7.0,3.5,0.7142857142857143,3.1356953914239e-05,3.1356953914239e-05,2.0,8.0,0.375,0.3125,0.1875,0.5,,,,
dt007,dt007_node_89,39.1,8.74363885708018e-05,0.09180013502605006,6.0,3.0,0.6666666666666666,0.000687592799067955,0.000687592799067955,2.0,8.0,0.375,0.3125,0.1875,0.5,,,,
dt007,dt007_node_90,40.2,0.0,0.07561626712395754,12.0,6.0,0.8333333333333334,0.0,0.0,2.0,8.0,0.375,0.3125,0.1875,0.5,,,,
dt007,dt007_node_91,37.5,6.2713907828478e-05,0.10708252620809491,6.0,3.0,0.6666666666666666,6.1384538683801e-05,6.1384538683801e-05,2.0,8.0,0.375,0.3125,0.1875,0.5,,,,
dt007,dt007_node_92,64.2,0.00137518559813591,0.09317532062418597,5.0,2.5,0.6,0.0,0.0,2.0,8.0,0.375,0.3125,0.1875,0.5,,,,
dt007,dt007_node_93,40.2,0.0,0.07561626712395754,11.0,5.5,0.8181818181818182,0.0,0.0,2.0,8.0,0.375,0.3125,0.1875,0.5,,,,
dt007,dt007_node_94,39.1,0.000122769077367602,0.10720529528546252,5.0,2.5,0.6,5.7895212665395e-05,5.7895212665395e-05,2.0,8.0,0.375,0.3125,0.1875,0.5,,,,
dt007,dt007_node_95,64.2,0.0,0.09317532062418597,4.0,2.0,0.5,0.0,0.0,2.0,8.0,0.375,0.3125,0.1875,0.5,,,,
dt007,dt007_node_96,41.6,0.0,0.07561626712395754,10.0,5.0,0.8,0.0,0.0,2.0,8.0,0.375,0.3125,0.1875,0.5,,,,
dt007,dt007_node_97,35.699999999999996,0.00011579042533079,0.10732108571079331,4.0,2.0,0.5,0.00132230831247306,0.00132230831247306,2.0,8.0,0.375,0.3125,0.1875,0.5,,,,
dt007,dt007_node_98,64.2,0.0,0.09317532062418597,3.0,1.5,0.3333333333333333,0.0,0.0,2.0,8.0,0.375,0.3125,0.1875,0.5,,,,
dt007,dt007_node_99,41.699999999999996,0.0,0.07561626712395754,9.0,4.5,0.7777777777777778,0.0,0.0,2.0,8.0,0.375,0.3125,0.1875,0.5,,,,
dt007,dt007_node_100,86.4,0.00264461662494612,0.10996570233573943,3.0,1.5,0.3333333333333333,0.0,0.0,2.0,8.0,0.375,0.3125,0.1875,0.5,,,,
dt007,dt007_node_101,64.2,0.0,0.09317532062418597,2.0,1.0,0.0,0.0,0.0,2.0,8.0,0.375,0.3125,0.1875,0.5,,,,
dt007,dt007_node_102,41.699999999999996,0.0,0.07561626712395754,8.0,4.0,0.75,0.0,0.0,2.0,8.0,0.375,0.3125,0.1875,0.5,,,,
dt007,dt007_node_103,86.4,0.0,0.10996570233573943,2.0,1.0,0.0,0.0,0.0,2.0,8.0,0.375,0.3125,0.1875,0.5,,,,
dt007,dt007_node_104,41.699999999999996,0.0,0.07561626712395754,7.0,3.5,0.7142857142857143,0.0,0.0,2.0,8.0,0.375,0.3125,0.1875,0.5,,,,
dt007,dt007_node_105,41.699999999999996,0.0,0.07561626712395754,6.0,3.0,0.6666666666666666,0.0,0.0,2.0,8.0,0.375,0.3125,0.1875,0.5,,,,
dt007,dt007_node_106,42.199999999999996,0.0,0.07561626712395754,5.0,2.5,0.6,0.0,0.0,2.0,8.0,0.375,0.3125,0.1875,0.5,,,,
dt007,dt007_node_107,42.199999999999996,0.0,0.07561626712395754,4.0,2.0,0.5,0.0,0.0,2.0,8.0,0.375,0.3125,0.1875,0.5,,,,
dt007,dt007_node_108,42.199999999999996,0.0,0.07561626712395754,3.0,1.5,0.3333333333333333,0.0,0.0,2.0,8.0,0.375,0.3125,0.1875,0.5,,,,
dt007,dt007_node_109,64.9,0.0,0.07561626712395754,2.0,1.0,0.0,0.0,0.0,2.0,8.0,0.375,0.3125,0.1875,0.5,,,,
dt008,dt008_node_0,41.3,0.0775146942815889,0.0775146942815889,39.0,19.5,0.6923076923076923,0.024778146084795297,0.010652939381667599,2.0,8.0,0.375,0.3125,0.1875,1.0,,,,
dt008,dt008_node_1,21.2,0.0141252067031277,0.0916399009847166,33.0,16.5,0.696969696969697,0.015357959415718301,0.0018617354927909996,2.0,8.0,0.375,0.3125,0.1875,1.0,,,,
dt008,dt008_node_2,52.300000000000004,0.0354310854664629,0.1129457797480518,6.0,3.0,0.3333333333333333,0.0046447742870127946,0.0008140292684373849,2.0,8.0,0.375,0.3125,0.1875,1.0,,,,
dt008,dt008_node_3,27.800000000000004,0.0172196949085093,0.1088595958932259,28.0,14.0,0.5714285714285714,0.049109676589305394,0.03866866372943299,2.0,8.0,0.375,0.3125,0.1875,1.0,,,,
dt008,dt008_node_4,44.1,0.0134962239229273,0.1051361249076439,5.0,2.5,0.2,0.04200995023884645,0.0017068205839466492,2.0,8.0,0.375,0.3125,0.1875,1.0,,,,
dt008,dt008_node_5,99.9,0.00545880355545018,0.11840458330350198,2.0,1.0,0.0,0.000217684261530732,0.000217684261530732,2.0,8.0,0.375,0.3125,0.1875,1.0,,,,
dt008,dt008_node_6,51.1,0.00383074501857541,0.11677652476662721,4.0,2.0,0.0,0.0030872762137880852,5.3502137555305014e-05,2.0,8.0,0.375,0.3125,0.1875,1.0,,,,
dt008,dt008_node_7,18.3,0.0104410128598724,0.1193006087530983,22.0,11.0,0.8181818181818182,0.044758222727085,0.0419051475103051,2.0,8.0,0.375,0.3125,0.1875,1.0,,,,
dt008,dt008_node_8,97.1,0.0877783403187384,0.1966379362119643,6.0,3.0,0.6666666666666666,0.0004925944557386895,0.0004925944557386895,2.0,8.0,0.375,0.3125,0.1875,1.0,,,,
dt008,dt008_node_9,99.5,0.0403031296548998,0.1454392545625437,2.0,1.0,0.0,0.0015315789712977094,0.0005812336315979605,2.0,8.0,0.375,0.3125,0.1875,1.0,,,,
dt008,dt008_node_10,100.0,0.0437167708227931,0.148852895730437,3.0,1.5,0.3333333333333333,0.003848492630629375,0.0013016659776111648,2.0,8.0,0.375,0.3125,0.1875,1.0,,,,
dt008,dt008_node_11,63.800000000000004,0.00314077835134339,0.11991730311797061,2.0,1.0,0.0,0.001531464133006565,0.0004303394665220049,2.0,8.0,0.375,0.3125,0.1875,1.0,,,,
dt008,dt008_node_12,86.6,0.00303377407623278,0.11981029884285999,2.0,1.0,0.0,0.0046243476974288,0.0006870995038561899,2.0,8.0,0.375,0.3125,0.1875,1.0,,,,
dt008,dt008_node_13,11.700000000000001,0.00285307521677989,0.12215368396987819,20.0,10.0,0.9,0.044046370287398426,0.037181804321294976,2.0,8.0,0.375,0.3125,0.1875,1.0,,,,
dt008,dt008_node_14,99.5,0.0866633702373901,0.2059639789904884,2.0,1.0,0.0,0.002302748630238805,0.0005387138134079951,2.0,8.0,0.375,0.3125,0.1875,1.0,,,,
dt008,dt008_node_15,36.1,0.000985188911477379,0.19762312512344168,5.0,2.5,0.6,0.00069322945638491,0.00069322945638491,2.0,8.0,0.375,0.3125,0.1875,1.0,,,,
dt008,dt008_node_16,99.2,0.00515015860824054,0.15400305433867753,2.0,1.0,0.0,0.0007639587230108406,0.00045438921628895954,2.0,8.0,0.375,0.3125,0.1875,1.0,,,,
dt008,dt008_node_17,12.8,0.00686456596610345,0.12901824993598165,19.0,9.5,0.5789473684210527,0.021737114715335785,0.020436798308061013,2.0,8.0,0.375,0.3125,0.1875,1.0,,,,
dt008,dt008_node_18,35.099999999999994,0.00138645891276982,0.1990095840362115,4.0,2.0,0.5,0.00134313207174576,0.00134313207174576,2.0,8.0,0.375,0.3125,0.1875,1.0,,,,
dt008,dt008_node_19,7.6,0.00130031640727477,0.13031856634325642,15.0,7.5,0.4666666666666667,0.008188538533328465,0.003317413511445435,2.0,8.0,0.375,0.3125,0.1875,1.0,,,,
dt008,dt008_node_20,95.7,0.0421739130233968,0.17119216295937845,4.0,2.0,0.0,0.04922664525405855,0.0014767336392588482,2.0,8.0,0.375,0.3125,0.1875,1.0,,,,
dt008,dt008_node_21,26.0,0.00268626414349152,0.201695848179703,3.0,1.5,0.3333333333333333,0.00337066332991107,0.00337066332991107,2.0,8.0,0.375,0.3125,0.1875,1.0,,,,
dt008,dt008_node_22,18.8,0.0115059520447739,0.1418245183880303,11.0,5.5,0.45454545454545453,0.007354528249889732,0.006998148776646568,2.0,8.0,0.375,0.3125,0.1875,1.0,,,,
dt008,dt008_node_23,23.5,0.00487112502188303,0.13518969136513945,4.0,2.0,0.5,0.07591567935792745,0.029546966973036548,2.0,8.0,0.375,0.3125,0.1875,1.0,,,,
dt008,dt008_node_24,99.6,0.0477499116147997,0.21894207457417814,2.0,1.0,0.0,0.0015316022603234399,4.539947347251001e-05,2.0,8.0,0.375,0.3125,0.1875,1.0,,,,
dt008,dt008_node_25,97.2,0.0507033788933174,0.22189554185269583,2.0,1.0,0.0,0.0031754589490744648,0.001341628061399775,2.0,8.0,0.375,0.3125,0.1875,1.0,,,,
dt008,dt008_node_26,49.7,0.00674132665982214,0.20843717483952515,2.0,1.0,0.0,0.0204458786908667,0.0204458786908667,2.0,8.0,0.375,0.3125,0.1875,1.0,,,,
dt008,dt008_node_27,31.0,0.0143526770265363,0.15617719541456662,8.0,4.0,0.25,0.00696925866115224,0.0037582459143933595,2.0,8.0,0.375,0.3125,0.1875,1.0,,,,
dt008,dt008_node_28,4.1000000000000005,0.000356379473243164,0.14218089786127347,3.0,1.5,0.3333333333333333,0.05293480453815751,0.04944801571468449,2.0,8.0,0.375,0.3125,0.1875,1.0,,,,
dt008,dt008_node_29,94.3,0.0463687123848909,0.18155840375003035,3.0,1.5,0.3333333333333333,0.03733565730917635,0.028040600206266152,2.0,8.0,0.375,0.3125,0.1875,1.0,,,,
dt008,dt008_node_30,26.1,0.0107275045755456,0.16690469999011223,5.0,2.5,0.2,0.007277828498795065,0.0030938880246491355,2.0,8.0,0.375,0.3125,0.1875,1.0,,,,
dt008,dt008_node_31,25.8,0.00321101274675888,0.1593882081613255,3.0,1.5,0.3333333333333333,0.11032626274003675,0.014424425084914247,2.0,8.0,0.375,0.3125,0.1875,1.0,,,,
dt008,dt008_node_32,7.5,0.00348678882347302,0.1456676866847465,2.0,1.0,0.0,0.1169110752018385,0.00010128751414150566,2.0,8.0,0.375,0.3125,0.1875,1.0,,,,
dt008,dt008_node_33,65.8,0.0092950571029102,0.19085346085294055,2.0,1.0,0.0,0.05691426642028555,0.005170935491576149,2.0,8.0,0.375,0.3125,0.1875,1.0,,,,
dt008,dt008_node_34,31.1,0.0103717165234442,0.17727641651355644,3.0,1.5,0.3333333333333333,0.074361230183192,0.06466672014020199,2.0,8.0,0.375,0.3125,0.1875,1.0,,,,
dt008,dt008_node_35,33.5,0.00418394047414593,0.17108864046425817,2.0,1.0,0.0,0.10431937432566271,0.007699645069314302,2.0,8.0,0.375,0.3125,0.1875,1.0,,,,
dt008,dt008_node_36,100.0,0.124750687824951,0.2841388959862765,2.0,1.0,0.0,0.001529122335767968,0.001100516572745412,2.0,8.0,0.375,0.3125,0.1875,1.0,,,,
dt008,dt008_node_37,55.00000000000001,0.00969451004299003,0.18697092655654646,2.0,1.0,0.0,0.117355420440476,0.005138057198832001,2.0,8.0,0.375,0.3125,0.1875,1.0,,,,
dt009,dt009_node_0,100.0,0.0623144634250042,0.0623144634250042,60.0,30.0,0.9666666666666667,0.013709246832498065,0.007114507229801434,2.0,8.0,0.3125,0.5625,0.4375,1.0,,,,
dt009,dt009_node_1,100.0,0.190045303650874,0.190045303650874,2.0,1.0,0.0,0.1525376729686135,0.1525376729686135,2.0,8.0,0.3125,0.5625,0.4375,1.0,,,,
dt009,dt009_node_2,54.900000000000006,0.00659473960269663,0.06890920302770083,59.0,29.5,0.3898305084745763,0.0116258989300116,0.0009306249558917994,2.0,8.0,0.3125,0.5625,0.4375,1.0,,,,
dt009,dt009_node_3,87.3,0.0106952739741198,0.07960447700182063,41.0,20.5,0.3170731707317073,0.0148732578423061,0.0009474473023396998,2.0,8.0,0.3125,0.5625,0.4375,1.0,,,,
dt009,dt009_node_4,93.10000000000001,0.0125565238859034,0.08146572691360424,18.0,9.0,0.8888888888888888,0.001933423822726408,0.0012009265882782822,2.0,8.0,0.3125,0.5625,0.4375,1.0,,,,
dt009,dt009_node_5,97.3,0.0139258105399664,0.09353028754178704,27.0,13.5,0.9259259259259259,0.013837411932454548,0.00360751118620765,2.0,8.0,0.3125,0.5625,0.4375,1.0,,,,
dt009,dt009_node_6,98.9,0.0158207051446458,0.09542518214646643,14.0,7.0,0.0,0.005598524311093251,0.003995605816247,2.0,8.0,0.3125,0.5625,0.4375,1.0,,,,
dt009,dt009_node_7,27.6,0.000732497234448126,0.08219822414805236,17.0,8.5,0.4117647058823529,0.0016979506914815265,0.0008547676766542834,2.0,8.0,0.3125,0.5625,0.4375,1.0,,,,
dt009,dt009_node_8,98.5,0.0102299007462469,0.10376018828803393,26.0,13.0,0.6923076923076923,0.012049982202709569,0.00323971166906913,2.0,8.0,0.3125,0.5625,0.4375,1.0,,,,
dt009,dt009_node_9,42.6,0.00160291849484625,0.09702810064131269,7.0,3.5,0.42857142857142855,0.00802672043725507,0.0003472218456773003,2.0,8.0,0.3125,0.5625,0.4375,1.0,,,,
dt009,dt009_node_10,98.1,0.00959413012734025,0.10501931227380669,7.0,3.5,0.7142857142857143,0.000565849016677635,0.00029164109894799897,2.0,8.0,0.3125,0.5625,0.4375,1.0,,,,
dt009,dt009_node_11,76.9,0.00255271836813581,0.08475094251618817,5.0,2.5,0.6,0.0005533471039725905,0.00035918672803809346,2.0,8.0,0.3125,0.5625,0.4375,1.0,,,,
dt009,dt009_node_12,25.1,0.000843183014827243,0.08304140716287961,12.0,6.0,0.8333333333333334,0.0005990603413969266,0.0005175743680640534,2.0,8.0,0.3125,0.5625,0.4375,1.0,,,,
dt009,dt009_node_13,100.0,0.0152896938717787,0.11904988215981263,22.0,11.0,0.9090909090909091,0.006208808562255965,0.0015937671125137646,2.0,8.0,0.3125,0.5625,0.4375,1.0,,,,
dt009,dt009_node_14,99.0,0.00881027053364044,0.11257045882167438,4.0,2.0,0.5,0.0064637116310351005,0.003997890302617501,2.0,8.0,0.3125,0.5625,0.4375,1.0,,,,
dt009,dt009_node_15,99.3,0.00767949859157777,0.10470759923289046,5.0,2.5,0.6,0.0005461599739333225,0.00035414527330809853,2.0,8.0,0.3125,0.5625,0.4375,1.0,,,,
dt009,dt009_node_16,98.5,0.00837394228293237,0.10540204292424506,2.0,1.0,0.0,0.001583848033588395,0.001583848033588395,2.0,8.0,0.3125,0.5625,0.4375,1.0,,,,
dt009,dt009_node_17,37.3,0.000274207917729636,0.10529352019153633,6.0,3.0,0.6666666666666666,0.0005461446526568825,0.00021780359975222952,2.0,8.0,0.3125,0.5625,0.4375,1.0,,,,
dt009,dt009_node_18,54.1,0.000912533832010684,0.08566347634819886,4.0,2.0,0.5,0.0001076293470943575,0.0001076293470943575,2.0,8.0,0.3125,0.5625,0.4375,1.0,,,,
dt009,dt009_node_19,26.6,8.14859733328732e-05,0.08312289313621249,11.0,5.5,0.8181818181818182,0.0005515934491936787,0.0005159668269640112,2.0,8.0,0.3125,0.5625,0.4375,1.0,,,,
dt009,dt009_node_20,95.0,0.0046150414497422,0.12366492360955483,21.0,10.5,0.9047619047619048,0.0011333075521509136,0.0008579501268305666,2.0,8.0,0.3125,0.5625,0.4375,1.0,,,,
dt009,dt009_node_21,72.8,0.0024658213284176,0.11503628015009199,3.0,1.5,0.3333333333333333,0.0108101927105009,0.004467184938823399,2.0,8.0,0.3125,0.5625,0.4375,1.0,,,,
dt009,dt009_node_22,33.900000000000006,0.000192014700625224,0.10489961393351568,4.0,2.0,0.5,0.0005582276870356285,0.00016986926822573547,2.0,8.0,0.3125,0.5625,0.4375,1.0,,,,
dt009,dt009_node_23,29.599999999999998,0.000328341052904653,0.10562186124444098,5.0,2.5,0.6,0.00054899949004865,6.914643259664201e-05,2.0,8.0,0.3125,0.5625,0.4375,1.0,,,,
dt009,dt009_node_24,48.8,0.000215258694188715,0.08587873504238758,3.0,1.5,0.3333333333333333,0.000554915899688964,0.000185528732981509,2.0,8.0,0.3125,0.5625,0.4375,1.0,,,,
dt009,dt009_node_25,10.9,3.56266222296675e-05,0.08315851975844216,10.0,5.0,0.8,3.44052392326089e-05,3.44052392326089e-05,2.0,8.0,0.3125,0.5625,0.4375,1.0,,,,
dt009,dt009_node_26,87.6,0.00199125767898148,0.1256561812885363,20.0,10.0,0.9,0.0004700554784880848,0.00044939295577518616,2.0,8.0,0.3125,0.5625,0.4375,1.0,,,,
dt009,dt009_node_27,95.1,0.0063430077716775,0.12137928792176948,2.0,1.0,0.0,0.00356355475446657,0.0009523395757061101,2.0,8.0,0.3125,0.5625,0.4375,1.0,,,,
dt009,dt009_node_28,27.6,0.000388358418809893,0.10528797235232558,3.0,1.5,0.3333333333333333,8.29378986720375e-05,8.29378986720375e-05,2.0,8.0,0.3125,0.5625,0.4375,1.0,,,,
dt009,dt009_node_29,30.4,0.000618145922645292,0.10624000716708627,4.0,2.0,0.5,0.000182796401107769,0.000182796401107769,2.0,8.0,0.3125,0.5625,0.4375,1.0,,,,
dt009,dt009_node_30,52.1,0.000369387166707455,0.08624812220909503,2.0,1.0,0.0,0.0017817407630881155,0.0012523343119548544,2.0,8.0,0.3125,0.5625,0.4375,1.0,,,,
dt009,dt009_node_31,10.9,6.88104784652178e-05,0.08322733023690737,9.0,4.5,0.7777777777777778,0.0005461672770072237,0.0004550197698805764,2.0,8.0,0.3125,0.5625,0.4375,1.0,,,,
dt009,dt009_node_32,61.5,0.000919448434263271,0.1265756297227996,19.0,9.5,0.8947368421052632,0.0005304943727800296,0.00041564530626510553,2.0,8.0,0.3125,0.5625,0.4375,1.0,,,,
dt009,dt009_node_33,14.899999999999999,0.000165875797344075,0.10545384814966965,2.0,1.0,0.0,0.00178395411736074,0.0007811953381068,2.0,8.0,0.3125,0.5625,0.4375,1.0,,,,
dt009,dt009_node_34,32.2,0.000365592802215538,0.10660559996930181,3.0,1.5,0.3333333333333333,0.00054596678279743,0.00041321791525567703,2.0,8.0,0.3125,0.5625,0.4375,1.0,,,,
dt009,dt009_node_35,7.3,9.11475071266472e-05,0.08331847774403402,8.0,4.0,0.75,0.0005461502356936282,0.00045256305312494293,2.0,8.0,0.3125,0.5625,0.4375,1.0,,,,
dt009,dt009_node_36,24.7,0.000114849066514924,0.12669047878931453,18.0,9.0,0.8888888888888888,0.0005305098800028521,0.0004943747918726678,2.0,8.0,0.3125,0.5625,0.4375,1.0,,,,
dt009,dt009_node_37,24.9,0.000132748867541753,0.10673834883684356,2.0,1.0,0.0,0.001140943375778242,0.000288262734336438,2.0,8.0,0.3125,0.5625,0.4375,1.0,,,,
dt009,dt009_node_38,5.6000000000000005,9.35871825686852e-05,0.0834120649266027,7.0,3.5,0.7142857142857143,0.0005471082714622395,0.0004236753828684685,2.0,8.0,0.3125,0.5625,0.4375,1.0,,,,
dt009,dt009_node_39,17.8,3.61350881301843e-05,0.12672661387744472,17.0,8.5,0.8823529411764706,0.0005427631333396627,0.0005142303220738974,2.0,8.0,0.3125,0.5625,0.4375,1.0,,,,
dt009,dt009_node_40,6.1,0.000123432888593771,0.08353549781519648,6.0,3.0,0.6666666666666666,0.000591282785370764,0.00026640505035274703,2.0,8.0,0.3125,0.5625,0.4375,1.0,,,,
dt009,dt009_node_41,18.5,2.85328112657654e-05,0.1267551466887105,16.0,8.0,0.75,0.00027870675437829804,0.00027449428825168686,2.0,8.0,0.3125,0.5625,0.4375,1.0,,,,
dt009,dt009_node_42,28.999999999999996,0.000324877735018017,0.0838603755502145,5.0,2.5,0.6,0.0005569225368512723,0.0004988484807318378,2.0,8.0,0.3125,0.5625,0.4375,1.0,,,,
dt009,dt009_node_43,12.4,4.21246612661116e-06,0.1267593591548371,14.0,7.0,0.8571428571428571,9.74589061218305e-07,9.74589061218305e-07,2.0,8.0,0.3125,0.5625,0.4375,1.0,,,,
dt009,dt009_node_44,65.7,0.000553201042629985,0.12730834773134048,2.0,1.0,0.0,0.001120228975339045,0.0005849775334516849,2.0,8.0,0.3125,0.5625,0.4375,1.0,,,,
dt009,dt009_node_45,26.6,5.80740561194345e-05,0.08391844960633393,4.0,2.0,0.5,0.0005571218514066075,0.0005059626204194225,2.0,8.0,0.3125,0.5625,0.4375,1.0,,,,
dt009,dt009_node_46,1.2,1.94917812243661e-06,0.12676130833295954,13.0,6.5,0.6923076923076923,3.140088613666005e-06,7.283097401110348e-07,2.0,8.0,0.3125,0.5625,0.4375,1.0,,,,
dt009,dt009_node_47,10.8,5.1159230987185e-05,0.08396960883732112,3.0,1.5,0.3333333333333333,0.0005581100338038398,0.0005084499007406301,2.0,8.0,0.3125,0.5625,0.4375,1.0,,,,
dt009,dt009_node_48,2.5,2.41177887355497e-06,0.1267637201118331,11.0,5.5,0.8181818181818182,0.0005470351433813839,0.000546661629410316,2.0,8.0,0.3125,0.5625,0.4375,1.0,,,,
dt009,dt009_node_49,38.6,3.86839835377704e-06,0.12676517673131332,2.0,1.0,0.0,0.001104148137763575,3.8018399744450338e-06,2.0,8.0,0.3125,0.5625,0.4375,1.0,,,,
dt009,dt009_node_50,13.200000000000001,4.96601330632098e-05,0.08401926897038432,2.0,1.0,0.0,0.00111503146447534,9.581046475537003e-05,2.0,8.0,0.3125,0.5625,0.4375,1.0,,,,
dt009,dt009_node_51,1.2,3.73513971067945e-07,0.12676409362580415,10.0,5.0,0.8,0.000545858159811231,0.0005457482867758392,2.0,8.0,0.3125,0.5625,0.4375,1.0,,,,
dt009,dt009_node_52,1.0999999999999999,1.09873035391827e-07,0.12676420349883954,9.0,4.5,0.7777777777777778,0.0005459488593934471,0.000545893866847913,2.0,8.0,0.3125,0.5625,0.4375,1.0,,,,
dt009,dt009_node_53,0.8,5.49925455341563e-08,0.1267642584913851,8.0,4.0,0.75,0.0005471248315019366,0.0005470977654439334,2.0,8.0,0.3125,0.5625,0.4375,1.0,,,,
dt009,dt009_node_54,1.5,2.70660580032429e-08,0.1267642855574431,7.0,3.5,0.7142857142857143,0.0005459725314958795,0.0005459564700149105,2.0,8.0,0.3125,0.5625,0.4375,1.0,,,,
dt009,dt009_node_55,1.0,1.60614809690054e-08,0.12676430161892407,6.0,3.0,0.6666666666666666,0.0005461732669234762,0.0005461527513698939,2.0,8.0,0.3125,0.5625,0.4375,1.0,,,,
dt009,dt009_node_56,1.4000000000000001,2.05155535823454e-08,0.12676432213447766,5.0,2.5,0.6,0.0005459755432990185,0.0005459485778487314,2.0,8.0,0.3125,0.5625,0.4375,1.0,,,,
dt009,dt009_node_57,2.1999999999999997,2.69654502870383e-08,0.12676434909992795,4.0,2.0,0.5,0.0005459755432990186,0.0005459358413988813,2.0,8.0,0.3125,0.5625,0.4375,1.0,,,,
dt009,dt009_node_58,2.7,3.97019001372595e-08,0.12676438880182808,3.0,1.5,0.3333333333333333,0.0005459755432990171,0.000545857206515553,2.0,8.0,0.3125,0.5625,0.4375,1.0,,,,
dt009,dt009_node_59,11.3,1.1833678346418e-07,0.12676450713861154,2.0,1.0,0.0,0.00163906542288581,0.0005473190853251699,2.0,8.0,0.3125,0.5625,0.4375,1.0,,,,
dt010,dt010_node_0,99.8,0.0382419470134935,0.0382419470134935,7.0,3.5,0.14285714285714285,0.07749318755638175,0.00119282678585525,2.0,8.0,0.0625,0.20535714285714285,0.08035714285714285,0.8571428571428571,,,,
dt010,dt010_node_1,78.9,0.0166620387390607,0.0166620387390607,5.0,2.5,0.2,0.097313772620658,0.016554077669146003,2.0,8.0,0.0625,0.20535714285714285,0.08035714285714285,0.8571428571428571,,,,
dt010,dt010_node_2,51.6,0.0110273916748438,0.0110273916748438,5.0,2.5,0.6,0.0790310982307017,0.0668395338984573,2.0,8.0,0.0625,0.20535714285714285,0.08035714285714285,0.8571428571428571,,,,
dt010,dt010_node_3,99.9,0.0763003607705265,0.11454230778402,4.0,2.0,0.5,3.96759372049832e-05,3.96759372049832e-05,2.0,8.0,0.0625,0.20535714285714285,0.08035714285714285,0.8571428571428571,,,,
dt010,dt010_node_4,100.0,0.078686014342237,0.1169279613557305,3.0,1.5,0.3333333333333333,0.0269953172340121,0.0017770067080589008,2.0,8.0,0.0625,0.20535714285714285,0.08035714285714285,0.8571428571428571,,,,
dt010,dt010_node_5,100.0,0.080759694951512,0.09742173369057269,2.0,1.0,0.0,0.04366644759171525,0.0013584557801780486,2.0,8.0,0.0625,0.20535714285714285,0.08035714285714285,0.8571428571428571,,,,
dt010,dt010_node_6,100.0,0.113867850289804,0.1305298890288647,3.0,1.5,0.3333333333333333,0.0015571933642042008,0.0008737205715074889,2.0,8.0,0.0625,0.20535714285714285,0.08035714285714285,0.8571428571428571,,,,
dt010,dt010_node_7,63.1,0.0121915643322444,0.0232189560070882,4.0,2.0,0.0,0.016293402040334023,0.012279871514980976,2.0,8.0,0.0625,0.20535714285714285,0.08035714285714285,0.8571428571428571,,,,
dt010,dt010_node_8,56.10000000000001,7.93518744099664e-05,0.11462165965842996,3.0,1.5,0.3333333333333333,6.9457776897449e-05,6.9457776897449e-05,2.0,8.0,0.0625,0.20535714285714285,0.08035714285714285,0.8571428571428571,,,,
dt010,dt010_node_9,94.89999999999999,0.028772323942071,0.1457002852978015,2.0,1.0,0.0,0.003053941984631345,0.0015389323605859051,2.0,8.0,0.0625,0.20535714285714285,0.08035714285714285,0.8571428571428571,,,,
dt010,dt010_node_10,63.9,0.00243091393571169,0.13296080296457638,2.0,1.0,0.0,0.000209871910841919,0.000209871910841919,2.0,8.0,0.0625,0.20535714285714285,0.08035714285714285,0.8571428571428571,,,,
dt010,dt010_node_11,93.60000000000001,0.028573273555315,0.0517922295624032,2.0,1.0,0.0,0.09373159271344375,0.0051447984979443445,2.0,8.0,0.0625,0.20535714285714285,0.08035714285714285,0.8571428571428571,,,,
dt010,dt010_node_12,41.3,0.00401353052535305,0.02723248653244125,2.0,1.0,0.0,0.13335485826306798,0.005513713195592004,2.0,8.0,0.0625,0.20535714285714285,0.08035714285714285,0.8571428571428571,,,,
dt010,dt010_node_13,38.6,0.000138915553794898,0.11476057521222487,2.0,1.0,0.0,0.001524080523220475,0.00011195851224651495,2.0,8.0,0.0625,0.20535714285714285,0.08035714285714285,0.8571428571428571,,,,
dt011,dt011_node_0,67.5,0.332878011386968,0.332878011386968,41.0,20.5,0.9512195121951219,0.0367886593991754,0.0367886593991754,2.0,8.0,0.125,0.3958333333333333,0.2708333333333333,0.8333333333333334,,,,
dt011,dt011_node_1,100.0,5.86792448691514,5.86792448691514,2.0,1.0,0.0,0.814777491812391,0.439005953850879,2.0,8.0,0.125,0.3958333333333333,0.2708333333333333,0.8333333333333334,,,,
dt011,dt011_node_2,28.299999999999997,0.0735773187983508,0.40645533018531876,40.0,20.0,0.95,0.0073202312389969,0.0073202312389969,2.0,8.0,0.125,0.3958333333333333,0.2708333333333333,0.8333333333333334,,,,
dt011,dt011_node_3,1.0,0.0146404624779938,0.42109579266331254,39.0,19.5,0.9487179487179487,0.00272739726950483,0.00272739726950483,2.0,8.0,0.125,0.3958333333333333,0.2708333333333333,0.8333333333333334,,,,
dt011,dt011_node_4,0.8999999999999999,0.00545479453900966,0.4265505872023222,38.0,19.0,0.9473684210526315,0.001616634150052405,0.001616634150052405,2.0,8.0,0.125,0.3958333333333333,0.2708333333333333,0.8333333333333334,,,,
dt011,dt011_node_5,0.5,0.00323326830010481,0.429783855502427,37.0,18.5,0.9459459459459459,0.001024304573611605,0.001024304573611605,2.0,8.0,0.125,0.3958333333333333,0.2708333333333333,0.8333333333333334,,,,
dt011,dt011_node_6,1.0999999999999999,0.00204860914722321,0.4318324646496502,36.0,18.0,0.9444444444444444,0.00949569631966815,0.00949569631966815,2.0,8.0,0.125,0.3958333333333333,0.2708333333333333,0.8333333333333334,,,,
dt011,dt011_node_7,2.9000000000000004,0.0189913926393363,0.4508238572889865,35.0,17.5,0.8285714285714286,0.01520115583009431,0.00870701785266619,2.0,8.0,0.125,0.3958333333333333,0.2708333333333333,0.8333333333333334,,,,
dt011,dt011_node_8,4.3999999999999995,0.0239081736827605,0.474732030971747,32.0,16.0,0.5625,0.02154590583222565,0.003105195420968751,2.0,8.0,0.125,0.3958333333333333,0.2708333333333333,0.8333333333333334,,,,
dt011,dt011_node_9,69.6,0.00649413797742812,0.4573179952664146,3.0,1.5,0.3333333333333333,0.00223937598163471,7.568017851717983e-05,2.0,8.0,0.125,0.3958333333333333,0.2708333333333333,0.8333333333333334,,,,
dt011,dt011_node_10,81.6,0.0246511012531944,0.4993831322249414,25.0,12.5,0.68,0.014340782758572,0.0020749408723821005,2.0,8.0,0.125,0.3958333333333333,0.2708333333333333,0.8333333333333334,,,,
dt011,dt011_node_11,6.3,0.0184407104112569,0.4931727413830039,7.0,3.5,0.42857142857142855,0.020029586981644802,0.011941015567895194,2.0,8.0,0.125,0.3958333333333333,0.2708333333333333,0.8333333333333334,,,,
dt011,dt011_node_12,31.5,0.00216369580311753,0.4594816910695321,2.0,1.0,0.0,0.01081837864378455,0.0007893500491389493,2.0,8.0,0.125,0.3958333333333333,0.2708333333333333,0.8333333333333334,,,,
dt011,dt011_node_13,72.3,0.0122658418861899,0.5116489741111313,21.0,10.5,0.3333333333333333,0.01729740824731795,0.00154337183684085,2.0,8.0,0.125,0.3958333333333333,0.2708333333333333,0.8333333333333334,,,,
dt011,dt011_node_14,90.2,0.0164157236309541,0.5157988558558955,4.0,2.0,0.5,0.019265308761648052,0.0017180303608899505,2.0,8.0,0.125,0.3958333333333333,0.2708333333333333,0.8333333333333334,,,,
dt011,dt011_node_15,64.8,0.03197060254954,0.5251433439325439,2.0,1.0,0.0,0.14130083562753226,0.04887554623280075,2.0,8.0,0.125,0.3958333333333333,0.2708333333333333,0.8333333333333334,,,,
dt011,dt011_node_16,2.7,0.00808857141374961,0.5012613127967535,5.0,2.5,0.6,0.048746414775374836,0.04306737536066377,2.0,8.0,0.125,0.3958333333333333,0.2708333333333333,0.8333333333333334,,,,
dt011,dt011_node_17,91.9,0.0157540364104771,0.5274030105216084,14.0,7.0,0.8571428571428571,0.0114323336356025,0.00014078341643059943,2.0,8.0,0.125,0.3958333333333333,0.2708333333333333,0.8333333333333334,,,,
dt011,dt011_node_18,99.8,0.0188407800841588,0.5304897541952901,7.0,3.5,0.7142857142857143,0.002163291445004645,0.0005795982480544951,2.0,8.0,0.125,0.3958333333333333,0.2708333333333333,0.8333333333333334,,,,
dt011,dt011_node_19,91.4,0.020983339122538,0.5367821949784335,3.0,1.5,0.3333333333333333,9.87531554398045e-05,9.87531554398045e-05,2.0,8.0,0.125,0.3958333333333333,0.2708333333333333,0.8333333333333334,,,,
dt011,dt011_node_20,6.0,0.00567903941471107,0.5069403522114645,4.0,2.0,0.5,0.03493504838262897,0.02619700006832873,2.0,8.0,0.125,0.3958333333333333,0.2708333333333333,0.8333333333333334,,,,
dt011,dt011_node_21,92.2,0.0112915502191719,0.5386945607407804,13.0,6.5,0.8461538461538461,0.000632498604102615,0.000632498604102615,2.0,8.0,0.125,0.3958333333333333,0.2708333333333333,0.8333333333333334,,,,
dt011,dt011_node_22,45.300000000000004,0.00158369319695015,0.5320734473922403,6.0,3.0,0.6666666666666666,0.0007455259957240245,7.0185883614995144e-06,2.0,8.0,0.125,0.3958333333333333,0.2708333333333333,0.8333333333333334,,,,
dt011,dt011_node_23,63.2,0.000197506310879609,0.536979701289313,2.0,1.0,0.0,0.0001896060584444335,0.0001896060584444335,2.0,8.0,0.125,0.3958333333333333,0.2708333333333333,0.8333333333333334,,,,
dt011,dt011_node_24,14.799999999999999,0.00873804831430024,0.5156784005257647,3.0,1.5,0.3333333333333333,0.05351373771113545,0.010877563332196149,2.0,8.0,0.125,0.3958333333333333,0.2708333333333333,0.8333333333333334,,,,
dt011,dt011_node_25,52.1,0.00126499720820523,0.5399595579489856,12.0,6.0,0.8333333333333334,0.00069166718423601,0.000206167499103056,2.0,8.0,0.125,0.3958333333333333,0.2708333333333333,0.8333333333333334,,,,
dt011,dt011_node_26,27.700000000000003,0.000752544584085524,0.5328259919763259,5.0,2.5,0.6,0.0007417116130355515,0.00026838666179846847,2.0,8.0,0.125,0.3958333333333333,0.2708333333333333,0.8333333333333334,,,,
dt011,dt011_node_27,93.7,0.0426361743789393,0.558314574904704,2.0,1.0,0.0,0.021648744448268947,0.0052249767351965504,2.0,8.0,0.125,0.3958333333333333,0.2708333333333333,0.8333333333333334,,,,
dt011,dt011_node_28,41.0,0.000485499685132954,0.5404450576341187,11.0,5.5,0.8181818181818182,7.16806426912095e-07,7.16806426912095e-07,2.0,8.0,0.125,0.3958333333333333,0.2708333333333333,0.8333333333333334,,,,
dt011,dt011_node_29,22.6,0.00101009827483402,0.5338360902511599,4.0,2.0,0.0,0.0007544215949512486,0.00016207876404982755,2.0,8.0,0.125,0.3958333333333333,0.2708333333333333,0.8333333333333334,,,,
dt011,dt011_node_30,5.2,1.43361285382419e-06,0.5404464912469725,10.0,5.0,0.8,7.16806426912095e-07,7.16806426912095e-07,2.0,8.0,0.125,0.3958333333333333,0.2708333333333333,0.8333333333333334,,,,
dt011,dt011_node_31,21.4,0.000592342830901421,0.5344284330820612,2.0,1.0,0.0,0.001535173748207655,0.001535173748207655,2.0,8.0,0.125,0.3958333333333333,0.2708333333333333,0.8333333333333334,,,,
dt011,dt011_node_32,54.50000000000001,0.000916500359001076,0.5347525906101609,2.0,1.0,0.0,0.000782698679692775,0.000782698679692775,2.0,8.0,0.125,0.3958333333333333,0.2708333333333333,0.8333333333333334,,,,
dt011,dt011_node_33,4.1000000000000005,1.43361285382419e-06,0.5404479248598264,9.0,4.5,0.7777777777777778,7.16806426912095e-07,7.16806426912095e-07,2.0,8.0,0.125,0.3958333333333333,0.2708333333333333,0.8333333333333334,,,,
dt011,dt011_node_34,4.1000000000000005,1.43361285382419e-06,0.5404493584726803,8.0,4.0,0.75,9.55741902549465e-07,9.55741902549465e-07,2.0,8.0,0.125,0.3958333333333333,0.2708333333333333,0.8333333333333334,,,,
dt011,dt011_node_35,4.1000000000000005,1.91148380509893e-06,0.5404512699564854,7.0,3.5,0.7142857142857143,1.433612853824195e-06,1.433612853824195e-06,2.0,8.0,0.125,0.3958333333333333,0.2708333333333333,0.8333333333333334,,,,
dt011,dt011_node_36,4.6,2.86722570764839e-06,0.540454137182193,6.0,3.0,0.6666666666666666,2.29378056611871e-06,2.29378056611871e-06,2.0,8.0,0.125,0.3958333333333333,0.2708333333333333,0.8333333333333334,,,,
dt011,dt011_node_37,4.6,4.58756113223742e-06,0.5404587247433252,5.0,2.5,0.6,3.82296761019785e-06,3.82296761019785e-06,2.0,8.0,0.125,0.3958333333333333,0.2708333333333333,0.8333333333333334,,,,
dt011,dt011_node_38,4.6,7.6459352203957e-06,0.5404663706785456,4.0,2.0,0.5,6.5536587603392e-06,6.5536587603392e-06,2.0,8.0,0.125,0.3958333333333333,0.2708333333333333,0.8333333333333334,,,,
dt011,dt011_node_39,24.4,1.31073175206784e-05,0.5404794779960663,3.0,1.5,0.3333333333333333,2.03891605877219e-05,2.03891605877219e-05,2.0,8.0,0.125,0.3958333333333333,0.2708333333333333,0.8333333333333334,,,,
dt011,dt011_node_40,32.300000000000004,4.07783211754438e-05,0.5405202563172418,2.0,1.0,0.0,0.0118429970490557,0.0118429970490557,2.0,8.0,0.125,0.3958333333333333,0.2708333333333333,0.8333333333333334,,,,
dt012,dt012_node_0,45.1,0.00134592392167282,0.00134592392167282,29.0,14.5,0.7931034482758621,0.001377974340374105,0.0002468971445293049,2.0,8.0,0.375,0.3125,0.1875,0.5,,,,
dt012,dt012_node_1,51.5,0.00162487148490341,0.00297079540657623,26.0,13.0,0.9230769230769231,0.0032413320427318046,0.001646445005954785,2.0,8.0,0.375,0.3125,0.1875,0.5,,,,
dt012,dt012_node_2,43.2,0.0011310771958448,0.00247700111751762,3.0,1.5,0.3333333333333333,0.01108692874716097,0.008999675898489929,2.0,8.0,0.375,0.3125,0.1875,0.5,,,,
dt012,dt012_node_3,62.5,0.00159488703677702,0.00456568244335325,25.0,12.5,0.6,0.00223737993007018,4.260764024847019e-05,2.0,8.0,0.375,0.3125,0.1875,0.5,,,,
dt012,dt012_node_4,99.4,0.0200866046456509,0.02256360576316852,2.0,1.0,0.0,0.0,0.0,2.0,8.0,0.375,0.3125,0.1875,0.5,,,,
dt012,dt012_node_5,53.6,0.00219477228982171,0.006760454733174959,20.0,10.0,0.8,0.0030779955479237,0.00079032557148177,2.0,8.0,0.375,0.3125,0.1875,0.5,,,,
dt012,dt012_node_6,63.4,0.00227998757031865,0.0068456700136719,5.0,2.5,0.6,7.20643886313155e-06,7.20643886313155e-06,2.0,8.0,0.375,0.3125,0.1875,0.5,,,,
dt012,dt012_node_7,55.1,0.00386832111940547,0.01062877585258043,18.0,9.0,0.8888888888888888,0.0021874177306291254,0.0016579822996965344,2.0,8.0,0.375,0.3125,0.1875,0.5,,,,
dt012,dt012_node_8,71.8,0.00228766997644193,0.009048124709616889,2.0,1.0,0.0,0.00440531484107746,0.0022260429692330403,2.0,8.0,0.375,0.3125,0.1875,0.5,,,,
dt012,dt012_node_9,63.1,1.44128777262631e-05,0.006860082891398164,4.0,2.0,0.5,8.93454684892575e-06,8.93454684892575e-06,2.0,8.0,0.375,0.3125,0.1875,0.5,,,,
dt012,dt012_node_10,36.3,0.000529435430932591,0.011158211283513022,17.0,8.5,0.8823529411764706,0.00219827602926475,0.0021724955146842704,2.0,8.0,0.375,0.3125,0.1875,0.5,,,,
dt012,dt012_node_11,58.699999999999996,1.78690936978515e-05,0.006877951985096015,3.0,1.5,0.3333333333333333,0.00440531484107746,0.0,2.0,8.0,0.375,0.3125,0.1875,0.5,,,,
dt012,dt012_node_12,17.9,2.57805145804795e-05,0.011183991798093502,16.0,8.0,0.875,2.88452829023318e-06,2.88452829023318e-06,2.0,8.0,0.375,0.3125,0.1875,0.5,,,,
dt012,dt012_node_13,71.8,0.00440531484107746,0.011283266826173475,2.0,1.0,0.0,0.0,0.0,2.0,8.0,0.375,0.3125,0.1875,0.5,,,,
dt012,dt012_node_14,2.1,5.76905658046636e-06,0.011189760854673969,15.0,7.5,0.7333333333333333,1.13437869783949e-06,9.1397599447714e-07,2.0,8.0,0.375,0.3125,0.1875,0.5,,,,
dt012,dt012_node_15,0.0,2.2040270336235e-07,0.011189981257377331,13.0,6.5,0.07692307692307693,1.4625474768542498e-07,2.0422237012379977e-09,2.0,8.0,0.375,0.3125,0.1875,0.5,,,,
dt012,dt012_node_16,6.7,2.04835469231663e-06,0.011191809209366285,2.0,1.0,0.0,0.002201142702402055,0.002201142702402055,2.0,8.0,0.375,0.3125,0.1875,0.5,,,,
dt012,dt012_node_17,0.0,1.44212523984187e-07,0.011190125469901314,7.0,3.5,0.14285714285714285,1.2617637034223496e-06,9.163799069129806e-07,2.0,8.0,0.375,0.3125,0.1875,0.5,,,,
dt012,dt012_node_18,0.0,1.48296971386663e-07,0.011190129554348718,6.0,3.0,0.0,1.2290575052546235e-06,8.955127876863865e-07,2.0,8.0,0.375,0.3125,0.1875,0.5,,,,
dt012,dt012_node_19,2.8000000000000003,2.17814361033533e-06,0.01119230361351165,4.0,2.0,0.5,3.044038668921075e-06,3.044038668921075e-06,2.0,8.0,0.375,0.3125,0.1875,0.5,,,,
dt012,dt012_node_20,0.5,3.45383796509369e-07,0.011190470853697823,3.0,1.5,0.3333333333333333,0.002202657420538732,0.0022007793993483677,2.0,8.0,0.375,0.3125,0.1875,0.5,,,,
dt012,dt012_node_21,2.1,2.12457029294101e-06,0.011192254124641659,3.0,1.5,0.3333333333333333,3.07615649706352e-06,3.07615649706352e-06,2.0,8.0,0.375,0.3125,0.1875,0.5,,,,
dt012,dt012_node_22,1.0,3.33544717568237e-07,0.011190463099066286,3.0,1.5,0.3333333333333333,0.0022026574205387286,0.002200890249379272,2.0,8.0,0.375,0.3125,0.1875,0.5,,,,
dt012,dt012_node_23,13.200000000000001,6.08807733784215e-06,0.011198391690849492,3.0,1.5,0.3333333333333333,6.05497323255185e-06,6.05497323255185e-06,2.0,8.0,0.375,0.3125,0.1875,0.5,,,,
dt012,dt012_node_24,4.6,1.87802119036434e-06,0.011192348874888187,2.0,1.0,0.0,0.00220102881191791,0.00220102881191791,2.0,8.0,0.375,0.3125,0.1875,0.5,,,,
dt012,dt012_node_25,9.1,6.15231299412704e-06,0.011198406437635786,2.0,1.0,0.0,0.004411031323104225,0.004411031323104225,2.0,8.0,0.375,0.3125,0.1875,0.5,,,,
dt012,dt012_node_26,4.3999999999999995,1.76717115945672e-06,0.011192230270225742,2.0,1.0,0.0,0.00220094023043024,0.00220094023043024,2.0,8.0,0.375,0.3125,0.1875,0.5,,,,
dt012,dt012_node_27,45.9,1.21099464651037e-05,0.011210501637314596,2.0,1.0,0.0,0.00886109116640125,0.00886109116640125,2.0,8.0,0.375,0.3125,0.1875,0.5,,,,
dt015,dt015_node_0,99.8,0.617117699978413,0.617117699978413,40.0,20.0,0.95,0.1046032227626694,0.0823886830990976,2.0,8.0,0.375,0.5625,0.4375,1.0,,,,
dt015,dt015_node_1,64.9,0.213275126398493,0.213275126398493,3.0,1.5,0.3333333333333333,0.8582796785499796,0.25368005539944055,2.0,8.0,0.375,0.5625,0.4375,1.0,,,,
dt015,dt015_node_2,96.39999999999999,0.186991905861767,0.80410960584018,39.0,19.5,0.9487179487179487,0.0579688647333495,0.010051771463107304,2.0,8.0,0.375,0.5625,0.4375,1.0,,,,
dt015,dt015_node_3,99.6,0.604599623150539,0.8178747495490319,2.0,1.0,0.0,0.153983469710552,0.153983469710552,2.0,8.0,0.375,0.5625,0.4375,1.0,,,,
dt015,dt015_node_4,69.8,0.0680206361964568,0.8721302420366368,38.0,19.0,0.7368421052631579,0.027555387710940602,0.005279675741078901,2.0,8.0,0.375,0.5625,0.4375,1.0,,,,
dt015,dt015_node_5,27.3,0.0222757119698617,0.8944059540064985,33.0,16.5,0.9393939393939394,0.0473751616955274,0.0370947164011944,2.0,8.0,0.375,0.5625,0.4375,1.0,,,,
dt015,dt015_node_6,98.2,0.0328350634520195,0.9049653054886563,5.0,2.5,0.2,0.032473543674789204,0.0174693427742621,2.0,8.0,0.375,0.5625,0.4375,1.0,,,,
dt015,dt015_node_7,14.6,0.010280445294333,0.9046863993008315,32.0,16.0,0.25,0.007665897262130671,0.0011493604108968503,2.0,8.0,0.375,0.5625,0.4375,1.0,,,,
dt015,dt015_node_8,99.9,0.0499428864490513,0.9549081919377076,2.0,1.0,0.0,0.049715176805050304,0.0014050464504869985,2.0,8.0,0.375,0.5625,0.4375,1.0,,,,
dt015,dt015_node_9,99.4,0.0150042009005271,0.9199695063891834,3.0,1.5,0.3333333333333333,0.03654900459464733,0.030117324370709367,2.0,8.0,0.375,0.5625,0.4375,1.0,,,,
dt015,dt015_node_10,20.1,0.00881525767302752,0.913501656973859,20.0,10.0,0.8,0.01068085377006943,0.007008479652550871,2.0,8.0,0.375,0.5625,0.4375,1.0,,,,
dt015,dt015_node_11,9.3,0.00651653685123382,0.9112029361520653,12.0,6.0,0.3333333333333333,0.00279214341778114,0.0008375792585018499,2.0,8.0,0.375,0.5625,0.4375,1.0,,,,
dt015,dt015_node_12,83.2,0.00643168022393796,0.9264011866131213,2.0,1.0,0.0,0.07250846061828965,0.006050012882378747,2.0,8.0,0.375,0.5625,0.4375,1.0,,,,
dt015,dt015_node_13,32.4,0.00367237411751856,0.9171740310913775,18.0,9.0,0.4444444444444444,0.018893108468331102,0.0049843486060028004,2.0,8.0,0.375,0.5625,0.4375,1.0,,,,
dt015,dt015_node_14,92.4,0.0176893334226203,0.9311909903964792,2.0,1.0,0.0,0.09016459409307885,0.0032220683923498555,2.0,8.0,0.375,0.5625,0.4375,1.0,,,,
dt015,dt015_node_15,9.5,0.00195456415927929,0.9131575003113446,4.0,2.0,0.0,0.0159523711586256,0.0021722374540486004,2.0,8.0,0.375,0.5625,0.4375,1.0,,,,
dt015,dt015_node_16,13.900000000000002,0.00362972267628299,0.9148326588283483,8.0,4.0,0.5,0.0767435328075968,0.004921407338699196,2.0,8.0,0.375,0.5625,0.4375,1.0,,,,
dt015,dt015_node_17,67.2,0.0238774570743339,0.9410514881657114,13.0,6.5,0.38461538461538464,0.012503152361946466,0.004723353445911735,2.0,8.0,0.375,0.5625,0.4375,1.0,,,,
dt015,dt015_node_18,78.5,0.0139087598623283,0.9310827909537058,5.0,2.5,0.2,0.0215094065245383,0.0088307937078481,2.0,8.0,0.375,0.5625,0.4375,1.0,,,,
dt015,dt015_node_19,40.699999999999996,0.013780133704577,0.9269376340159216,2.0,1.0,0.0,0.14675256570623751,0.0038406636102584907,2.0,8.0,0.375,0.5625,0.4375,1.0,,,,
dt015,dt015_node_20,49.6,0.0181246086126742,0.9312821089240187,2.0,1.0,0.0,0.17903698964486,0.055257639563748996,2.0,8.0,0.375,0.5625,0.4375,1.0,,,,
dt015,dt015_node_21,100.0,0.081664940146296,0.9964975989746443,2.0,1.0,0.0,0.06724776380929465,0.008374786599355546,2.0,8.0,0.375,0.5625,0.4375,1.0,,,,
dt015,dt015_node_22,97.6,0.0718221254688976,0.986654784297246,6.0,3.0,0.6666666666666666,0.07765789914059415,0.03467671228231485,2.0,8.0,0.375,0.5625,0.4375,1.0,,,,
dt015,dt015_node_23,54.300000000000004,0.00777979891603473,0.9488312870817461,9.0,4.5,0.3333333333333333,0.0147423815697176,0.0030146998176672993,2.0,8.0,0.375,0.5625,0.4375,1.0,,,,
dt015,dt015_node_24,73.7,0.0172265058078582,0.9582779939735696,4.0,2.0,0.0,0.0300198452607012,0.0071305162624518,2.0,8.0,0.375,0.5625,0.4375,1.0,,,,
dt015,dt015_node_25,99.1,0.0303402002323864,0.9614229911860922,2.0,1.0,0.0,0.09933311186560839,0.0228907852171746,2.0,8.0,0.375,0.5625,0.4375,1.0,,,,
dt015,dt015_node_26,81.2,0.0126786128166902,0.9437614037703961,3.0,1.5,0.3333333333333333,0.06366236086106135,0.03086930745046715,2.0,8.0,0.375,0.5625,0.4375,1.0,,,,
dt015,dt015_node_27,97.7,0.0429811868582793,1.0296359711555252,5.0,2.5,0.2,0.018554614561069903,0.0038490156005979003,2.0,8.0,0.375,0.5625,0.4375,1.0,,,,
dt015,dt015_node_28,70.39999999999999,0.0117276817520503,0.9605589688337964,6.0,3.0,0.0,0.007395995634187945,0.0041106722431621555,2.0,8.0,0.375,0.5625,0.4375,1.0,,,,
dt015,dt015_node_29,99.3,0.0177570813873849,0.966588368469131,3.0,1.5,0.3333333333333333,0.0535430682524387,0.029631039740357402,2.0,8.0,0.375,0.5625,0.4375,1.0,,,,
dt015,dt015_node_30,78.5,0.0228893289982494,0.981167322971819,2.0,1.0,0.0,0.164138249791736,0.017110118184782003,2.0,8.0,0.375,0.5625,0.4375,1.0,,,,
dt015,dt015_node_31,98.8,0.037150361523153,0.9954283554967226,2.0,1.0,0.0,0.10823647919418145,0.01359283979147255,2.0,8.0,0.375,0.5625,0.4375,1.0,,,,
dt015,dt015_node_32,100.0,0.0327930534105942,0.9765544571809903,2.0,1.0,0.0,0.0753757813713267,0.0088079351821886,2.0,8.0,0.375,0.5625,0.4375,1.0,,,,
dt015,dt015_node_33,98.2,0.014705598960472,1.0443415701159973,2.0,1.0,0.0,0.07904672838917105,0.008446008184905748,2.0,8.0,0.375,0.5625,0.4375,1.0,,,,
dt015,dt015_node_34,97.7,0.0224036301616678,1.052039601317193,3.0,1.5,0.3333333333333333,0.0247579754728986,0.008069985219455702,2.0,8.0,0.375,0.5625,0.4375,1.0,,,,
dt015,dt015_node_35,45.2,0.00328532339102579,0.9638442922248223,3.0,1.5,0.3333333333333333,0.0672779004678731,0.054926133432502904,2.0,8.0,0.375,0.5625,0.4375,1.0,,,,
dt015,dt015_node_36,87.1,0.0115066678773501,0.9720656367111465,3.0,1.5,0.3333333333333333,0.04915669892138515,0.03904777437909815,2.0,8.0,0.375,0.5625,0.4375,1.0,,,,
dt015,dt015_node_37,99.8,0.0239120285120813,0.9905003969812123,2.0,1.0,0.0,0.09434559089543545,0.01820806808719555,2.0,8.0,0.375,0.5625,0.4375,1.0,,,,
dt015,dt015_node_38,94.5,0.0166879902534429,1.068727591570636,2.0,1.0,0.0,0.049297501133201346,0.018731769859142447,2.0,8.0,0.375,0.5625,0.4375,1.0,,,,
dt015,dt015_node_39,90.10000000000001,0.0123517670353702,0.9761960592601925,2.0,1.0,0.0,0.10982169080522644,0.03603783603040955,2.0,8.0,0.375,0.5625,0.4375,1.0,,,,
dt015,dt015_node_40,90.10000000000001,0.010108924542287,0.9821745612534335,2.0,1.0,0.0,0.098125073171066,0.01512739419406,2.0,8.0,0.375,0.5625,0.4375,1.0,,,,
dt017,dt017_node_0,72.1,0.00257056993265255,0.00257056993265255,51.0,25.5,0.49019607843137253,0.009771569183278475,0.0004182677611081244,2.0,8.0,0.375,0.3125,0.1875,1.0,,,,
dt017,dt017_node_1,100.0,0.0139153933396077,0.0139153933396077,12.0,6.0,0.8333333333333334,0.000697572901108481,0.00031935479050148897,2.0,8.0,0.375,0.3125,0.1875,1.0,,,,
dt017,dt017_node_2,100.0,0.0777273737333681,0.0777273737333681,2.0,1.0,0.0,0.000397419175334452,8.915661780161898e-05,2.0,8.0,0.375,0.3125,0.1875,1.0,,,,
dt017,dt017_node_3,99.7,0.0101898369443866,0.012760406877039148,38.0,19.0,0.5789473684210527,0.001858946802887891,0.001699293165155449,2.0,8.0,0.375,0.3125,0.1875,1.0,,,,
dt017,dt017_node_4,100.0,0.00935330142217035,0.0119238713548229,13.0,6.5,0.23076923076923078,0.0008013457877332485,0.00015758602893258845,2.0,8.0,0.375,0.3125,0.1875,1.0,,,,
dt017,dt017_node_5,29.299999999999997,0.000378218110606992,0.014293611450214691,11.0,5.5,0.8181818181818182,0.00039737658480941754,0.0002520741020929485,2.0,8.0,0.375,0.3125,0.1875,1.0,,,,
dt017,dt017_node_6,35.4,0.000159653637732442,0.01292006051477159,30.0,15.0,0.26666666666666666,0.00238022335913574,2.751703933819927e-06,2.0,8.0,0.375,0.3125,0.1875,1.0,,,,
dt017,dt017_node_7,85.3,0.00355823996804334,0.01631864684508249,8.0,4.0,0.75,0.001503102594898495,0.001314728981831365,2.0,8.0,0.375,0.3125,0.1875,1.0,,,,
dt017,dt017_node_8,53.2,0.00064375975880066,0.01256763111362356,5.0,2.5,0.6,0.0007993305853374275,0.00022960845989190252,2.0,8.0,0.375,0.3125,0.1875,1.0,,,,
dt017,dt017_node_9,60.9,0.000958931816665837,0.012882803171488736,8.0,4.0,0.75,0.0007981723560389114,0.0005034303497673585,2.0,8.0,0.375,0.3125,0.1875,1.0,,,,
dt017,dt017_node_10,17.5,0.000145302482716469,0.01443891393293116,10.0,5.0,0.4,0.0005991426865123705,0.00017462102083576749,2.0,8.0,0.375,0.3125,0.1875,1.0,,,,
dt017,dt017_node_11,79.3,0.00237747165520192,0.01529753216997351,19.0,9.5,0.8947368421052632,0.00226588806299452,0.0008248757580663601,2.0,8.0,0.375,0.3125,0.1875,1.0,,,,
dt017,dt017_node_12,87.8,0.00238297506306956,0.01530303557784115,11.0,5.5,0.45454545454545453,0.00039860148279640523,0.0003270071983475417,2.0,8.0,0.375,0.3125,0.1875,1.0,,,,
dt017,dt017_node_13,27.0,0.00018837361306713,0.01650702045814962,7.0,3.5,0.42857142857142855,0.0016271207511471236,0.0008840743663443365,2.0,8.0,0.375,0.3125,0.1875,1.0,,,,
dt017,dt017_node_14,43.0,0.000569722125445525,0.013137353239069085,4.0,2.0,0.5,0.0015967142952797555,0.0012646734645739245,2.0,8.0,0.375,0.3125,0.1875,1.0,,,,
dt017,dt017_node_15,44.2,0.000294742006271553,0.01317754517776029,7.0,3.5,0.7142857142857143,0.00039876737663443497,4.8504212583400016e-05,2.0,8.0,0.375,0.3125,0.1875,1.0,,,,
dt017,dt017_node_16,48.4,0.000773763707348138,0.0152126776402793,3.0,1.5,0.3333333333333333,0.000397837732342578,0.000138364713816493,2.0,8.0,0.375,0.3125,0.1875,1.0,,,,
dt017,dt017_node_17,15.4,0.000424521665676603,0.014863435598607764,7.0,3.5,0.7142857142857143,0.001196422327288777,0.000915802190136673,2.0,8.0,0.375,0.3125,0.1875,1.0,,,,
dt017,dt017_node_18,67.10000000000001,0.00144101230492816,0.01673854447490167,18.0,9.0,0.2222222222222222,0.00071625684517475,0.00039536734666212,2.0,8.0,0.375,0.3125,0.1875,1.0,,,,
dt017,dt017_node_19,64.60000000000001,7.15942844488635e-05,0.015374629862290013,3.0,1.5,0.3333333333333333,0.00039765987806284235,0.0003968790615208447,2.0,8.0,0.375,0.3125,0.1875,1.0,,,,
dt017,dt017_node_20,62.4,0.000725608681143947,0.016028644258985095,8.0,4.0,0.25,0.0001992076879474565,0.0001391744491415435,2.0,8.0,0.375,0.3125,0.1875,1.0,,,,
dt017,dt017_node_21,97.6,0.00251119511749146,0.01901821557564108,2.0,1.0,0.0,0.0008127141161889671,3.2050441896346005e-05,2.0,8.0,0.375,0.3125,0.1875,1.0,,,,
dt017,dt017_node_22,49.0,0.000743046384802787,0.017250066842952407,5.0,2.5,0.2,0.001200463719402339,0.0008538624266269512,2.0,8.0,0.375,0.3125,0.1875,1.0,,,,
dt017,dt017_node_23,37.3,0.000332040830705831,0.013469394069774916,3.0,1.5,0.3333333333333333,0.0003980657310058085,0.0003892982521004145,2.0,8.0,0.375,0.3125,0.1875,1.0,,,,
dt017,dt017_node_24,35.8,0.000350263164051035,0.013527808341811325,6.0,3.0,0.6666666666666666,0.0003980686228135279,0.00037924823875273606,2.0,8.0,0.375,0.3125,0.1875,1.0,,,,
dt017,dt017_node_25,64.2,0.000259473018526085,0.015472150658805384,2.0,1.0,0.0,0.0004122255163166665,0.0004122255163166665,2.0,8.0,0.375,0.3125,0.1875,1.0,,,,
dt017,dt017_node_26,25.3,0.000280620137152104,0.015144055735759868,6.0,3.0,0.6666666666666666,0.0003978250237369435,0.00020706115591856452,2.0,8.0,0.375,0.3125,0.1875,1.0,,,,
dt017,dt017_node_27,61.0,0.00111162419183687,0.017850168666738542,11.0,5.5,0.6363636363636364,0.00035771095572747347,0.0001496148659009215,2.0,8.0,0.375,0.3125,0.1875,1.0,,,,
dt017,dt017_node_28,50.8,0.00032088949851263,0.0170594339734143,7.0,3.5,0.14285714285714285,0.0002007563061239169,0.0001911790614336391,2.0,8.0,0.375,0.3125,0.1875,1.0,,,,
dt017,dt017_node_29,30.4,7.80816541997626e-07,0.01537541067883201,2.0,1.0,0.0,0.0007954140175377466,6.519919937914768e-07,2.0,8.0,0.375,0.3125,0.1875,1.0,,,,
dt017,dt017_node_30,29.2,6.0033238805913e-05,0.01608867749779101,3.0,1.5,0.3333333333333333,0.0003976598780628428,0.0003843479554155512,2.0,8.0,0.375,0.3125,0.1875,1.0,,,,
dt017,dt017_node_31,42.4,0.000338382137089,0.016367026396074097,5.0,2.5,0.2,0.000398416012926096,3.1516536581113e-05,2.0,8.0,0.375,0.3125,0.1875,1.0,,,,
dt017,dt017_node_32,97.5,0.00205432614602929,0.0193043929889817,2.0,1.0,0.0,0.0004007332805026885,0.00036126346316515154,2.0,8.0,0.375,0.3125,0.1875,1.0,,,,
dt017,dt017_node_33,50.7,0.000346601292775388,0.017596668135727796,3.0,1.5,0.3333333333333333,0.000397908418646759,9.353114871009702e-05,2.0,8.0,0.375,0.3125,0.1875,1.0,,,,
dt017,dt017_node_34,63.6,0.000787363983106223,0.014256758052881138,2.0,1.0,0.0,0.000796844015826681,2.6116139811563984e-05,2.0,8.0,0.375,0.3125,0.1875,1.0,,,,
dt017,dt017_node_35,24.8,1.88203840607919e-05,0.013546628725872116,5.0,2.5,0.6,0.0003981544011536873,0.00036815748610252464,2.0,8.0,0.375,0.3125,0.1875,1.0,,,,
dt017,dt017_node_36,51.1,0.000604886179655508,0.015748941915415374,5.0,2.5,0.6,1.40555330256355e-05,1.40555330256355e-05,2.0,8.0,0.375,0.3125,0.1875,1.0,,,,
dt017,dt017_node_37,41.3,0.000208096089826552,0.018058264756565093,9.0,4.5,0.7777777777777778,0.00038831367921470173,0.0002980409639485113,2.0,8.0,0.375,0.3125,0.1875,1.0,,,,
dt017,dt017_node_38,67.0,0.000507325821628395,0.01835749448836694,2.0,1.0,0.0,0.0003988730478424015,0.0003988730478424015,2.0,8.0,0.375,0.3125,0.1875,1.0,,,,
dt017,dt017_node_39,59.8,9.57724469027779e-06,0.017069011218104578,3.0,1.5,0.3333333333333333,1.34428485848477e-06,1.34428485848477e-06,2.0,8.0,0.375,0.3125,0.1875,1.0,,,,
dt017,dt017_node_40,33.7,0.000391935367557556,0.017451369340971856,4.0,2.0,0.0,0.000399849729854994,1.7949905364785e-05,2.0,8.0,0.375,0.3125,0.1875,1.0,,,,
dt017,dt017_node_41,24.3,1.33119226472916e-05,0.0161019894204383,2.0,1.0,0.0,0.0003974191753344528,0.0003890138581538272,2.0,8.0,0.375,0.3125,0.1875,1.0,,,,
dt017,dt017_node_42,46.800000000000004,0.000366899476344983,0.01673392587241908,2.0,1.0,0.0,0.00039777456945912427,0.0003941895438152767,2.0,8.0,0.375,0.3125,0.1875,1.0,,,,
dt017,dt017_node_43,53.5,0.000429932549507209,0.016796958945581305,3.0,1.5,0.3333333333333333,0.0003977305644218305,0.0002588210796088195,2.0,8.0,0.375,0.3125,0.1875,1.0,,,,
dt017,dt017_node_44,54.50000000000001,0.000491439567356856,0.018088107703084652,2.0,1.0,0.0,0.0004047493087507655,0.0004047493087507655,2.0,8.0,0.375,0.3125,0.1875,1.0,,,,
dt017,dt017_node_45,25.8,2.99969150511627e-05,0.013576625640923278,4.0,2.0,0.5,0.00039807729822904486,0.00037173487257143517,2.0,8.0,0.375,0.3125,0.1875,1.0,,,,
dt017,dt017_node_46,54.900000000000006,2.8111066051271e-05,0.015777052981466644,4.0,2.0,0.5,0.0003972163498495254,0.0003867541484619096,2.0,8.0,0.375,0.3125,0.1875,1.0,,,,
dt017,dt017_node_47,28.000000000000004,9.02727152661904e-05,0.01814853747183128,8.0,4.0,0.5,0.0004003081129329025,0.0003766208317638325,2.0,8.0,0.375,0.3125,0.1875,1.0,,,,
dt017,dt017_node_48,61.7,2.68856971696954e-06,0.017071699787821547,2.0,1.0,0.0,0.000796938469479938,1.4731164126590172e-06,2.0,8.0,0.375,0.3125,0.1875,1.0,,,,
dt017,dt017_node_49,46.800000000000004,0.000417799635219779,0.017869168976191636,2.0,1.0,0.0,0.00040228760095497126,0.00032822614901465477,2.0,8.0,0.375,0.3125,0.1875,1.0,,,,
dt017,dt017_node_50,32.4,0.000381899824490209,0.017833269165462066,2.0,1.0,0.0,0.0003978717447768688,0.0003693140940096522,2.0,8.0,0.375,0.3125,0.1875,1.0,,,,
dt017,dt017_node_51,51.5,0.00065655164403065,0.017453510589611955,2.0,1.0,0.0,0.000397419175334453,0.0003724873495164471,2.0,8.0,0.375,0.3125,0.1875,1.0,,,,
dt017,dt017_node_52,28.9,2.63424256576097e-05,0.013602968066580888,3.0,1.5,0.3333333333333333,0.0003983115803598831,0.0003490480252041,2.0,8.0,0.375,0.3125,0.1875,1.0,,,,
dt017,dt017_node_53,32.300000000000004,1.04622013876158e-05,0.015787515182854258,3.0,1.5,0.3333333333333333,0.001594046181043975,1.3415794379724997e-05,2.0,8.0,0.375,0.3125,0.1875,1.0,,,,
dt017,dt017_node_54,17.1,2.368728116907e-05,0.01817222475300035,6.0,3.0,0.6666666666666666,0.0003979044727203695,0.00039319793632652854,2.0,8.0,0.375,0.3125,0.1875,1.0,,,,
dt017,dt017_node_55,65.60000000000001,0.000776928944696735,0.018925466416528015,2.0,1.0,0.0,0.000800040456834025,0.000800040456834025,2.0,8.0,0.375,0.3125,0.1875,1.0,,,,
dt017,dt017_node_56,43.9,4.92635551557831e-05,0.013652231621736672,2.0,1.0,0.0,0.00040228760095497164,0.00031587338643757534,2.0,8.0,0.375,0.3125,0.1875,1.0,,,,
dt017,dt017_node_57,86.6,0.00158063038666425,0.017368145569518507,2.0,1.0,0.0,0.0004021942568228455,0.0004021942568228455,2.0,8.0,0.375,0.3125,0.1875,1.0,,,,
dt017,dt017_node_58,11.4,4.70653639384096e-06,0.018176931289394193,5.0,2.5,0.6,0.0011959390917261506,0.0011952592999351693,2.0,8.0,0.375,0.3125,0.1875,1.0,,,,
dt017,dt017_node_59,7.3999999999999995,6.79791790981118e-07,0.018177611081185173,4.0,2.0,0.5,3.020641633434595e-07,3.020641633434595e-07,2.0,8.0,0.375,0.3125,0.1875,1.0,,,,
dt017,dt017_node_60,5.0,6.04128326686919e-07,0.01817821520951186,3.0,1.5,0.3333333333333333,0.00039806573101344847,0.00039773614526705255,2.0,8.0,0.375,0.3125,0.1875,1.0,,,,
dt017,dt017_node_61,14.2,3.29585746395916e-07,0.018178544795258256,2.0,1.0,0.0,0.000796320369522971,0.0,2.0,8.0,0.375,0.3125,0.1875,1.0,,,,
dt018,dt018_node_0,100.0,0.179017654200613,0.179017654200613,45.0,22.5,0.6,0.011955979350204975,0.004982561977988225,2.0,8.0,0.375,0.3125,0.1875,0.5,,,,
dt018,dt018_node_1,22.8,0.00697341737221675,0.18599107157282974,36.0,18.0,0.4444444444444444,0.01599626730716088,0.011513771289083421,2.0,8.0,0.375,0.3125,0.1875,0.5,,,,
dt018,dt018_node_2,86.1,0.0169385413281932,0.1959561955288062,9.0,4.5,0.7777777777777778,0.0471855188031678,0.003806631719931501,2.0,8.0,0.375,0.3125,0.1875,0.5,,,,
dt018,dt018_node_3,66.9,0.0275100385962443,0.21350111016907403,26.0,13.0,0.7692307692307693,0.019378747368715532,0.015031054009114671,2.0,8.0,0.375,0.3125,0.1875,0.5,,,,
dt018,dt018_node_4,25.5,0.00448249601807746,0.1904735675909072,10.0,5.0,0.6,0.018067129842583223,0.010941995027620674,2.0,8.0,0.375,0.3125,0.1875,0.5,,,,
dt018,dt018_node_5,99.7,0.0433788870832363,0.2393350826120425,8.0,4.0,0.25,0.00853019262059116,0.0017427792044588395,2.0,8.0,0.375,0.3125,0.1875,0.5,,,,
dt018,dt018_node_6,40.2,0.00434769335960086,0.2178488035286749,23.0,11.5,0.13043478260869565,0.011663214109600495,0.004066851777657804,2.0,8.0,0.375,0.3125,0.1875,0.5,,,,
dt018,dt018_node_7,99.2,0.0344098013778302,0.24791091154690423,3.0,1.5,0.3333333333333333,0.0425747478144421,0.036178725752247204,2.0,8.0,0.375,0.3125,0.1875,0.5,,,,
dt018,dt018_node_8,99.8,0.0290091248702039,0.2194826924611111,2.0,1.0,0.0,0.051016185686450846,0.00082201069023995,2.0,8.0,0.375,0.3125,0.1875,0.5,,,,
dt018,dt018_node_9,67.4,0.00712513481496255,0.19759870240586974,8.0,4.0,0.25,0.029996116849559745,0.022006964807764956,2.0,8.0,0.375,0.3125,0.1875,0.5,,,,
dt018,dt018_node_10,99.4,0.01027297182505,0.2496080544370925,3.0,1.5,0.3333333333333333,0.0011675379511433101,0.00010086762365852004,2.0,8.0,0.375,0.3125,0.1875,0.5,,,,
dt018,dt018_node_11,99.8,0.00678741341613232,0.24612249602817482,5.0,2.5,0.2,0.0057231287399311295,0.0007984664675461699,2.0,8.0,0.375,0.3125,0.1875,0.5,,,,
dt018,dt018_node_12,68.5,0.00759636233194269,0.22544516586061758,13.0,6.5,0.23076923076923078,0.01783249701925025,0.0024738429078583505,2.0,8.0,0.375,0.3125,0.1875,0.5,,,,
dt018,dt018_node_13,96.3,0.0157300658872583,0.2335788694159332,10.0,5.0,0.8,0.05578822564325735,0.03913120866205165,2.0,8.0,0.375,0.3125,0.1875,0.5,,,,
dt018,dt018_node_14,60.8,0.0063960220621949,0.2543069336090991,2.0,1.0,0.0,0.08009378108247711,0.0010516793831122986,2.0,8.0,0.375,0.3125,0.1875,0.5,,,,
dt018,dt018_node_15,73.7,0.00798915204179479,0.20558785444766453,3.0,1.5,0.3333333333333333,0.0555397544395387,0.013266938970448998,2.0,8.0,0.375,0.3125,0.1875,0.5,,,,
dt018,dt018_node_16,100.0,0.0520030816573247,0.24960178406319444,5.0,2.5,0.6,0.01670785010029661,0.01006449319851549,2.0,8.0,0.375,0.3125,0.1875,0.5,,,,
dt018,dt018_node_17,60.699999999999996,0.00126840557480183,0.25087646001189434,2.0,1.0,0.0,0.0019512161024937999,0.0005664142743970201,2.0,8.0,0.375,0.3125,0.1875,0.5,,,,
dt018,dt018_node_18,100.0,0.0065215952074773,0.2526440912356521,2.0,1.0,0.0,0.000648830914987876,0.00028196069577938,2.0,8.0,0.375,0.3125,0.1875,0.5,,,,
dt018,dt018_node_19,100.0,0.00492466227238496,0.2510471583005598,3.0,1.5,0.3333333333333333,0.0006500296605113514,0.00015248375711639754,2.0,8.0,0.375,0.3125,0.1875,0.5,,,,
dt018,dt018_node_20,96.7,0.0153586541113919,0.24080381997200948,8.0,4.0,0.0,0.00414560822252943,0.0016179954669862699,2.0,8.0,0.375,0.3125,0.1875,0.5,,,,
dt018,dt018_node_21,100.0,0.0203063399271086,0.24575150578772617,5.0,2.5,0.2,0.07780686561100665,0.008313337243329652,2.0,8.0,0.375,0.3125,0.1875,0.5,,,,
dt018,dt018_node_22,98.4,0.0166570169812057,0.2502358863971389,9.0,4.5,0.7777777777777778,0.04602462916664259,0.04145135366196611,2.0,8.0,0.375,0.3125,0.1875,0.5,,,,
dt018,dt018_node_23,96.2,0.0422728154690897,0.24786066991675423,2.0,1.0,0.0,0.0238164550296507,0.0007499716983735989,2.0,8.0,0.375,0.3125,0.1875,0.5,,,,
dt018,dt018_node_24,97.8,0.00664335690178112,0.2562451409649756,4.0,2.0,0.0,0.008540238299280169,0.00018200023049918992,2.0,8.0,0.375,0.3125,0.1875,0.5,,,,
dt018,dt018_node_25,55.60000000000001,0.000497545903394954,0.25154470420395475,2.0,1.0,0.0,0.00168647168959106,0.00168647168959106,2.0,8.0,0.375,0.3125,0.1875,0.5,,,,
dt018,dt018_node_26,39.5,0.0057636036895157,0.24656742366152518,4.0,2.0,0.0,0.0863115495325535,0.015370630163739504,2.0,8.0,0.375,0.3125,0.1875,0.5,,,,
dt018,dt018_node_27,30.5,0.00252761275554316,0.24333143272755264,4.0,2.0,0.5,0.05263391232436257,0.04292789645342873,2.0,8.0,0.375,0.3125,0.1875,0.5,,,,
dt018,dt018_node_28,100.0,0.0861202028543363,0.3318717086420625,2.0,1.0,0.0,0.012216278519046745,0.0025750119573140547,2.0,8.0,0.375,0.3125,0.1875,0.5,,,,
dt018,dt018_node_29,100.0,0.069493528367677,0.31524503415540317,3.0,1.5,0.3333333333333333,0.026166324047359416,0.019947229547509385,2.0,8.0,0.375,0.3125,0.1875,0.5,,,,
dt018,dt018_node_30,73.5,0.00457327550467648,0.25480916190181535,8.0,4.0,0.5,0.0334239105820051,0.0202533280430548,2.0,8.0,0.375,0.3125,0.1875,0.5,,,,
dt018,dt018_node_31,99.8,0.00872223852977936,0.26496737949475496,2.0,1.0,0.0,0.007535001293165075,0.0008758918580894746,2.0,8.0,0.375,0.3125,0.1875,0.5,,,,
dt018,dt018_node_32,99.7,0.00835823806878098,0.2646033790337566,2.0,1.0,0.0,0.01020488292642991,0.0011617405425111901,2.0,8.0,0.375,0.3125,0.1875,0.5,,,,
dt018,dt018_node_33,100.0,0.101682179696293,0.3482496033578182,2.0,1.0,0.0,0.001299751506213075,0.000233840683759845,2.0,8.0,0.375,0.3125,0.1875,0.5,,,,
dt018,dt018_node_34,100.0,0.070940919368814,0.31750834303033915,2.0,1.0,0.0,0.019679722645915998,0.0009772769997389002,2.0,8.0,0.375,0.3125,0.1875,0.5,,,,
dt018,dt018_node_35,78.9,0.00970601587093384,0.2530374485984865,3.0,1.5,0.3333333333333333,0.0668627275371367,0.019446970358520003,2.0,8.0,0.375,0.3125,0.1875,0.5,,,,
dt018,dt018_node_36,78.5,0.00621909449985003,0.3214641286552532,2.0,1.0,0.0,0.0370075776886616,0.0003499550042157032,2.0,8.0,0.375,0.3125,0.1875,0.5,,,,
dt018,dt018_node_37,99.0,0.0131705825389503,0.26797974444076567,2.0,1.0,0.0,0.06522348666203776,0.0008343404629119547,2.0,8.0,0.375,0.3125,0.1875,0.5,,,,
dt018,dt018_node_38,100.0,0.0536772386250599,0.30848640052687526,6.0,3.0,0.6666666666666666,0.01568937769362547,0.01023538544241693,2.0,8.0,0.375,0.3125,0.1875,0.5,,,,
dt018,dt018_node_39,100.0,0.0474157571786167,0.30045320577710316,2.0,1.0,0.0,0.04401802994736685,0.0013143819648627486,2.0,8.0,0.375,0.3125,0.1875,0.5,,,,
dt018,dt018_node_40,75.9,0.00545399225120854,0.3139403927780838,5.0,2.5,0.6,0.016037201201315,0.002146713895667101,2.0,8.0,0.375,0.3125,0.1875,0.5,,,,
dt018,dt018_node_41,100.0,0.0138904873056479,0.3278308800837317,4.0,2.0,0.0,0.00458384507022263,0.0030528733441520196,2.0,8.0,0.375,0.3125,0.1875,0.5,,,,
dt018,dt018_node_42,58.8,0.00153097172607061,0.32936185180980226,2.0,1.0,0.0,0.00423574416042987,0.00030085053167436,2.0,8.0,0.375,0.3125,0.1875,0.5,,,,
dt018,dt018_node_43,100.0,0.00763671841437465,0.3354675984981063,2.0,1.0,0.0,0.0016241451682289698,0.0002490825806062,2.0,8.0,0.375,0.3125,0.1875,0.5,,,,
dt019,dt019_node_0,28.999999999999996,0.00319959933389478,0.00319959933389478,17.0,8.5,0.7647058823529411,0.0041113162604059904,0.0014588409538275001,2.0,8.0,0.0625,0.2767857142857143,0.15178571428571427,0.8571428571428571,,,,
dt019,dt019_node_1,96.0,0.0193749085922994,0.0193749085922994,3.0,1.5,0.3333333333333333,0.03645161946549035,0.009258331304894752,2.0,8.0,0.0625,0.2767857142857143,0.15178571428571427,0.8571428571428571,,,,
dt019,dt019_node_2,4.3999999999999995,0.00265247530657849,0.00585207464047327,15.0,7.5,0.6,0.00188749001129499,0.00012394117309949993,2.0,8.0,0.0625,0.2767857142857143,0.15178571428571427,0.8571428571428571,,,,
dt019,dt019_node_3,24.9,0.00557015721423349,0.00876975654812827,2.0,1.0,0.0,0.06643141492249416,0.0074531731386661484,2.0,8.0,0.0625,0.2767857142857143,0.15178571428571427,0.8571428571428571,,,,
dt019,dt019_node_4,100.0,0.0271932881605956,0.046568196752895,2.0,1.0,0.0,0.009595077766453415,0.00018186372875052433,2.0,8.0,0.0625,0.2767857142857143,0.15178571428571427,0.8571428571428571,,,,
dt019,dt019_node_5,15.2,0.00201143118439449,0.00786350582486776,12.0,6.0,0.8333333333333334,0.04944317558454855,0.024286843740552046,2.0,8.0,0.0625,0.2767857142857143,0.15178571428571427,0.8571428571428571,,,,
dt019,dt019_node_6,12.7,0.00176354883819549,0.00761562347866876,3.0,1.5,0.3333333333333333,0.03925364471011635,0.03118653980529255,2.0,8.0,0.0625,0.2767857142857143,0.15178571428571427,0.8571428571428571,,,,
dt019,dt019_node_7,96.7,0.0251563318439965,0.033019837668864266,11.0,5.5,0.2727272727272727,0.01095761497636602,0.0019611571242000806,2.0,8.0,0.0625,0.2767857142857143,0.15178571428571427,0.8571428571428571,,,,
dt019,dt019_node_8,46.0,0.0080671049048238,0.01568272838349256,2.0,1.0,0.0,0.06104922814478495,0.0016873759569827548,2.0,8.0,0.0625,0.2767857142857143,0.15178571428571427,0.8571428571428571,,,,
dt019,dt019_node_9,73.3,0.00899645785216594,0.04201629552103021,7.0,3.5,0.14285714285714285,0.036351245954692225,0.030440879552773074,2.0,8.0,0.0625,0.2767857142857143,0.15178571428571427,0.8571428571428571,,,,
dt019,dt019_node_10,76.7,0.0129187721005661,0.045938609769430365,4.0,2.0,0.5,0.05869582476622095,0.04174421301768005,2.0,8.0,0.0625,0.2767857142857143,0.15178571428571427,0.8571428571428571,,,,
dt019,dt019_node_11,58.8,0.00591036640191915,0.04792666192294936,4.0,2.0,0.5,0.040182106816883285,0.03509030211278822,2.0,8.0,0.0625,0.2767857142857143,0.15178571428571427,0.8571428571428571,,,,
dt019,dt019_node_12,100.0,0.0667921255074653,0.1088084210284955,3.0,1.5,0.3333333333333333,0.006099782438861755,0.0008383633309482549,2.0,8.0,0.0625,0.2767857142857143,0.15178571428571427,0.8571428571428571,,,,
dt019,dt019_node_13,70.0,0.0169516117485409,0.06289022151797127,3.0,1.5,0.3333333333333333,0.07257012518430886,0.038573863845493155,2.0,8.0,0.0625,0.2767857142857143,0.15178571428571427,0.8571428571428571,,,,
dt019,dt019_node_14,51.7,0.00509180470409507,0.05301846662704443,3.0,1.5,0.3333333333333333,0.07116150012087186,0.007941321014380547,2.0,8.0,0.0625,0.2767857142857143,0.15178571428571427,0.8571428571428571,,,,
dt019,dt019_node_15,92.5,0.0052614191079135,0.114069840136409,2.0,1.0,0.0,0.00259739579340041,0.00029671091374123,2.0,8.0,0.0625,0.2767857142857143,0.15178571428571427,0.8571428571428571,,,,
dt019,dt019_node_16,99.3,0.0339962613388157,0.09688648285678697,2.0,1.0,0.0,0.08681764262175415,0.002791013892203549,2.0,8.0,0.0625,0.2767857142857143,0.15178571428571427,0.8571428571428571,,,,
dt019,dt019_node_17,100.0,0.0791028211352524,0.1321212877622968,2.0,1.0,0.0,0.006949477714762905,0.003094666688381795,2.0,8.0,0.0625,0.2767857142857143,0.15178571428571427,0.8571428571428571,,,,
dt020,dt020_node_0,4.8,0.00473458642268391,0.00473458642268391,13.0,6.5,0.38461538461538464,0.004098520201532,3.0753752182789695e-05,2.0,10.0,0.1,0.1625,0.037500000000000006,0.625,,,,
dt020,dt020_node_1,4.7,0.00638627786512996,0.00638627786512996,8.0,4.0,0.75,0.053601906381778246,0.05040783840818875,2.0,10.0,0.1,0.1625,0.037500000000000006,0.625,,,,
dt020,dt020_node_2,5.6000000000000005,0.00405143863453492,0.00405143863453492,6.0,3.0,0.0,0.015251346341119965,0.008536612978432737,2.0,10.0,0.1,0.1625,0.037500000000000006,0.625,,,,
dt020,dt020_node_3,5.3,0.00412927395371479,0.0088638603763987,9.0,4.5,0.3333333333333333,0.0085883971645805,0.00120372647151013,2.0,10.0,0.1,0.1625,0.037500000000000006,0.625,,,,
dt020,dt020_node_4,22.1,0.00406776644934921,0.00880235287203312,4.0,2.0,0.5,0.06632093384363595,0.05023901671877505,2.0,10.0,0.1,0.1625,0.037500000000000006,0.625,,,,
dt020,dt020_node_5,7.1,0.00319406797358949,0.00958034583871945,7.0,3.5,0.42857142857142855,0.010478079646783149,0.0002647687320799499,2.0,10.0,0.1,0.1625,0.037500000000000006,0.625,,,,
dt020,dt020_node_6,71.1,0.0237879593195527,0.027839397954087623,3.0,1.5,0.3333333333333333,0.067438242310404,0.051434769110369,2.0,10.0,0.1,0.1625,0.037500000000000006,0.625,,,,
dt020,dt020_node_7,18.7,0.00671473336268723,0.01076617199722215,3.0,1.5,0.3333333333333333,0.0629487442264506,0.0482626512907874,2.0,10.0,0.1,0.1625,0.037500000000000006,0.625,,,,
dt020,dt020_node_8,47.599999999999994,0.00979212363609063,0.01865598401248933,6.0,3.0,0.3333333333333333,0.0354390460967077,0.015653503716483,2.0,10.0,0.1,0.1625,0.037500000000000006,0.625,,,,
dt020,dt020_node_9,10.299999999999999,0.00738467069307037,0.01624853106946907,3.0,1.5,0.3333333333333333,0.05666825436161831,0.04683300266320869,2.0,10.0,0.1,0.1625,0.037500000000000006,0.625,,,,
dt020,dt020_node_10,73.3,0.0160819171248609,0.02488426999689402,3.0,1.5,0.3333333333333333,0.08082956271823474,0.016589296798124646,2.0,10.0,0.1,0.1625,0.037500000000000006,0.625,,,,
dt020,dt020_node_11,25.0,0.0102133109147032,0.01979365675342265,2.0,1.0,0.0,0.1295857898814115,0.0017362337185125032,2.0,10.0,0.1,0.1625,0.037500000000000006,0.625,,,,
dt020,dt020_node_12,54.0,0.0107428483788631,0.020323194217582552,5.0,2.5,0.2,0.01166913374716948,0.00220239460267912,2.0,10.0,0.1,0.1625,0.037500000000000006,0.625,,,,
dt020,dt020_node_13,83.5,0.016003473200035,0.04384287115412262,2.0,1.0,0.0,0.08296872624986704,0.0014970558396786501,2.0,10.0,0.1,0.1625,0.037500000000000006,0.625,,,,
dt020,dt020_node_14,60.099999999999994,0.0146860929356632,0.025452264932885348,2.0,1.0,0.0,0.121773158285083,0.012660910422370004,2.0,10.0,0.1,0.1625,0.037500000000000006,0.625,,,,
dt020,dt020_node_15,100.0,0.0510925498131907,0.06974853382568003,4.0,2.0,0.5,0.0453454007278587,0.0167395339747007,2.0,10.0,0.1,0.1625,0.037500000000000006,0.625,,,,
dt020,dt020_node_16,85.3,0.0197855423802247,0.03844152639271403,2.0,1.0,0.0,0.1118500624248205,0.003087875560449496,2.0,10.0,0.1,0.1625,0.037500000000000006,0.625,,,,
dt020,dt020_node_17,28.999999999999996,0.00983525169840963,0.026083782767878698,2.0,1.0,0.0,0.10821776142318659,0.009997081067992401,2.0,10.0,0.1,0.1625,0.037500000000000006,0.625,,,,
dt020,dt020_node_18,100.0,0.0974188595163594,0.12230312951325342,2.0,1.0,0.0,0.000852700421327042,0.000179178073159838,2.0,10.0,0.1,0.1625,0.037500000000000006,0.625,,,,
dt020,dt020_node_19,62.8,0.00946673914449036,0.02978993336207291,2.0,1.0,0.0,0.0861887915104065,0.0014486533875543023,2.0,10.0,0.1,0.1625,0.037500000000000006,0.625,,,,
dt020,dt020_node_20,75.3,0.0138715283498486,0.034194722567431154,3.0,1.5,0.3333333333333333,0.050790290592340956,0.027608009663779954,2.0,10.0,0.1,0.1625,0.037500000000000006,0.625,,,,
dt020,dt020_node_21,99.9,0.028605866753158,0.09835440057883803,3.0,1.5,0.3333333333333333,0.023563109602003647,0.00532842186589815,2.0,10.0,0.1,0.1625,0.037500000000000006,0.625,,,,
dt020,dt020_node_22,98.6,0.023182280928561,0.05737700349599215,2.0,1.0,0.0,0.05509861814516295,0.0005431054086187485,2.0,10.0,0.1,0.1625,0.037500000000000006,0.625,,,,
dt020,dt020_node_23,100.0,0.0182346877361055,0.11658908831494352,2.0,1.0,0.0,0.011252461770461995,0.0013115029659272054,2.0,10.0,0.1,0.1625,0.037500000000000006,0.625,,,,
dt021,dt021_node_0,78.10000000000001,0.25474137466227,0.25474137466227,21.0,10.5,0.7142857142857143,0.11780773569021015,0.034642275713224854,2.0,8.0,0.4375,0.5625,0.4375,1.0,,,,
dt021,dt021_node_1,50.9,0.102199473832159,0.102199473832159,5.0,2.5,0.2,0.191166317588501,0.010893480818606,2.0,8.0,0.4375,0.5625,0.4375,1.0,,,,
dt021,dt021_node_2,87.2,0.152450011403435,0.407191386065705,18.0,9.0,0.8888888888888888,0.0342899358484302,0.016794572691972,2.0,8.0,0.4375,0.5625,0.4375,1.0,,,,
dt021,dt021_node_3,52.900000000000006,0.0831654599769853,0.3379068346392553,3.0,1.5,0.3333333333333333,0.0587938069522631,0.005159505548275399,2.0,8.0,0.4375,0.5625,0.4375,1.0,,,,
dt021,dt021_node_4,77.60000000000001,0.180272836769895,0.282472310602054,2.0,1.0,0.0,0.17614636585666155,0.12962846500585046,2.0,8.0,0.4375,0.5625,0.4375,1.0,,,,
dt021,dt021_node_5,79.3,0.202059798407107,0.30425927223926597,3.0,1.5,0.3333333333333333,0.44190994605029554,0.009395134477325512,2.0,8.0,0.4375,0.5625,0.4375,1.0,,,,
dt021,dt021_node_6,17.8,0.0174953631564582,0.4246867492221632,17.0,8.5,0.8823529411764706,0.042687035918753904,0.0416196603746722,2.0,8.0,0.4375,0.5625,0.4375,1.0,,,,
dt021,dt021_node_7,78.7,0.0639533125005385,0.4018601471397938,2.0,1.0,0.0,0.0688297320523538,0.033442071683717205,2.0,8.0,0.4375,0.5625,0.4375,1.0,,,,
dt021,dt021_node_8,99.8,0.451305080527621,0.7555643527668869,2.0,1.0,0.0,0.10240340973182,0.10240340973182,2.0,8.0,0.4375,0.5625,0.4375,1.0,,,,
dt021,dt021_node_9,13.3,0.00106737554408171,0.4257541247662449,16.0,8.0,0.75,0.003962124971894555,0.0003759864127396153,2.0,8.0,0.4375,0.5625,0.4375,1.0,,,,
dt021,dt021_node_10,3.0,0.00358613855915494,0.4293402633253999,14.0,7.0,0.8571428571428571,0.024316027768029658,0.020207592208882845,2.0,8.0,0.4375,0.5625,0.4375,1.0,,,,
dt021,dt021_node_11,31.2,0.00433811138463417,0.4300922361508791,2.0,1.0,0.0,0.04122957405113395,0.00017280322238755197,2.0,8.0,0.4375,0.5625,0.4375,1.0,,,,
dt021,dt021_node_12,7.6,0.00410843555914681,0.4334486988845467,13.0,6.5,0.6923076923076923,0.008378285626408985,0.005684826343891415,2.0,8.0,0.4375,0.5625,0.4375,1.0,,,,
dt021,dt021_node_13,7.000000000000001,0.00269345928251757,0.43614215816706425,11.0,5.5,0.8181818181818182,0.022201573836933376,0.019239046698928525,2.0,8.0,0.4375,0.5625,0.4375,1.0,,,,
dt021,dt021_node_14,63.9,0.0140631119703004,0.4475118108548471,2.0,1.0,0.0,0.04788848145090285,0.002609563004697852,2.0,8.0,0.4375,0.5625,0.4375,1.0,,,,
dt021,dt021_node_15,7.000000000000001,0.00296252713800485,0.4391046853050691,10.0,5.0,0.4,0.007017581386942695,0.0032530544591047052,2.0,8.0,0.4375,0.5625,0.4375,1.0,,,,
dt021,dt021_node_16,13.5,0.00376452692783799,0.44286921223290704,7.0,3.5,0.42857142857142855,0.0040382682769896,0.0014102740733542597,2.0,8.0,0.4375,0.5625,0.4375,1.0,,,,
dt021,dt021_node_17,32.0,0.0102706358460474,0.4493753211511165,3.0,1.5,0.3333333333333333,0.02793703077588459,0.018704032247850513,2.0,8.0,0.4375,0.5625,0.4375,1.0,,,,
dt021,dt021_node_18,5.3,0.00262799420363534,0.4454972064365424,5.0,2.5,0.2,0.00373887969260923,0.0024813516183224797,2.0,8.0,0.4375,0.5625,0.4375,1.0,,,,
dt021,dt021_node_19,29.2,0.00544854235034386,0.4483177545832509,2.0,1.0,0.0,0.04012033332182725,0.004407590346436948,2.0,8.0,0.4375,0.5625,0.4375,1.0,,,,
dt021,dt021_node_20,52.300000000000004,0.00923299852803408,0.45860831967915056,2.0,1.0,0.0,0.06043278129974145,0.0021771633401557536,2.0,8.0,0.4375,0.5625,0.4375,1.0,,,,
dt021,dt021_node_21,27.700000000000003,0.00125752807428675,0.44675473451082914,3.0,1.5,0.3333333333333333,0.029064827827491,0.0161078935137425,2.0,8.0,0.4375,0.5625,0.4375,1.0,,,,
dt021,dt021_node_22,29.7,0.00622023131093171,0.4517174377474741,2.0,1.0,0.0,0.04673438327906805,0.00033263044749445164,2.0,8.0,0.4375,0.5625,0.4375,1.0,,,,
dt021,dt021_node_23,74.6,0.0129569343137485,0.45971166882457765,2.0,1.0,0.0,0.03176034390123915,0.00836235975343605,2.0,8.0,0.4375,0.5625,0.4375,1.0,,,,
dt022,dt022_node_0,71.6,0.00464786328734166,0.00464786328734166,9.0,4.5,0.3333333333333333,0.004813921585377825,0.00028536242513504517,2.0,8.0,0.25,0.1875,0.0625,1.0,,,,
dt022,dt022_node_1,85.9,0.00381148379644119,0.00381148379644119,8.0,4.0,0.25,0.00588005368852045,0.00212402242786852,2.0,8.0,0.25,0.1875,0.0625,1.0,,,,
dt022,dt022_node_2,68.30000000000001,0.00452855916024278,0.00917642244758444,6.0,3.0,0.6666666666666666,0.0012170788254417626,0.0008985906696478275,2.0,8.0,0.25,0.1875,0.0625,1.0,,,,
dt022,dt022_node_3,85.39999999999999,0.00509928401051287,0.00974714729785453,3.0,1.5,0.3333333333333333,0.003846532500729495,0.001177560186138995,2.0,8.0,0.25,0.1875,0.0625,1.0,,,,
dt022,dt022_node_4,91.60000000000001,0.00800407611638897,0.01181555991283016,3.0,1.5,0.3333333333333333,0.003842085378144205,0.0008435206007267452,2.0,8.0,0.25,0.1875,0.0625,1.0,,,,
dt022,dt022_node_5,83.2,0.00375603126065193,0.0075675150570931205,5.0,2.5,0.6,0.00514431604979,0.00048539502022357977,2.0,8.0,0.25,0.1875,0.0625,1.0,,,,
dt022,dt022_node_6,28.999999999999996,0.000318488155793935,0.009494910603378376,5.0,2.5,0.6,0.001253336279250785,0.001065820546558945,2.0,8.0,0.25,0.1875,0.0625,1.0,,,,
dt022,dt022_node_7,88.0,0.00502409268686849,0.01477123998472302,2.0,1.0,0.0,0.0012719086925644064,0.0011317537214931635,2.0,8.0,0.25,0.1875,0.0625,1.0,,,,
dt022,dt022_node_8,61.3,0.00299856477741746,0.014814124690247621,2.0,1.0,0.0,0.001271908692564406,0.001166611763320154,2.0,8.0,0.25,0.1875,0.0625,1.0,,,,
dt022,dt022_node_9,85.3,0.00465892102956642,0.012226436086659541,4.0,2.0,0.5,0.0012748954765470335,0.0008121658779719964,2.0,8.0,0.25,0.1875,0.0625,1.0,,,,
dt022,dt022_node_10,29.599999999999998,0.00018751573269184,0.009682426336070216,4.0,2.0,0.5,0.0025977637099217077,0.0024580905249314915,2.0,8.0,0.25,0.1875,0.0625,1.0,,,,
dt022,dt022_node_11,84.0,0.000462729598575037,0.012689165685234578,3.0,1.5,0.3333333333333333,2.432873418938115e-05,2.432873418938115e-05,2.0,8.0,0.25,0.1875,0.0625,1.0,,,,
dt022,dt022_node_12,40.0,0.000139673184990216,0.009822099521060432,3.0,1.5,0.3333333333333333,0.001292974369258345,0.001292974369258345,2.0,8.0,0.25,0.1875,0.0625,1.0,,,,
dt022,dt022_node_13,38.4,4.86574683787623e-05,0.01273782315361334,2.0,1.0,0.0,0.0025516769284145,0.0,2.0,8.0,0.25,0.1875,0.0625,1.0,,,,
dt022,dt022_node_14,81.2,0.00258594873851669,0.012408048259577122,2.0,1.0,0.0,0.00129128465603769,0.00129128465603769,2.0,8.0,0.25,0.1875,0.0625,1.0,,,,
dt023,dt023_node_0,28.7,0.000763687731311979,0.000763687731311979,36.0,18.0,0.9444444444444444,0.01726312728723392,0.011069319342208981,2.0,8.0,0.3125,0.22916666666666666,0.10416666666666666,1.0,,,,
dt023,dt023_node_1,98.1,0.0309868167727802,0.0309868167727802,31.0,15.5,0.8064516129032258,0.014134334629972831,0.01133547034028637,2.0,8.0,0.3125,0.22916666666666666,0.10416666666666666,1.0,,,,
dt023,dt023_node_2,36.3,0.00619380794502494,0.006957495676336919,35.0,17.5,0.7714285714285715,0.00475417072552979,0.0018470703134320498,2.0,8.0,0.3125,0.22916666666666666,0.10416666666666666,1.0,,,,
dt023,dt023_node_3,100.0,0.0254698049702592,0.056456621743039406,3.0,1.5,0.3333333333333333,0.0,0.0,2.0,8.0,0.3125,0.22916666666666666,0.10416666666666666,1.0,,,,
dt023,dt023_node_4,54.900000000000006,0.00279886428968646,0.03378568106246666,28.0,14.0,0.8571428571428571,0.009862877872661569,0.005814298041718729,2.0,8.0,0.3125,0.22916666666666666,0.10416666666666666,1.0,,,,
dt023,dt023_node_5,24.4,0.00290710041209774,0.009864596088434659,31.0,15.5,0.0967741935483871,0.0056475513347384095,0.0002894021461049101,2.0,8.0,0.3125,0.22916666666666666,0.10416666666666666,1.0,,,,
dt023,dt023_node_6,73.2,0.00660124103896184,0.01355873671529876,4.0,2.0,0.0,0.01116123334091404,0.0021659230291197597,2.0,8.0,0.3125,0.22916666666666666,0.10416666666666666,1.0,,,,
dt023,dt023_node_7,100.0,0.0,0.056456621743039406,2.0,1.0,0.0,0.0,0.0,2.0,8.0,0.3125,0.22916666666666666,0.10416666666666666,1.0,,,,
dt023,dt023_node_8,87.4,0.0156771759143803,0.049462856976846964,2.0,1.0,0.0,0.0022075091045584173,0.0020843928193926223,2.0,8.0,0.3125,0.22916666666666666,0.10416666666666666,1.0,,,,
dt023,dt023_node_9,28.4,0.00404857983094284,0.0378342608934095,26.0,13.0,0.8461538461538461,0.00924387873188106,0.00686504640467674,2.0,8.0,0.3125,0.22916666666666666,0.10416666666666666,1.0,,,,
dt023,dt023_node_10,27.1,0.00593695348084332,0.015801549569277977,17.0,8.5,0.7647058823529411,0.01094140177591355,0.00487045260777355,2.0,8.0,0.3125,0.22916666666666666,0.10416666666666666,1.0,,,,
dt023,dt023_node_11,54.900000000000006,0.0053581491886335,0.01522274527706816,14.0,7.0,0.8571428571428571,0.002207518707131724,0.0019835068602670454,2.0,8.0,0.3125,0.22916666666666666,0.10416666666666666,1.0,,,,
dt023,dt023_node_12,89.3,0.00899531031179428,0.02255404702709304,2.0,1.0,0.0,0.0,0.0,2.0,8.0,0.3125,0.22916666666666666,0.10416666666666666,1.0,,,,
dt023,dt023_node_13,95.3,0.0133271563700338,0.02688589308533256,2.0,1.0,0.0,0.002247698404441,0.002247698404441,2.0,8.0,0.3125,0.22916666666666666,0.10416666666666666,1.0,,,,
dt023,dt023_node_14,99.7,0.0161089251365578,0.0539431860299673,2.0,1.0,0.0,0.0,0.0,2.0,8.0,0.3125,0.22916666666666666,0.10416666666666666,1.0,,,,
dt023,dt023_node_15,9.5,0.00237883232720432,0.040213093220613824,24.0,12.0,0.9166666666666666,0.0033218977759506,0.00072467518002235,2.0,8.0,0.3125,0.22916666666666666,0.10416666666666666,1.0,,,,
dt023,dt023_node_16,78.4,0.00607094916814,0.021872498737417978,15.0,7.5,0.8666666666666667,0.002207012716852489,0.001685300323575851,2.0,8.0,0.3125,0.22916666666666666,0.10416666666666666,1.0,,,,
dt023,dt023_node_17,92.60000000000001,0.0158118543836871,0.03161340395296508,2.0,1.0,0.0,0.002207509104558416,0.002146186331997734,2.0,8.0,0.3125,0.22916666666666666,0.10416666666666666,1.0,,,,
dt023,dt023_node_18,43.0,0.000224011846864679,0.015446757123932838,13.0,6.5,0.8461538461538461,3.401149265697125e-08,3.401149265697125e-08,2.0,8.0,0.3125,0.22916666666666666,0.10416666666666666,1.0,,,,
dt023,dt023_node_19,16.3,0.00259722259592825,0.04281031581654207,23.0,11.5,0.8260869565217391,0.001131248687093713,0.000475880122328337,2.0,8.0,0.3125,0.22916666666666666,0.10416666666666666,1.0,,,,
dt023,dt023_node_20,60.9,0.000521712393276638,0.022394211130694616,14.0,7.0,0.8571428571428571,7.5557341786677e-07,7.5557341786677e-07,2.0,8.0,0.3125,0.22916666666666666,0.10416666666666666,1.0,,,,
dt023,dt023_node_21,31.900000000000002,6.80229853139425e-08,0.015446825146918152,12.0,6.0,0.8333333333333334,6.4442828192156e-08,6.4442828192156e-08,2.0,8.0,0.3125,0.22916666666666666,0.10416666666666666,1.0,,,,
dt023,dt023_node_22,40.8,0.00160712880942205,0.04441744462596412,2.0,1.0,0.0,0.01339365798182492,0.00498977558618268,2.0,8.0,0.3125,0.22916666666666666,0.10416666666666666,1.0,,,,
dt023,dt023_node_23,7.3999999999999995,0.000655368564765376,0.04346568438130745,21.0,10.5,0.14285714285714285,0.0022239310026664506,0.0014469961650064593,2.0,8.0,0.3125,0.22916666666666666,0.10416666666666666,1.0,,,,
dt023,dt023_node_24,31.1,1.51114683573354e-06,0.02239572227753035,13.0,6.5,0.8461538461538461,4.12130955200067e-07,4.12130955200067e-07,2.0,8.0,0.3125,0.22916666666666666,0.10416666666666666,1.0,,,,
dt023,dt023_node_25,31.900000000000002,1.28885656384312e-07,0.015446954032574536,11.0,5.5,0.8181818181818182,1.22441373567178e-07,1.22441373567178e-07,2.0,8.0,0.3125,0.22916666666666666,0.10416666666666666,1.0,,,,
dt023,dt023_node_26,13.5,0.000776934837659991,0.04424261921896744,9.0,4.5,0.7777777777777778,0.002207585584475403,0.0021845072479959367,2.0,8.0,0.3125,0.22916666666666666,0.10416666666666666,1.0,,,,
dt023,dt023_node_27,47.3,0.00367092716767291,0.047136611548980356,12.0,6.0,0.3333333333333333,0.002211125194473195,0.000822737302738125,2.0,8.0,0.3125,0.22916666666666666,0.10416666666666666,1.0,,,,
dt023,dt023_node_28,27.200000000000003,8.24261910400134e-07,0.02239654653944075,12.0,6.0,0.8333333333333334,2.26672025360037e-07,2.26672025360037e-07,2.0,8.0,0.3125,0.22916666666666666,0.10416666666666666,1.0,,,,
dt023,dt023_node_29,31.900000000000002,2.44882747134356e-07,0.01544719891532167,10.0,5.0,0.8,2.332216639368215e-07,2.332216639368215e-07,2.0,8.0,0.3125,0.22916666666666666,0.10416666666666666,1.0,,,,
dt023,dt023_node_30,14.299999999999999,2.30783364794664e-05,0.0442656975554469,8.0,4.0,0.75,1.730825579249195e-07,1.730825579249195e-07,2.0,8.0,0.3125,0.22916666666666666,0.10416666666666666,1.0,,,,
dt023,dt023_node_31,58.099999999999994,0.00303386249721132,0.050170474046191675,4.0,2.0,0.5,4.70180633313191e-06,4.70180633313191e-06,2.0,8.0,0.3125,0.22916666666666666,0.10416666666666666,1.0,,,,
dt023,dt023_node_32,38.4,0.00138838789173507,0.04852499944071543,8.0,4.0,0.0,0.008889123010641969,0.00026577454340282,2.0,8.0,0.3125,0.22916666666666666,0.10416666666666666,1.0,,,,
dt023,dt023_node_33,27.1,4.53344050720074e-07,0.022396999883491468,11.0,5.5,0.8181818181818182,1.259289029778105e-07,1.259289029778105e-07,2.0,8.0,0.3125,0.22916666666666666,0.10416666666666666,1.0,,,,
dt023,dt023_node_34,31.900000000000002,4.66443327873643e-07,0.015447665358649543,9.0,4.5,0.7777777777777778,4.45241358427364e-07,4.45241358427364e-07,2.0,8.0,0.3125,0.22916666666666666,0.10416666666666666,1.0,,,,
dt023,dt023_node_35,12.9,3.46165115849839e-07,0.04426604372056275,7.0,3.5,0.7142857142857143,3.38472557724777e-07,3.38472557724777e-07,2.0,8.0,0.3125,0.22916666666666666,0.10416666666666666,1.0,,,,
dt023,dt023_node_36,56.599999999999994,9.40361266626382e-06,0.05017987765885794,3.0,1.5,0.3333333333333333,9.2326378905075e-06,9.2326378905075e-06,2.0,8.0,0.3125,0.22916666666666666,0.10416666666666666,1.0,,,,
dt023,dt023_node_37,86.0,0.00862334846723915,0.057148347907954575,4.0,2.0,0.5,0.0,0.0,2.0,8.0,0.3125,0.22916666666666666,0.10416666666666666,1.0,,,,
dt023,dt023_node_38,89.0,0.00915489755404479,0.05767989699476022,4.0,2.0,0.5,0.0,0.0,2.0,8.0,0.3125,0.22916666666666666,0.10416666666666666,1.0,,,,
dt023,dt023_node_39,23.3,2.51857805955621e-07,0.022397251741297423,10.0,5.0,0.8,4.42718799531364e-09,4.42718799531364e-09,2.0,8.0,0.3125,0.22916666666666666,0.10416666666666666,1.0,,,,
dt023,dt023_node_40,31.900000000000002,8.90482716854728e-07,0.015448555841366398,8.0,4.0,0.75,8.5176607699208e-07,8.5176607699208e-07,2.0,8.0,0.3125,0.22916666666666666,0.10416666666666666,1.0,,,,
dt023,dt023_node_41,13.0,6.76945115449554e-07,0.0442667206656782,6.0,3.0,0.6666666666666666,6.62228917306915e-07,6.62228917306915e-07,2.0,8.0,0.3125,0.22916666666666666,0.10416666666666666,1.0,,,,
dt023,dt023_node_42,31.900000000000002,1.8465275781015e-05,0.050198342934638956,2.0,1.0,0.0,0.002225644643271905,0.002225644643271905,2.0,8.0,0.3125,0.22916666666666666,0.10416666666666666,1.0,,,,
dt023,dt023_node_43,86.0,0.0,0.057148347907954575,3.0,1.5,0.3333333333333333,0.0,0.0,2.0,8.0,0.3125,0.22916666666666666,0.10416666666666666,1.0,,,,
dt023,dt023_node_44,89.0,0.0,0.05767989699476022,3.0,1.5,0.3333333333333333,0.0,0.0,2.0,8.0,0.3125,0.22916666666666666,0.10416666666666666,1.0,,,,
dt023,dt023_node_45,16.8,8.85437599062728e-09,0.022397260595673412,9.0,4.5,0.7777777777777778,4.42718799531364e-09,4.42718799531364e-09,2.0,8.0,0.3125,0.22916666666666666,0.10416666666666666,1.0,,,,
dt023,dt023_node_46,31.900000000000002,1.70353215398416e-06,0.015450259373520382,7.0,3.5,0.7142857142857143,1.632551647568155e-06,1.632551647568155e-06,2.0,8.0,0.3125,0.22916666666666666,0.10416666666666666,1.0,,,,
dt023,dt023_node_47,13.0,1.32445783461383e-06,0.04426804512351282,5.0,2.5,0.6,1.29627788069769e-06,1.29627788069769e-06,2.0,8.0,0.3125,0.22916666666666666,0.10416666666666666,1.0,,,,
dt023,dt023_node_48,86.0,0.0,0.057148347907954575,2.0,1.0,0.0,0.0,0.0,2.0,8.0,0.3125,0.22916666666666666,0.10416666666666666,1.0,,,,
dt023,dt023_node_49,89.0,0.0,0.05767989699476022,2.0,1.0,0.0,0.0,0.0,2.0,8.0,0.3125,0.22916666666666666,0.10416666666666666,1.0,,,,
dt023,dt023_node_50,4.6,8.85437599062728e-09,0.0223972694500494,8.0,4.0,0.75,4.42718799531364e-09,4.42718799531364e-09,2.0,8.0,0.3125,0.22916666666666666,0.10416666666666666,1.0,,,,
dt023,dt023_node_51,31.900000000000002,3.26510329513631e-06,0.015453524476815519,6.0,3.0,0.6666666666666666,3.134499163331415e-06,3.134499163331415e-06,2.0,8.0,0.3125,0.22916666666666666,0.10416666666666666,1.0,,,,
dt023,dt023_node_52,13.0,2.59255576139538e-06,0.044270637679274215,4.0,2.0,0.5,2.538544183049165e-06,2.538544183049165e-06,2.0,8.0,0.3125,0.22916666666666666,0.10416666666666666,1.0,,,,
dt023,dt023_node_53,4.6,8.85437599062728e-09,0.02239727830442539,7.0,3.5,0.7142857142857143,5.90291732708485e-09,5.90291732708485e-09,2.0,8.0,0.3125,0.22916666666666666,0.10416666666666666,1.0,,,,
dt023,dt023_node_54,31.900000000000002,6.26899832666283e-06,0.015459793475142182,5.0,2.5,0.6,6.0278830064087e-06,6.0278830064087e-06,2.0,8.0,0.3125,0.22916666666666666,0.10416666666666666,1.0,,,,
dt023,dt023_node_55,20.3,5.07708836609833e-06,0.04427571476764031,3.0,1.5,0.3333333333333333,4.973474317833265e-06,4.973474317833265e-06,2.0,8.0,0.3125,0.22916666666666666,0.10416666666666666,1.0,,,,
dt023,dt023_node_56,4.6,1.18058346541697e-08,0.022397290110260044,6.0,3.0,0.6666666666666666,8.8543759906273e-09,8.8543759906273e-09,2.0,8.0,0.3125,0.22916666666666666,0.10416666666666666,1.0,,,,
dt023,dt023_node_57,32.2,1.20557660128174e-05,0.015471849241155,4.0,2.0,0.5,1.160925616049185e-05,1.160925616049185e-05,2.0,8.0,0.3125,0.22916666666666666,0.10416666666666666,1.0,,,,
dt023,dt023_node_58,13.600000000000001,9.94694863566653e-06,0.04428566171627598,2.0,1.0,0.0,0.00221725711422138,0.00221725711422138,2.0,8.0,0.3125,0.22916666666666666,0.10416666666666666,1.0,,,,
dt023,dt023_node_59,6.3,1.77087519812546e-08,0.022397307819012027,5.0,2.5,0.6,1.416700158500365e-08,1.416700158500365e-08,2.0,8.0,0.3125,0.22916666666666666,0.10416666666666666,1.0,,,,
dt023,dt023_node_60,33.0,2.32185123209837e-05,0.015495067753475984,3.0,1.5,0.3333333333333333,0.00444719691822934,0.00444719691822934,2.0,8.0,0.3125,0.22916666666666666,0.10416666666666666,1.0,,,,
dt023,dt023_node_61,5.1,2.83340031700073e-08,0.022397336153015198,4.0,2.0,0.5,2.361166930833945e-08,2.361166930833945e-08,2.0,8.0,0.3125,0.22916666666666666,0.10416666666666666,1.0,,,,
dt023,dt023_node_62,86.8,0.00889439383645868,0.024389461589934665,2.0,1.0,0.0,0.0,0.0,2.0,8.0,0.3125,0.22916666666666666,0.10416666666666666,1.0,,,,
dt023,dt023_node_63,5.0,4.72233386166789e-08,0.022397383376353816,3.0,1.5,0.3333333333333333,4.047714738572475e-08,4.047714738572475e-08,2.0,8.0,0.3125,0.22916666666666666,0.10416666666666666,1.0,,,,
dt023,dt023_node_64,5.0,8.09542947714495e-08,0.022397464330648587,2.0,1.0,0.0,0.00220757993956634,0.00220757993956634,2.0,8.0,0.3125,0.22916666666666666,0.10416666666666666,1.0,,,,
dt024,dt024_node_0,21.7,0.00229595613416251,0.00229595613416251,43.0,21.5,0.9069767441860465,0.033431313174681676,0.024061339789317515,2.0,8.0,0.3125,0.22916666666666666,0.10416666666666666,0.6666666666666666,,,,
dt024,dt024_node_1,44.9,0.00553572953615061,0.00553572953615061,2.0,1.0,0.0,0.09471706463976895,0.007466945730099053,2.0,8.0,0.3125,0.22916666666666666,0.10416666666666666,0.6666666666666666,,,,
dt024,dt024_node_2,100.0,0.0574926529639992,0.05978860909816171,41.0,20.5,0.9024390243902439,0.01571869720839095,0.00369623561904555,2.0,8.0,0.3125,0.22916666666666666,0.10416666666666666,0.6666666666666666,,,,
dt024,dt024_node_3,58.4,0.00936997338536416,0.01166592951952667,2.0,1.0,0.0,0.05240536827318715,0.007927881444610149,2.0,8.0,0.3125,0.22916666666666666,0.10416666666666666,0.6666666666666666,,,,
dt024,dt024_node_4,93.8,0.0120224615893454,0.07181107068750711,39.0,19.5,0.5384615384615384,0.002850500029555935,0.001382001761416425,2.0,8.0,0.3125,0.22916666666666666,0.10416666666666666,0.6666666666666666,,,,
dt024,dt024_node_5,100.0,0.0194149328274365,0.07920354192559821,2.0,1.0,0.0,0.000845607112064886,9.333116076654026e-06,2.0,8.0,0.3125,0.22916666666666666,0.10416666666666666,0.6666666666666666,,,,
dt024,dt024_node_6,55.00000000000001,0.00423250179097236,0.07604357247847947,30.0,15.0,0.9333333333333333,0.01083429063285646,0.00901012069678484,2.0,8.0,0.3125,0.22916666666666666,0.10416666666666666,0.6666666666666666,,,,
dt024,dt024_node_7,70.1,0.00146849826813951,0.07327956895564662,9.0,4.5,0.7777777777777778,0.0055468744146641245,0.002087887398174885,2.0,8.0,0.3125,0.22916666666666666,0.10416666666666666,0.6666666666666666,,,,
dt024,dt024_node_8,43.5,0.00182416993607162,0.07786774241455109,29.0,14.5,0.9310344827586207,0.005647408345568785,0.0026398780700293153,2.0,8.0,0.3125,0.22916666666666666,0.10416666666666666,0.6666666666666666,,,,
dt024,dt024_node_9,99.8,0.00763476181283901,0.08091433076848563,8.0,4.0,0.75,0.000423551158668968,0.00030595301285740197,2.0,8.0,0.3125,0.22916666666666666,0.10416666666666666,0.6666666666666666,,,,
dt024,dt024_node_10,80.4,0.00300753027553947,0.08087527269009057,28.0,14.0,0.8571428571428571,0.003918675868156775,0.0001441954235774851,2.0,8.0,0.3125,0.22916666666666666,0.10416666666666666,0.6666666666666666,,,,
dt024,dt024_node_11,62.0,0.00072950417152637,0.081643834940012,7.0,3.5,0.7142857142857143,0.00042994556171257765,0.0003390455950100183,2.0,8.0,0.3125,0.22916666666666666,0.10416666666666666,0.6666666666666666,,,,
dt024,dt024_node_12,93.0,0.00406287129173426,0.08493814398182482,26.0,13.0,0.6923076923076923,0.0002942133150808615,1.876233748878851e-05,2.0,8.0,0.3125,0.22916666666666666,0.10416666666666666,0.6666666666666666,,,,
dt024,dt024_node_13,92.80000000000001,0.00377448044457929,0.08464975313466985,2.0,1.0,0.0,0.004706324610425295,0.001539215564584165,2.0,8.0,0.3125,0.22916666666666666,0.10416666666666666,0.6666666666666666,,,,
dt024,dt024_node_14,30.599999999999998,9.08999667025593e-05,0.08173473490671455,6.0,3.0,0.6666666666666666,0.0012750223841262293,0.0012662809414524607,2.0,8.0,0.3125,0.22916666666666666,0.10416666666666666,0.6666666666666666,,,,
dt024,dt024_node_15,19.400000000000002,0.00031297565256965,0.08525111963439447,22.0,11.0,0.5454545454545454,0.0003432265530859625,6.307006597687951e-05,2.0,8.0,0.3125,0.22916666666666666,0.10416666666666666,0.6666666666666666,,,,
dt024,dt024_node_16,15.8,0.000275450977592073,0.0852135949594169,4.0,2.0,0.5,0.0004238789407692245,5.529477689903495e-06,2.0,8.0,0.3125,0.22916666666666666,0.10416666666666666,0.6666666666666666,,,,
dt024,dt024_node_17,95.0,0.00254130332557869,0.08427603823229324,5.0,2.5,0.6,0.000850168947941242,0.00015242327591451796,2.0,8.0,0.3125,0.22916666666666666,0.10416666666666666,0.6666666666666666,,,,
dt024,dt024_node_18,39.800000000000004,0.000406296619062842,0.08565741625345731,17.0,8.5,0.29411764705882354,0.0025928003236233856,0.0024817117463868245,2.0,8.0,0.3125,0.22916666666666666,0.10416666666666666,0.6666666666666666,,,,
dt024,dt024_node_19,24.4,0.000280156487109083,0.08553127612150355,5.0,2.5,0.2,0.0006388178999116811,0.000636306531318009,2.0,8.0,0.3125,0.22916666666666666,0.10416666666666666,0.6666666666666666,,,,
dt024,dt024_node_20,40.300000000000004,0.000429408418459128,0.08564300337787603,3.0,1.5,0.3333333333333333,0.0008487196480351615,0.0007397423215410284,2.0,8.0,0.3125,0.22916666666666666,0.10416666666666666,0.6666666666666666,,,,
dt024,dt024_node_21,59.8,0.000697745672026724,0.08497378390431996,4.0,2.0,0.5,0.0012848011275953305,0.0009816518541075495,2.0,8.0,0.3125,0.22916666666666666,0.10416666666666666,0.6666666666666666,,,,
dt024,dt024_node_22,34.300000000000004,0.000111088577236561,0.08576850483069387,11.0,5.5,0.8181818181818182,0.00041414243631738114,0.00037591664187666983,2.0,8.0,0.3125,0.22916666666666666,0.10416666666666666,0.6666666666666666,,,,
dt024,dt024_node_23,99.5,0.00507451207001021,0.09073192832346752,6.0,3.0,0.0,0.0024352518893254998,0.0007495788119373,2.0,8.0,0.3125,0.22916666666666666,0.10416666666666666,0.6666666666666666,,,,
dt024,dt024_node_24,10.8,2.51136859367206e-06,0.08553378749009721,2.0,1.0,0.0,0.00085072115544642,0.00085072115544642,2.0,8.0,0.3125,0.22916666666666666,0.10416666666666666,0.6666666666666666,,,,
dt024,dt024_node_25,86.6,0.00127512443122969,0.08680640055273324,3.0,1.5,0.3333333333333333,0.0008494425849219825,0.0004323973521734275,2.0,8.0,0.3125,0.22916666666666666,0.10416666666666666,0.6666666666666666,,,,
dt024,dt024_node_26,95.5,0.00158846196957619,0.08723146534745223,2.0,1.0,0.0,0.000426311778130069,0.000426311778130069,2.0,8.0,0.3125,0.22916666666666666,0.10416666666666666,0.6666666666666666,,,,
dt024,dt024_node_27,43.9,0.000303149273487781,0.08527693317780774,3.0,1.5,0.3333333333333333,0.0004391765801546485,0.0004391765801546485,2.0,8.0,0.3125,0.22916666666666666,0.10416666666666666,0.6666666666666666,,,,
dt024,dt024_node_28,21.7,3.82257944407113e-05,0.08580673062513458,10.0,5.0,0.8,0.00042052260208524456,0.00040327056461554345,2.0,8.0,0.3125,0.22916666666666666,0.10416666666666666,0.6666666666666666,,,,
dt024,dt024_node_29,63.0,0.0031848307012628,0.09391675902473032,3.0,1.5,0.3333333333333333,0.0008487377340612285,0.0004143001811458415,2.0,8.0,0.3125,0.22916666666666666,0.10416666666666666,0.6666666666666666,,,,
dt024,dt024_node_30,35.9,0.0016856730773882,0.09241760140085573,3.0,1.5,0.3333333333333333,0.00128004539226653,7.32746711849e-05,2.0,8.0,0.3125,0.22916666666666666,0.10416666666666666,0.6666666666666666,,,,
dt024,dt024_node_31,77.60000000000001,0.00128183993709541,0.08808824048982865,2.0,1.0,0.0,0.0004237025599269003,0.0003851071260917707,2.0,8.0,0.3125,0.22916666666666666,0.10416666666666666,0.6666666666666666,,,,
dt024,dt024_node_32,76.6,0.000878353160309297,0.08615528633811703,2.0,1.0,0.0,0.000431811347534809,0.000431811347534809,2.0,8.0,0.3125,0.22916666666666666,0.10416666666666666,0.6666666666666666,,,,
dt024,dt024_node_33,19.900000000000002,1.72520374697011e-05,0.08582398266260428,9.0,4.5,0.7777777777777778,0.0004236855553842717,0.0004149576421295473,2.0,8.0,0.3125,0.22916666666666666,0.10416666666666666,0.6666666666666666,,,,
dt024,dt024_node_34,43.6,0.000434437552915387,0.09435119657764571,2.0,1.0,0.0,0.001696721173323353,0.000719145480123707,2.0,8.0,0.3125,0.22916666666666666,0.10416666666666666,0.6666666666666666,,,,
dt024,dt024_node_35,40.6,0.00135332006345143,0.09377092146430716,2.0,1.0,0.0,0.00256468942979626,0.0004669466215548798,2.0,8.0,0.3125,0.22916666666666666,0.10416666666666666,0.6666666666666666,,,,
dt024,dt024_node_36,13.900000000000002,8.72791325472436e-06,0.085832710575859,8.0,4.0,0.75,0.0008488376770817547,0.0008488001177810255,2.0,8.0,0.3125,0.22916666666666666,0.10416666666666666,0.6666666666666666,,,,
dt024,dt024_node_37,8.9,3.75593007291795e-08,0.08583274813515973,7.0,3.5,0.7142857142857143,3.23347091377591e-07,3.23347091377591e-07,2.0,8.0,0.3125,0.22916666666666666,0.10416666666666666,0.6666666666666666,,,,
dt024,dt024_node_38,3.6999999999999997,6.46694182755182e-07,0.08583339482934249,6.0,3.0,0.6666666666666666,0.00042405808853311383,0.0004239693492064161,2.0,8.0,0.3125,0.22916666666666666,0.10416666666666666,0.6666666666666666,,,,
dt024,dt024_node_39,2.6,8.87393266977123e-08,0.08583348356866918,5.0,2.5,0.6,0.0004238742312319029,0.0004238534397632351,2.0,8.0,0.3125,0.22916666666666666,0.10416666666666666,0.6666666666666666,,,,
dt024,dt024_node_40,1.7000000000000002,2.07914686678294e-08,0.08583350436013786,4.0,2.0,0.5,0.00042406702395581295,0.0004240485081728311,2.0,8.0,0.3125,0.22916666666666666,0.10416666666666666,0.6666666666666666,,,,
dt024,dt024_node_41,4.2,1.85157829818753e-08,0.08583352287592083,3.0,1.5,0.3333333333333333,0.00042387889896565114,0.00042387818268817376,2.0,8.0,0.3125,0.22916666666666666,0.10416666666666666,0.6666666666666666,,,,
dt024,dt024_node_42,6.9,7.1627747738048e-10,0.08583352359219831,2.0,1.0,0.0,0.0008481342866707856,3.8163033752027994e-10,2.0,8.0,0.3125,0.22916666666666666,0.10416666666666666,0.6666666666666666,,,,
dt025,dt025_node_0,100.0,0.0815851400232188,0.0815851400232188,6.0,3.0,0.3333333333333333,0.0016675221999767056,0.0012303466884743947,2.0,8.0,0.25,0.3125,0.1875,0.75,,,,
dt025,dt025_node_1,99.9,0.0582737233447302,0.0582737233447302,5.0,2.5,0.6,0.001022018096576467,0.0006439453038821329,2.0,8.0,0.25,0.3125,0.1875,0.75,,,,
dt025,dt025_node_2,74.7,0.018908921152576,0.018908921152576,5.0,2.5,0.2,0.0518072425112618,0.011390116479317997,2.0,8.0,0.25,0.3125,0.1875,0.75,,,,
dt025,dt025_node_3,41.0,0.0028978688884511,0.0844830089116699,4.0,2.0,0.5,0.002218979854327795,0.000809425373643425,2.0,8.0,0.25,0.3125,0.1875,0.75,,,,
dt025,dt025_node_4,35.4,0.000437175511502311,0.08202231553472111,2.0,1.0,0.0,1.840722353808195e-05,1.840722353808195e-05,2.0,8.0,0.25,0.3125,0.1875,0.75,,,,
dt025,dt025_node_5,67.2,0.0016659634004586,0.059939686745188805,4.0,2.0,0.0,0.00104741753559698,0.00081162638090135,2.0,8.0,0.25,0.3125,0.1875,0.75,,,,
dt025,dt025_node_6,99.9,0.0404171260319438,0.059326047184519795,2.0,1.0,0.0,0.010183822310881795,0.0020527140143692052,2.0,8.0,0.25,0.3125,0.1875,0.75,,,,
dt025,dt025_node_7,100.0,0.0631973589905798,0.0821062801431558,3.0,1.5,0.3333333333333333,0.01738658801276345,0.0045968983767730506,2.0,8.0,0.25,0.3125,0.1875,0.75,,,,
dt025,dt025_node_8,33.0,0.00140955448068437,0.08589256339235428,3.0,1.5,0.3333333333333333,0.009269944993177051,0.008564892074340547,2.0,8.0,0.25,0.3125,0.1875,0.75,,,,
dt025,dt025_node_9,38.800000000000004,0.00023579115469563,0.060175477899884436,2.0,1.0,0.0,0.0,0.0,2.0,8.0,0.25,0.3125,0.1875,0.75,,,,
dt025,dt025_node_10,56.10000000000001,0.00185904391649833,0.06179873066168714,2.0,1.0,0.0,0.000148871227026892,0.000148871227026892,2.0,8.0,0.25,0.3125,0.1875,0.75,,,,
dt025,dt025_node_11,94.39999999999999,0.0127896896359904,0.09489596977914619,2.0,1.0,0.0,0.00091006522621641,0.00091006522621641,2.0,8.0,0.25,0.3125,0.1875,0.75,,,,
dt025,dt025_node_12,24.8,0.000705052918836506,0.08659761631119078,2.0,1.0,0.0,0.00401688684073167,0.00204139176914633,2.0,8.0,0.25,0.3125,0.1875,0.75,,,,
dt026,dt026_node_0,96.3,0.0230434843776095,0.0230434843776095,42.0,21.0,0.42857142857142855,0.008544287602937115,0.003038670113843785,2.0,8.0,0.0,0.3125,0.1875,0.75,,,,
dt026,dt026_node_1,40.6,0.00408786795400302,0.00408786795400302,32.0,16.0,0.0625,0.0060069465818891644,0.0028824232954761247,2.0,8.0,0.0,0.3125,0.1875,0.75,,,,
dt026,dt026_node_2,45.0,0.00550561748909333,0.028549101866702828,30.0,15.0,0.9333333333333333,0.01262008608540772,0.01102933761006058,2.0,8.0,0.0,0.3125,0.1875,0.75,,,,
dt026,dt026_node_3,90.9,0.0115829577167809,0.0346264420943904,12.0,6.0,0.3333333333333333,0.00399277500712583,0.00206925425675641,2.0,8.0,0.0,0.3125,0.1875,0.75,,,,
dt026,dt026_node_4,74.1,0.00888936987736529,0.01297723783136831,15.0,7.5,0.06666666666666667,0.02243061325712055,0.001954407530511749,2.0,8.0,0.0,0.3125,0.1875,0.75,,,,
dt026,dt026_node_5,30.4,0.00312452328641304,0.007212391240416061,17.0,8.5,0.8823529411764706,0.01704409969201145,0.005891015589595151,2.0,8.0,0.0,0.3125,0.1875,0.75,,,,
dt026,dt026_node_6,11.700000000000001,0.00159074847534714,0.030139850342049967,29.0,14.5,0.7241379310344828,0.00227757336044291,2.8818029824790106e-05,2.0,8.0,0.0,0.3125,0.1875,0.75,,,,
dt026,dt026_node_7,27.900000000000002,0.00192352075036942,0.036549962844759816,4.0,2.0,0.5,0.008920757069973835,0.005971181574350765,2.0,8.0,0.0,0.3125,0.1875,0.75,,,,
dt026,dt026_node_8,49.2,0.00606202926388224,0.04068847135827264,8.0,4.0,0.75,0.00133391481820012,0.00013365894582569005,2.0,8.0,0.0,0.3125,0.1875,0.75,,,,
dt026,dt026_node_9,99.8,0.0243850207876323,0.03736225861900061,8.0,4.0,0.5,0.009058291510851545,0.0028080590752006546,2.0,8.0,0.0,0.3125,0.1875,0.75,,,,
dt026,dt026_node_10,99.8,0.0204762057266088,0.03345344355797711,7.0,3.5,0.42857142857142855,0.0007382809922613085,0.00037871983361194143,2.0,8.0,0.0,0.3125,0.1875,0.75,,,,
dt026,dt026_node_11,72.8,0.0111530841024163,0.01836547534283236,16.0,8.0,0.5,0.01388901633919085,0.0005446166061863498,2.0,8.0,0.0,0.3125,0.1875,0.75,,,,
dt026,dt026_node_12,3.9,0.0023063913902677,0.032446241732317666,25.0,12.5,0.04,0.0008117064860971889,0.000177237373427868,2.0,8.0,0.0,0.3125,0.1875,0.75,,,,
dt026,dt026_node_13,23.7,0.00224875533061812,0.03238860567266809,4.0,2.0,0.0,0.01133235553923297,0.005338400567848629,2.0,8.0,0.0,0.3125,0.1875,0.75,,,,
dt026,dt026_node_14,39.800000000000004,0.00294957549562307,0.03949953834038289,3.0,1.5,0.3333333333333333,0.005909482127592565,0.002398953344516155,2.0,8.0,0.0,0.3125,0.1875,0.75,,,,
dt026,dt026_node_15,26.0,0.00146757376402581,0.042156045122298445,7.0,3.5,0.14285714285714285,0.0031656904126559668,0.0022512152696330025,2.0,8.0,0.0,0.3125,0.1875,0.75,,,,
dt026,dt026_node_16,86.9,0.00625023243565089,0.0436124910546515,6.0,3.0,0.6666666666666666,0.0014615734725676,0.00019024714313518995,2.0,8.0,0.0,0.3125,0.1875,0.75,,,,
dt026,dt026_node_17,99.8,0.0118663505860522,0.04922860920505281,2.0,1.0,0.0,0.004948107280476095,0.004948107280476095,2.0,8.0,0.0,0.3125,0.1875,0.75,,,,
dt026,dt026_node_18,55.60000000000001,0.00111700082587325,0.03457044438385036,2.0,1.0,0.0,0.0029475076452592152,1.1735764053824897e-05,2.0,8.0,0.0,0.3125,0.1875,0.75,,,,
dt026,dt026_node_19,15.0,0.000359561158649367,0.033813004716626474,5.0,2.5,0.6,0.0014620361369511465,0.0010212023525228635,2.0,8.0,0.0,0.3125,0.1875,0.75,,,,
dt026,dt026_node_20,98.8,0.0133443997330045,0.03170987507583686,4.0,2.0,0.5,0.00889491070794467,0.00473096717444843,2.0,8.0,0.0,0.3125,0.1875,0.75,,,,
dt026,dt026_node_21,95.19999999999999,0.0144336329453772,0.03279910828820956,12.0,6.0,0.6666666666666666,0.005633572509565869,0.00411978176625711,2.0,8.0,0.0,0.3125,0.1875,0.75,,,,
dt026,dt026_node_22,1.2,0.000634469112669321,0.03308071084498699,13.0,6.5,0.6923076923076923,0.0025933837572088498,0.00117537176421842,2.0,8.0,0.0,0.3125,0.1875,0.75,,,,
dt026,dt026_node_23,1.0,0.000988943859525057,0.03343518559184272,12.0,6.0,0.16666666666666666,0.0009214268324670386,0.00037396883674450156,2.0,8.0,0.0,0.3125,0.1875,0.75,,,,
dt026,dt026_node_24,99.0,0.0166707561070816,0.04905936177974969,2.0,1.0,0.0,0.0029475076452592152,0.00047901970328683503,2.0,8.0,0.0,0.3125,0.1875,0.75,,,,
dt026,dt026_node_25,71.3,0.00599395497138434,0.03838256064405243,2.0,1.0,0.0,0.007403167254322605,0.0031579318389264952,2.0,8.0,0.0,0.3125,0.1875,0.75,,,,
dt026,dt026_node_26,93.30000000000001,0.00351052878307641,0.0430100671234593,2.0,1.0,0.0,0.00154488817297233,0.00154488817297233,2.0,8.0,0.0,0.3125,0.1875,0.75,,,,
dt026,dt026_node_27,76.3,0.00541690568228897,0.04757295080458741,3.0,1.5,0.3333333333333333,0.0014678803876984595,0.0005159939562996605,2.0,8.0,0.0,0.3125,0.1875,0.75,,,,
dt026,dt026_node_28,22.7,0.000914475143022964,0.04307052026532141,4.0,2.0,0.5,0.00721544488927143,0.00296813446176697,2.0,8.0,0.0,0.3125,0.1875,0.75,,,,
dt026,dt026_node_29,63.3,0.00165182061570279,0.045264311670354294,5.0,2.5,0.6,1.42775678908267e-05,1.42775678908267e-05,2.0,8.0,0.0,0.3125,0.1875,0.75,,,,
dt026,dt026_node_30,15.6,0.000440833784428283,0.034253838501054755,4.0,2.0,0.5,2.551773802360805e-05,2.551773802360805e-05,2.0,8.0,0.0,0.3125,0.1875,0.75,,,,
dt026,dt026_node_31,70.3,0.00416394353349624,0.0358738186093331,3.0,1.5,0.3333333333333333,0.00588541953503936,0.00025428155920221,2.0,8.0,0.0,0.3125,0.1875,0.75,,,,
dt026,dt026_node_32,76.9,0.00975335427582298,0.04255246256403254,2.0,1.0,0.0,0.00597817668350432,0.0026104395748794305,2.0,8.0,0.0,0.3125,0.1875,0.75,,,,
dt026,dt026_node_33,27.200000000000003,0.00151379074330876,0.034312899031518324,10.0,5.0,0.8,0.0014784001547400601,0.00043574372573034,2.0,8.0,0.0,0.3125,0.1875,0.75,,,,
dt026,dt026_node_34,1.7000000000000002,0.00141801199299043,0.03449872283797742,11.0,5.5,0.2727272727272727,0.0008360005931708465,3.337240163286449e-05,2.0,8.0,0.0,0.3125,0.1875,0.75,,,,
dt026,dt026_node_35,32.300000000000004,0.00376875552142727,0.03684946636641426,2.0,1.0,0.0,0.014900044861257851,0.0010861941446075503,2.0,8.0,0.0,0.3125,0.1875,0.75,,,,
dt026,dt026_node_36,8.5,0.00129539566921154,0.03473058126105426,5.0,2.5,0.2,0.003753511010160495,0.0009447713924397349,2.0,8.0,0.0,0.3125,0.1875,0.75,,,,
dt026,dt026_node_37,0.0,0.000547457995722537,0.03398264358756526,7.0,3.5,0.14285714285714285,0.002815740150373615,0.0011602950529596052,2.0,8.0,0.0,0.3125,0.1875,0.75,,,,
dt026,dt026_node_38,57.3,0.00198387434399812,0.04955682514858553,2.0,1.0,0.0,0.0,0.0,2.0,8.0,0.0,0.3125,0.1875,0.75,,,,
dt026,dt026_node_39,77.8,0.00424731042750446,0.04731783069282587,3.0,1.5,0.3333333333333333,4.044455122914185e-05,4.044455122914185e-05,2.0,8.0,0.0,0.3125,0.1875,0.75,,,,
dt026,dt026_node_40,98.3,2.85551357816534e-05,0.04529286680613595,4.0,2.0,0.5,2.81472052704774e-05,2.81472052704774e-05,2.0,8.0,0.0,0.3125,0.1875,0.75,,,,
dt026,dt026_node_41,9.700000000000001,5.10354760472161e-05,0.03430487397710197,3.0,1.5,0.3333333333333333,5.00147665262695e-05,5.00147665262695e-05,2.0,8.0,0.0,0.3125,0.1875,0.75,,,,
dt026,dt026_node_42,97.8,0.00613970109424157,0.04201351970357467,2.0,1.0,0.0,0.0,0.0,2.0,8.0,0.0,0.3125,0.1875,0.75,,,,
dt026,dt026_node_43,26.3,0.00104265642900972,0.03535555546052804,9.0,4.5,0.1111111111111111,0.001455059662331045,7.3067152475075e-05,2.0,8.0,0.0,0.3125,0.1875,0.75,,,,
dt026,dt026_node_44,1.4000000000000001,0.000869372994803711,0.03536809583278113,7.0,3.5,0.14285714285714285,0.0023914671265577152,0.001325506221744055,2.0,8.0,0.0,0.3125,0.1875,0.75,,,,
dt026,dt026_node_45,6.6000000000000005,0.000802628191537982,0.0353013510295154,4.0,2.0,0.5,0.00591061306511172,0.00435251783410378,2.0,8.0,0.0,0.3125,0.1875,0.75,,,,
dt026,dt026_node_46,41.9,0.00469828240260023,0.03942886366365449,3.0,1.5,0.3333333333333333,0.001477041958866299,0.000799456297416061,2.0,8.0,0.0,0.3125,0.1875,0.75,,,,
dt026,dt026_node_47,45.6,0.00280873961772076,0.03753932087877502,2.0,1.0,0.0,0.00738599685851247,0.00021109575672150025,2.0,8.0,0.0,0.3125,0.1875,0.75,,,,
dt026,dt026_node_48,17.1,0.00165544509741401,0.03563808868497927,3.0,1.5,0.3333333333333333,0.01349489038172445,0.003273119984971851,2.0,8.0,0.0,0.3125,0.1875,0.75,,,,
dt026,dt026_node_49,25.6,0.00397603520333322,0.03795867879089848,4.0,2.0,0.5,0.002189638137173302,0.0021064320395691475,2.0,8.0,0.0,0.3125,0.1875,0.75,,,,
dt026,dt026_node_50,81.10000000000001,8.08891024582837e-05,0.04739871979528416,2.0,1.0,0.0,0.001546695410606535,0.001546695410606535,2.0,8.0,0.0,0.3125,0.1875,0.75,,,,
dt026,dt026_node_51,61.0,5.62944105409548e-05,0.045349161216676905,3.0,1.5,0.3333333333333333,5.33636476761965e-05,5.33636476761965e-05,2.0,8.0,0.0,0.3125,0.1875,0.75,,,,
dt026,dt026_node_52,11.3,0.000100029533052539,0.03440490351015451,2.0,1.0,0.0,2.342606974041675e-05,2.342606974041675e-05,2.0,8.0,0.0,0.3125,0.1875,0.75,,,,
dt026,dt026_node_53,11.5,0.00138199250985597,0.03673754797038401,4.0,2.0,0.5,0.0014735259506686751,0.00020922856824416504,2.0,8.0,0.0,0.3125,0.1875,0.75,,,,
dt026,dt026_node_54,27.500000000000004,0.00152812681480612,0.036883682275334166,5.0,2.5,0.6,0.008290906519708374,0.0003412694721898748,2.0,8.0,0.0,0.3125,0.1875,0.75,,,,
dt026,dt026_node_55,4.3999999999999995,0.00106596090481366,0.03643405673759479,4.0,2.0,0.0,0.00843103208440828,0.00594042292130882,2.0,8.0,0.0,0.3125,0.1875,0.75,,,,
dt026,dt026_node_56,38.800000000000004,0.00371697334830177,0.0390850691810829,3.0,1.5,0.3333333333333333,0.01216624684119634,0.0052208377259082605,2.0,8.0,0.0,0.3125,0.1875,0.75,,,,
dt026,dt026_node_57,41.699999999999996,0.00155809523100794,0.036859446260523336,3.0,1.5,0.3333333333333333,0.0118654143933088,0.00032211623314830004,2.0,8.0,0.0,0.3125,0.1875,0.75,,,,
dt026,dt026_node_58,31.1,0.000677585661450238,0.04010644932510472,2.0,1.0,0.0,0.010412308220139095,0.0067590014512224055,2.0,8.0,0.0,0.3125,0.1875,0.75,,,,
dt026,dt026_node_59,99.1,0.0102217703967526,0.045859859081731874,2.0,1.0,0.0,0.001532732773868865,0.001532732773868865,2.0,8.0,0.0,0.3125,0.1875,0.75,,,,
dt026,dt026_node_60,11.200000000000001,8.32060976041545e-05,0.03804188488850264,3.0,1.5,0.3333333333333333,0.0074521345954946545,0.00015098352904178514,2.0,8.0,0.0,0.3125,0.1875,0.75,,,,
dt026,dt026_node_61,61.1,0.000106727295352393,0.0454558885120293,2.0,1.0,0.0,0.00147611554552748,0.00147611554552748,2.0,8.0,0.0,0.3125,0.1875,0.75,,,,
dt026,dt026_node_62,13.5,0.00168275451891284,0.03842030248929685,3.0,1.5,0.3333333333333333,0.001465259575860334,0.0006051816340311362,2.0,8.0,0.0,0.3125,0.1875,0.75,,,,
dt026,dt026_node_63,65.9,0.00863217599189825,0.045515858267232416,4.0,2.0,0.5,0.006028448343409225,0.0034034804411772757,2.0,8.0,0.0,0.3125,0.1875,0.75,,,,
dt026,dt026_node_64,47.8,0.00249060916309946,0.03892466590069425,2.0,1.0,0.0,0.00739944229249062,0.0007326696251227305,2.0,8.0,0.0,0.3125,0.1875,0.75,,,,
dt026,dt026_node_65,84.5,0.0143714550057171,0.05080551174331189,2.0,1.0,0.0,0.007443841311621,0.006348691207073,2.0,8.0,0.0,0.3125,0.1875,0.75,,,,
dt026,dt026_node_66,81.69999999999999,0.00694540911528808,0.046030478296370976,2.0,1.0,0.0,0.012044836568018615,0.006575353047776785,2.0,8.0,0.0,0.3125,0.1875,0.75,,,,
dt026,dt026_node_67,98.6,0.0115432981601605,0.04840274442068383,2.0,1.0,0.0,0.001461914755761315,0.001461914755761315,2.0,8.0,0.0,0.3125,0.1875,0.75,,,,
dt026,dt026_node_68,87.5,0.00760311812453644,0.04564500301303908,2.0,1.0,0.0,0.002933561783187405,0.0007889753900075448,2.0,8.0,0.0,0.3125,0.1875,0.75,,,,
dt026,dt026_node_69,20.4,0.00207044120989147,0.04049074369918832,2.0,1.0,0.0,0.000591794085526925,0.000591794085526925,2.0,8.0,0.0,0.3125,0.1875,0.75,,,,
dt026,dt026_node_70,62.6,0.00262496790223195,0.048140826169464364,3.0,1.5,0.3333333333333333,0.0014737538226296102,0.0007003824020744501,2.0,8.0,0.0,0.3125,0.1875,0.75,,,,
dt026,dt026_node_71,47.699999999999996,0.00077337142055516,0.048914197590019526,2.0,1.0,0.0,0.00208973666969696,0.00208973666969696,2.0,8.0,0.0,0.3125,0.1875,0.75,,,,
dt027,dt027_node_0,61.3,0.00784106065618026,0.00784106065618026,12.0,6.0,0.8333333333333334,0.04441509378272171,0.03724695066372509,2.0,8.0,0.4375,0.5625,0.4375,1.0,,,,
dt027,dt027_node_1,90.7,0.0244030188534843,0.0244030188534843,9.0,4.5,0.7777777777777778,0.07404389326488606,0.05261129322683695,2.0,8.0,0.4375,0.5625,0.4375,1.0,,,,
dt027,dt027_node_2,99.9,0.0462240803911337,0.0462240803911337,7.0,3.5,0.42857142857142855,0.019503586416086745,0.011974779991616155,2.0,8.0,0.4375,0.5625,0.4375,1.0,,,,
dt027,dt027_node_3,38.0,0.00716814311899662,0.01500920377517688,11.0,5.5,0.09090909090909091,0.011769691723314305,0.008212385365027894,2.0,8.0,0.4375,0.5625,0.4375,1.0,,,,
dt027,dt027_node_4,88.7,0.0214326000380491,0.0458356188915334,8.0,4.0,0.5,0.03028595840002835,0.01189905349480615,2.0,8.0,0.4375,0.5625,0.4375,1.0,,,,
dt027,dt027_node_5,97.0,0.0314783664077029,0.0777024467988366,2.0,1.0,0.0,0.06300433050297005,0.0014021700274139542,2.0,8.0,0.4375,0.5625,0.4375,1.0,,,,
dt027,dt027_node_6,58.099999999999994,0.00752880642447059,0.05375288681560429,5.0,2.5,0.2,0.04225844857194465,0.019070084073668253,2.0,8.0,0.4375,0.5625,0.4375,1.0,,,,
dt027,dt027_node_7,83.89999999999999,0.0199820770883422,0.034991280863519075,6.0,3.0,0.6666666666666666,0.05372235767465472,0.04568486878326668,2.0,8.0,0.4375,0.5625,0.4375,1.0,,,,
dt027,dt027_node_8,39.2,0.00355730635828641,0.01856651013346329,5.0,2.5,0.6,0.059111875460296656,0.03598305683868706,2.0,8.0,0.4375,0.5625,0.4375,1.0,,,,
dt027,dt027_node_9,100.0,0.0421850118948345,0.0880206307863679,2.0,1.0,0.0,0.0450832815020317,0.0006620498784831001,2.0,8.0,0.4375,0.5625,0.4375,1.0,,,,
dt027,dt027_node_10,95.5,0.0183869049052222,0.0642225237967556,6.0,3.0,0.6666666666666666,0.0374861366552544,0.028819455121974404,2.0,8.0,0.4375,0.5625,0.4375,1.0,,,,
dt027,dt027_node_11,97.3,0.0231883644982764,0.07694125131388069,2.0,1.0,0.0,0.06445317394894885,0.003368384729890251,2.0,8.0,0.4375,0.5625,0.4375,1.0,,,,
dt027,dt027_node_12,100.0,0.0613285326456129,0.1150814194612172,3.0,1.5,0.3333333333333333,0.0363332112118617,0.0215535510766781,2.0,8.0,0.4375,0.5625,0.4375,1.0,,,,
dt027,dt027_node_13,43.3,0.00803748889138804,0.04302876975490712,5.0,2.5,0.2,0.016107426741155062,0.01174600372421874,2.0,8.0,0.4375,0.5625,0.4375,1.0,,,,
dt027,dt027_node_14,89.8,0.0231288186216096,0.04169532875507289,4.0,2.0,0.0,0.03332975965970435,0.01383364499798535,2.0,8.0,0.4375,0.5625,0.4375,1.0,,,,
dt027,dt027_node_15,53.300000000000004,0.00866668153328,0.0728892053300356,5.0,2.5,0.6,0.02945019612950341,0.02832869771651989,2.0,8.0,0.4375,0.5625,0.4375,1.0,,,,
dt027,dt027_node_16,89.8,0.0147796601351836,0.1298610795964008,2.0,1.0,0.0,0.0401529997361731,0.004511765620128897,2.0,8.0,0.4375,0.5625,0.4375,1.0,,,,
dt027,dt027_node_17,24.6,0.00436142301693632,0.047390192771843434,3.0,1.5,0.3333333333333333,0.04028206491573295,0.029998382712777348,2.0,8.0,0.4375,0.5625,0.4375,1.0,,,,
dt027,dt027_node_18,92.10000000000001,0.0278534304653738,0.07088220022028091,2.0,1.0,0.0,0.0462206796325577,0.0055139549652249015,2.0,8.0,0.4375,0.5625,0.4375,1.0,,,,
dt027,dt027_node_19,99.9,0.0471634046576897,0.0888587334127626,2.0,1.0,0.0,0.04047381478247265,0.0023782905885565524,2.0,8.0,0.4375,0.5625,0.4375,1.0,,,,
dt027,dt027_node_20,83.39999999999999,0.019496114661719,0.06119144341679189,2.0,1.0,0.0,0.0641471186237382,0.004828773252717598,2.0,8.0,0.4375,0.5625,0.4375,1.0,,,,
dt027,dt027_node_21,22.3,0.00112149841298352,0.07401070374301912,4.0,2.0,0.5,0.0353230851720153,0.024363133606883202,2.0,8.0,0.4375,0.5625,0.4375,1.0,,,,
dt027,dt027_node_22,45.4,0.0102836822029556,0.05767387497479903,2.0,1.0,0.0,0.0874872614333023,0.005057403269608997,2.0,8.0,0.4375,0.5625,0.4375,1.0,,,,
dt027,dt027_node_23,70.19999999999999,0.0109599515651321,0.08497065530815122,3.0,1.5,0.3333333333333333,0.02599070808433075,0.013457120610784449,2.0,8.0,0.4375,0.5625,0.4375,1.0,,,,
dt027,dt027_node_24,84.3,0.0125335874735463,0.09750424278169752,2.0,1.0,0.0,0.03647103419508255,0.010399380242042849,2.0,8.0,0.4375,0.5625,0.4375,1.0,,,,
dt028,dt028_node_0,80.9,0.0347839280669074,0.0347839280669074,22.0,11.0,0.8181818181818182,0.10088750796402565,0.05080582282331636,2.0,8.0,0.25,0.3125,0.1875,0.75,,,,
dt028,dt028_node_1,97.2,0.0646167422816624,0.0646167422816624,10.0,5.0,0.2,0.01844149704560755,0.0038679987818940505,2.0,8.0,0.25,0.3125,0.1875,0.75,,,,
dt028,dt028_node_2,78.8,0.0561555239369021,0.0561555239369021,4.0,2.0,0.0,0.0588964177071955,0.0142442907345228,2.0,8.0,0.25,0.3125,0.1875,0.75,,,,
dt028,dt028_node_3,97.3,0.0500816851407093,0.08486561320761671,20.0,10.0,0.0,0.043335767347180296,0.0096643601791505,2.0,8.0,0.25,0.3125,0.1875,0.75,,,,
dt028,dt028_node_4,100.0,0.151693330787342,0.18647725885424943,2.0,1.0,0.0,0.001635663804441805,0.001635663804441805,2.0,8.0,0.25,0.3125,0.1875,0.75,,,,
dt028,dt028_node_5,93.30000000000001,0.0145734982637135,0.0791902405453759,4.0,2.0,0.5,0.019865413250528548,0.014847762573184549,2.0,8.0,0.25,0.3125,0.1875,0.75,,,,
dt028,dt028_node_6,99.2,0.0223094958275016,0.086926238109164,6.0,3.0,0.6666666666666666,0.01488907702978031,0.005464300330012791,2.0,8.0,0.25,0.3125,0.1875,0.75,,,,
dt028,dt028_node_7,97.39999999999999,0.0731407084417183,0.1292962323786204,2.0,1.0,0.0,0.07779006569854825,0.005790079072211754,2.0,8.0,0.25,0.3125,0.1875,0.75,,,,
dt028,dt028_node_8,72.39999999999999,0.0446521269726727,0.1008076509095748,2.0,1.0,0.0,0.147020346748015,0.043241712620997,2.0,8.0,0.25,0.3125,0.1875,0.75,,,,
dt028,dt028_node_9,99.9,0.0530001275263308,0.1378657407339475,10.0,5.0,0.4,0.008959371122303505,0.0022447721186116955,2.0,8.0,0.25,0.3125,0.1875,0.75,,,,
dt028,dt028_node_10,99.9,0.0336714071680298,0.1185370203756465,10.0,5.0,0.4,0.0143282460681411,0.003429362895672,2.0,8.0,0.25,0.3125,0.1875,0.75,,,,
dt028,dt028_node_11,56.8,0.005017650677344,0.0842078912227199,3.0,1.5,0.3333333333333333,0.03028925724030015,0.0025863752442084505,2.0,8.0,0.25,0.3125,0.1875,0.75,,,,
dt028,dt028_node_12,91.0,0.00942477669976752,0.09635101480893152,5.0,2.5,0.6,0.00774047805534078,0.00564880859007872,2.0,8.0,0.25,0.3125,0.1875,0.75,,,,
dt028,dt028_node_13,86.0,0.00671459900369181,0.1445803397376393,7.0,3.5,0.14285714285714285,0.0065457954155266045,0.0022626196289618947,2.0,8.0,0.25,0.3125,0.1875,0.75,,,,
dt028,dt028_node_14,98.4,0.0112041432409152,0.1490698839748627,3.0,1.5,0.3333333333333333,0.00403554127203693,0.0009815724615790898,2.0,8.0,0.25,0.3125,0.1875,0.75,,,,
dt028,dt028_node_15,99.1,0.0177576089638131,0.1362946293394596,3.0,1.5,0.3333333333333333,0.0061342066062539495,0.0014617804446093803,2.0,8.0,0.25,0.3125,0.1875,0.75,,,,
dt028,dt028_node_16,84.1,0.0108988831724691,0.1294359035481156,7.0,3.5,0.7142857142857143,0.015893166624342252,0.00411945965426315,2.0,8.0,0.25,0.3125,0.1875,0.75,,,,
dt028,dt028_node_17,99.9,0.0277028819960917,0.1119107732188116,2.0,1.0,0.0,0.00104056199754133,0.00104056199754133,2.0,8.0,0.25,0.3125,0.1875,0.75,,,,
dt028,dt028_node_18,49.7,0.00209166946526206,0.09844268427419357,4.0,2.0,0.0,0.0020402541982410547,0.0001638356679908449,2.0,8.0,0.25,0.3125,0.1875,0.75,,,,
dt028,dt028_node_19,99.1,0.0088084150444885,0.15338875478212782,4.0,2.0,0.0,0.001603816628736655,0.0004304935430270351,2.0,8.0,0.25,0.3125,0.1875,0.75,,,,
dt028,dt028_node_20,81.8,0.00428317578656471,0.14886351552420402,3.0,1.5,0.3333333333333333,0.00563398679822151,0.0007236253393599298,2.0,8.0,0.25,0.3125,0.1875,0.75,,,,
dt028,dt028_node_21,71.39999999999999,0.00501711373361602,0.15408699770847872,2.0,1.0,0.0,0.008902394678876002,0.0005849100977961099,2.0,8.0,0.25,0.3125,0.1875,0.75,,,,
dt028,dt028_node_22,62.8,0.00467242616164457,0.14096705550110417,2.0,1.0,0.0,0.01138428842324496,0.00219460492964814,2.0,8.0,0.25,0.3125,0.1875,0.75,,,,
dt028,dt028_node_23,100.0,0.0200126262786054,0.149448529826721,6.0,3.0,0.6666666666666666,0.003212535901887785,0.001321621549739785,2.0,8.0,0.25,0.3125,0.1875,0.75,,,,
dt028,dt028_node_24,40.8,0.0022040898662319,0.10064677414042547,2.0,1.0,0.0,0.00563397161293905,0.00288773994597606,2.0,8.0,0.25,0.3125,0.1875,0.75,,,,
dt028,dt028_node_25,39.900000000000006,0.00187641853025021,0.10031910280444378,2.0,1.0,0.0,0.008060301624419435,0.0018426438969168352,2.0,8.0,0.25,0.3125,0.1875,0.75,,,,
dt028,dt028_node_26,59.199999999999996,0.00117332308570962,0.15456207786783743,2.0,1.0,0.0,0.00239857154912845,0.00087393174401071,2.0,8.0,0.25,0.3125,0.1875,0.75,,,,
dt028,dt028_node_27,81.3,0.00203431017176369,0.15542306495389152,2.0,1.0,0.0,0.000797280259550573,0.000651772453491917,2.0,8.0,0.25,0.3125,0.1875,0.75,,,,
dt028,dt028_node_28,97.0,0.00635761213758144,0.15522112766178545,2.0,1.0,0.0,0.0007969268725713924,0.0005037012376988175,2.0,8.0,0.25,0.3125,0.1875,0.75,,,,
dt028,dt028_node_29,53.300000000000004,0.001890914352148,0.151339444178869,5.0,2.5,0.2,0.000801727375450684,0.000545570334309476,2.0,8.0,0.25,0.3125,0.1875,0.75,,,,
dt028,dt028_node_30,59.699999999999996,0.00134729770976016,0.15268674188862916,2.0,1.0,0.0,0.0015960915948091104,0.0007487589032582594,2.0,8.0,0.25,0.3125,0.1875,0.75,,,,
dt028,dt028_node_31,23.3,0.000256157041141208,0.1515956012200102,3.0,1.5,0.3333333333333333,0.002399453427171635,0.000413241387061925,2.0,8.0,0.25,0.3125,0.1875,0.75,,,,
dt028,dt028_node_32,83.7,0.00281269481423356,0.15440829603424377,2.0,1.0,0.0,0.000797280259550572,0.00022254537125983802,2.0,8.0,0.25,0.3125,0.1875,0.75,,,,
dt030,dt030_node_0,99.9,0.189056496225696,0.189056496225696,64.0,32.0,0.96875,0.0373627560268276,0.012797784659136,2.0,8.0,0.0625,0.2767857142857143,0.15178571428571427,0.7142857142857143,,,,
dt030,dt030_node_1,30.3,0.0245649713676916,0.2136214675933876,63.0,31.5,0.8095238095238095,0.006798932087716495,0.0041869744610019055,2.0,8.0,0.0625,0.2767857142857143,0.15178571428571427,0.7142857142857143,,,,
dt030,dt030_node_2,2.3,0.00261195762671459,0.2162334252201022,57.0,28.5,0.6842105263157895,0.0025104214800896435,0.0015351353069864265,2.0,8.0,0.0625,0.2767857142857143,0.15178571428571427,0.7142857142857143,,,,
dt030,dt030_node_3,45.2,0.0109859065487184,0.224607374142106,6.0,3.0,0.3333333333333333,0.012226317533462067,0.008802386287971635,2.0,8.0,0.0625,0.2767857142857143,0.15178571428571427,0.7142857142857143,,,,
dt030,dt030_node_4,0.1,0.000975286173103217,0.2172087113932054,48.0,24.0,0.20833333333333334,0.004569249172903255,0.0020514246863220053,2.0,8.0,0.0625,0.2767857142857143,0.15178571428571427,0.7142857142857143,,,,
dt030,dt030_node_5,3.5999999999999996,0.00404555678707607,0.22027898200717827,9.0,4.5,0.1111111111111111,0.00583569043460217,0.0035911545354543706,2.0,8.0,0.0625,0.2767857142857143,0.15178571428571427,0.7142857142857143,,,,
dt030,dt030_node_6,97.8,0.0210287038214337,0.2456360779635397,2.0,1.0,0.0,0.039743309665128804,0.0028950920744833,2.0,8.0,0.0625,0.2767857142857143,0.15178571428571427,0.7142857142857143,,,,
dt030,dt030_node_7,33.1,0.00342393124549043,0.22803130538759642,4.0,2.0,0.0,0.0138816313755592,0.0010712546277922,2.0,8.0,0.0625,0.2767857142857143,0.15178571428571427,0.7142857142857143,,,,
dt030,dt030_node_8,5.4,0.00662067385922526,0.22382938525243068,29.0,14.5,0.6551724137931034,0.0039973900937308226,0.0030077057182018477,2.0,8.0,0.0625,0.2767857142857143,0.15178571428571427,0.7142857142857143,,,,
dt030,dt030_node_9,0.7000000000000001,0.00251782448658125,0.21972653587978666,19.0,9.5,0.2631578947368421,0.0048733470221008195,0.0026322291622822,2.0,8.0,0.0625,0.2767857142857143,0.15178571428571427,0.7142857142857143,,,,
dt030,dt030_node_10,27.700000000000003,0.00942684497005654,0.22970582697723482,4.0,2.0,0.5,0.033666172613139554,0.03106848308074015,2.0,8.0,0.0625,0.2767857142857143,0.15178571428571427,0.7142857142857143,,,,
dt030,dt030_node_11,4.9,0.0022445358991478,0.22252351790632607,5.0,2.5,0.6,0.03246615695717214,0.028005572654981655,2.0,8.0,0.0625,0.2767857142857143,0.15178571428571427,0.7142857142857143,,,,
dt030,dt030_node_12,88.3,0.012810376747767,0.24084168213536342,2.0,1.0,0.0,0.0429567480453075,0.00045374849711960277,2.0,8.0,0.0625,0.2767857142857143,0.15178571428571427,0.7142857142857143,,,,
dt030,dt030_node_13,70.3,0.0149528860033514,0.24298419139094782,2.0,1.0,0.0,0.04228486286855255,0.00822573683365705,2.0,8.0,0.0625,0.2767857142857143,0.15178571428571427,0.7142857142857143,,,,
dt030,dt030_node_14,0.7000000000000001,0.000989684375528975,0.22481906962795967,24.0,12.0,0.25,0.00632399909693444,0.0042367586961637605,2.0,8.0,0.0625,0.2767857142857143,0.15178571428571427,0.7142857142857143,,,,
dt030,dt030_node_15,6.4,0.00700509581193267,0.23083448106436336,5.0,2.5,0.6,0.03515723393059581,0.03058621952259239,2.0,8.0,0.0625,0.2767857142857143,0.15178571428571427,0.7142857142857143,,,,
dt030,dt030_node_16,16.900000000000002,0.00750557618438302,0.22723211206416968,7.0,3.5,0.7142857142857143,0.0529002427467791,0.0225918617427065,2.0,8.0,0.0625,0.2767857142857143,0.15178571428571427,0.7142857142857143,,,,
dt030,dt030_node_17,1.7999999999999998,0.00224111785981862,0.22196765373960528,12.0,6.0,0.16666666666666666,0.006801952500664741,0.0026622965155361,2.0,8.0,0.0625,0.2767857142857143,0.15178571428571427,0.7142857142857143,,,,
dt030,dt030_node_18,33.2,0.0025976895323994,0.2323035165096342,3.0,1.5,0.3333333333333333,0.031090215045558506,0.023919743818403696,2.0,8.0,0.0625,0.2767857142857143,0.15178571428571427,0.7142857142857143,,,,
dt030,dt030_node_19,11.3,0.00446058430219049,0.22698410220851656,4.0,2.0,0.0,0.004824764286055485,0.001871269600718465,2.0,8.0,0.0625,0.2767857142857143,0.15178571428571427,0.7142857142857143,,,,
dt030,dt030_node_20,0.8999999999999999,0.00208724040077068,0.22690631002873035,15.0,7.5,0.7333333333333333,0.011108098116755475,0.008527165782448625,2.0,8.0,0.0625,0.2767857142857143,0.15178571428571427,0.7142857142857143,,,,
dt030,dt030_node_21,62.6,0.0105607577930982,0.23537982742105787,9.0,4.5,0.7777777777777778,0.031948799411147366,0.026319374461209535,2.0,8.0,0.0625,0.2767857142857143,0.15178571428571427,0.7142857142857143,,,,
dt030,dt030_node_22,10.4,0.00457101440800342,0.23540549547236678,4.0,2.0,0.5,0.0370809970497437,0.024737311202271198,2.0,8.0,0.0625,0.2767857142857143,0.15178571428571427,0.7142857142857143,,,,
dt030,dt030_node_23,99.8,0.0303083810040726,0.2575404930682423,6.0,3.0,0.6666666666666666,0.023308756153288274,0.020842442256706423,2.0,8.0,0.0625,0.2767857142857143,0.15178571428571427,0.7142857142857143,,,,
dt030,dt030_node_24,39.900000000000006,0.00946424901620084,0.2314319027558061,5.0,2.5,0.2,0.031180918808611097,0.0134304139376437,2.0,8.0,0.0625,0.2767857142857143,0.15178571428571427,0.7142857142857143,,,,
dt030,dt030_node_25,8.0,0.00413965598512864,0.22610730972473392,7.0,3.5,0.7142857142857143,0.028743786741688784,0.025256098421198515,2.0,8.0,0.0625,0.2767857142857143,0.15178571428571427,0.7142857142857143,,,,
dt030,dt030_node_26,63.800000000000004,0.00717047122715481,0.23947398773678902,2.0,1.0,0.0,0.048274673357384654,0.004178152177343849,2.0,8.0,0.0625,0.2767857142857143,0.15178571428571427,0.7142857142857143,,,,
dt030,dt030_node_27,17.9,0.00295349468533702,0.22993759689385357,2.0,1.0,0.0,0.06142063950468445,0.00988771836655155,2.0,8.0,0.0625,0.2767857142857143,0.15178571428571427,0.7142857142857143,,,,
dt030,dt030_node_28,38.800000000000004,0.00669603388677395,0.2336801360952905,2.0,1.0,0.0,0.056918641097450845,0.0068328850053445515,2.0,8.0,0.0625,0.2767857142857143,0.15178571428571427,0.7142857142857143,,,,
dt030,dt030_node_29,1.3,0.00258093233430685,0.2294872423630372,13.0,6.5,0.5384615384615384,0.01071767527398009,0.0072514581317084095,2.0,8.0,0.0625,0.2767857142857143,0.15178571428571427,0.7142857142857143,,,,
dt030,dt030_node_30,92.5,0.0196352638992041,0.24654157392793447,2.0,1.0,0.0,0.0433843301681542,0.0013553894095643011,2.0,8.0,0.0625,0.2767857142857143,0.15178571428571427,0.7142857142857143,,,,
dt030,dt030_node_31,58.699999999999996,0.00562942494993783,0.24100925237099569,8.0,4.0,0.0,0.005448708962651574,0.005174578278328127,2.0,8.0,0.0625,0.2767857142857143,0.15178571428571427,0.7142857142857143,,,,
dt030,dt030_node_32,65.60000000000001,0.0123436858474725,0.24774918131983928,3.0,1.5,0.3333333333333333,0.0341172053694962,0.0191789231636429,2.0,8.0,0.0625,0.2767857142857143,0.15178571428571427,0.7142857142857143,,,,
dt030,dt030_node_33,29.2,0.00246631389658185,0.26000680696482414,5.0,2.5,0.2,0.00451513003417021,0.0007552114862545798,2.0,8.0,0.0625,0.2767857142857143,0.15178571428571427,0.7142857142857143,,,,
dt030,dt030_node_34,95.89999999999999,0.0177505048709674,0.24918240762677352,3.0,1.5,0.3333333333333333,0.03255254330661645,0.01925051033623065,2.0,8.0,0.0625,0.2767857142857143,0.15178571428571427,0.7142857142857143,,,,
dt030,dt030_node_35,99.1,0.0446113327462548,0.2760432355020609,2.0,1.0,0.0,0.034766303615990604,0.0053544596569324,2.0,8.0,0.0625,0.2767857142857143,0.15178571428571427,0.7142857142857143,,,,
dt030,dt030_node_36,14.899999999999999,0.00348768832049027,0.22959499804522418,6.0,3.0,0.6666666666666666,0.03541396946431941,0.03321009423328979,2.0,8.0,0.0625,0.2767857142857143,0.15178571428571427,0.7142857142857143,,,,
dt030,dt030_node_37,10.4,0.00346621714227168,0.23295345950530888,10.0,5.0,0.4,0.02246726486381826,0.01790769385105584,2.0,8.0,0.0625,0.2767857142857143,0.15178571428571427,0.7142857142857143,,,,
dt030,dt030_node_38,81.89999999999999,0.0179691334056885,0.2474563757687257,3.0,1.5,0.3333333333333333,0.03169841402913779,0.027173705536271003,2.0,8.0,0.0625,0.2767857142857143,0.15178571428571427,0.7142857142857143,,,,
dt030,dt030_node_39,33.7,0.000274130684323447,0.24128338305531913,4.0,2.0,0.5,0.0377587004968678,0.0246912501193795,2.0,8.0,0.0625,0.2767857142857143,0.15178571428571427,0.7142857142857143,,,,
dt030,dt030_node_40,89.4,0.0106232872409797,0.2516325396119754,4.0,2.0,0.0,0.01686415136584296,0.01314169408634094,2.0,8.0,0.0625,0.2767857142857143,0.15178571428571427,0.7142857142857143,,,,
dt030,dt030_node_41,91.3,0.0149382822058533,0.26268746352569255,2.0,1.0,0.0,0.047747456020355905,0.0037157775949494994,2.0,8.0,0.0625,0.2767857142857143,0.15178571428571427,0.7142857142857143,,,,
dt030,dt030_node_42,46.300000000000004,0.00527034152042479,0.2652771484852489,3.0,1.5,0.3333333333333333,0.0301188895149123,0.007270422873803698,2.0,8.0,0.0625,0.2767857142857143,0.15178571428571427,0.7142857142857143,,,,
dt030,dt030_node_43,51.1,0.00375991854791563,0.2637667255127398,2.0,1.0,0.0,0.02681448829260845,0.00307646419748305,2.0,8.0,0.0625,0.2767857142857143,0.15178571428571427,0.7142857142857143,,,,
dt030,dt030_node_44,98.6,0.0133020329703858,0.2624844405971593,2.0,1.0,0.0,0.03046757709091695,0.007047880604292449,2.0,8.0,0.0625,0.2767857142857143,0.15178571428571427,0.7142857142857143,,,,
dt030,dt030_node_45,21.8,0.00220387523102962,0.23179887327625381,5.0,2.5,0.6,0.0678187661106536,0.028287910792037,2.0,8.0,0.0625,0.2767857142857143,0.15178571428571427,0.7142857142857143,,,,
dt030,dt030_node_46,22.8,0.00455957101276242,0.2375130305180713,7.0,3.5,0.14285714285714285,0.006017342524765995,0.000645529770993095,2.0,8.0,0.0625,0.2767857142857143,0.15178571428571427,0.7142857142857143,,,,
dt030,dt030_node_47,99.8,0.0403749587148741,0.273328418220183,3.0,1.5,0.3333333333333333,0.00990365298677846,0.00808141184792714,2.0,8.0,0.0625,0.2767857142857143,0.15178571428571427,0.7142857142857143,,,,
dt030,dt030_node_48,57.8,0.00452470849286679,0.2519810842615925,2.0,1.0,0.0,0.04731774776295475,0.006969876426787151,2.0,8.0,0.0625,0.2767857142857143,0.15178571428571427,0.7142857142857143,,,,
dt030,dt030_node_49,91.8,0.0130674503774883,0.25435083343280745,3.0,1.5,0.3333333333333333,0.022200650960405847,0.00639462295457475,2.0,8.0,0.0625,0.2767857142857143,0.15178571428571427,0.7142857142857143,,,,
dt030,dt030_node_50,99.9,0.0300058454521839,0.2816383850641593,2.0,1.0,0.0,0.0340499718922878,0.0095703572594234,2.0,8.0,0.0625,0.2767857142857143,0.15178571428571427,0.7142857142857143,,,,
dt030,dt030_node_51,60.9,0.00372245727950202,0.25535499689147745,2.0,1.0,0.0,0.0392536952269624,0.002005338734332701,2.0,8.0,0.0625,0.2767857142857143,0.15178571428571427,0.7142857142857143,,,,
dt030,dt030_node_52,100.0,0.0228484666411086,0.28812561512635754,2.0,1.0,0.0,0.008169635365007375,0.002199069824961725,2.0,8.0,0.0625,0.2767857142857143,0.15178571428571427,0.7142857142857143,,,,
dt030,dt030_node_53,99.9,0.0395308553186166,0.2713297285948704,4.0,2.0,0.5,0.011152006020157465,0.009785664171254236,2.0,8.0,0.0625,0.2767857142857143,0.15178571428571427,0.7142857142857143,,,,
dt030,dt030_node_54,40.699999999999996,0.0053718127537729,0.2428848432718442,4.0,2.0,0.5,0.03001854060741935,0.02362504801682415,2.0,8.0,0.0625,0.2767857142857143,0.15178571428571427,0.7142857142857143,,,,
dt030,dt030_node_55,47.8,0.00666287229575909,0.2441759028138304,3.0,1.5,0.3333333333333333,0.026447856037538353,0.018909474889686646,2.0,8.0,0.0625,0.2767857142857143,0.15178571428571427,0.7142857142857143,,,,
dt030,dt030_node_56,55.60000000000001,0.00182224113885132,0.2751506593590343,2.0,1.0,0.0,0.007495895534795729,0.0010863848567787596,2.0,8.0,0.0625,0.2767857142857143,0.15178571428571427,0.7142857142857143,,,,
dt030,dt030_node_57,100.0,0.0158060280058311,0.27015686143863854,2.0,1.0,0.0,0.009003822074155954,0.004238871300273545,2.0,8.0,0.0625,0.2767857142857143,0.15178571428571427,0.7142857142857143,,,,
dt030,dt030_node_58,38.6,0.00136634184890323,0.27269607044377364,3.0,1.5,0.3333333333333333,0.01515265135577834,0.011367000946821061,2.0,8.0,0.0625,0.2767857142857143,0.15178571428571427,0.7142857142857143,,,,
dt030,dt030_node_59,62.2,0.0063934925905952,0.24927833586243942,3.0,1.5,0.3333333333333333,0.03752102381417095,0.015917395368356953,2.0,8.0,0.0625,0.2767857142857143,0.15178571428571427,0.7142857142857143,,,,
dt030,dt030_node_60,64.4,0.00753838114785171,0.2517142839616821,2.0,1.0,0.0,0.03405321422020325,0.00639615090502705,2.0,8.0,0.0625,0.2767857142857143,0.15178571428571427,0.7142857142857143,,,,
dt030,dt030_node_61,53.5,0.00378565040895728,0.27648172085273093,2.0,1.0,0.0,0.0225738690845196,0.0001679918504821007,2.0,8.0,0.0625,0.2767857142857143,0.15178571428571427,0.7142857142857143,,,,
dt030,dt030_node_62,98.1,0.021603628445814,0.2708819643082534,2.0,1.0,0.0,0.03856961410920915,0.003338619563784749,2.0,8.0,0.0625,0.2767857142857143,0.15178571428571427,0.7142857142857143,,,,
dt031,dt031_node_0,100.0,0.366421927137687,0.366421927137687,43.0,21.5,0.9534883720930233,0.1100343390699065,0.1100343390699065,2.0,8.0,0.25,0.1875,0.0625,0.75,,,,
dt031,dt031_node_1,70.6,0.334708663961107,0.334708663961107,2.0,1.0,0.0,0.539835381768885,0.539835381768885,2.0,8.0,0.25,0.1875,0.0625,0.75,,,,
dt031,dt031_node_2,100.0,0.220068678139813,0.5864906052775001,42.0,21.0,0.9047619047619048,0.1098288962391302,0.0662121183923898,2.0,8.0,0.25,0.1875,0.0625,0.75,,,,
dt031,dt031_node_3,76.8,0.0436167778467404,0.6301073831242405,40.0,20.0,0.9,0.0874555861526633,0.0392161008962987,2.0,8.0,0.25,0.1875,0.0625,0.75,,,,
dt031,dt031_node_4,100.0,0.17604101463152,0.7625316199090201,2.0,1.0,0.0,0.09253955770789661,0.04119416697753741,2.0,8.0,0.25,0.1875,0.0625,0.75,,,,
dt031,dt031_node_5,100.0,0.126671687048962,0.7567790701732026,38.0,19.0,0.9473684210526315,0.0274541322980221,0.0274541322980221,2.0,8.0,0.25,0.1875,0.0625,0.75,,,,
dt031,dt031_node_6,78.0,0.0482394852563646,0.6783468683806051,2.0,1.0,0.0,0.170959075001388,0.170959075001388,2.0,8.0,0.25,0.1875,0.0625,0.75,,,,
dt031,dt031_node_7,99.7,0.0549082645960442,0.8116873347692468,37.0,18.5,0.8918918918918919,0.025912406988698594,0.016736847928751505,2.0,8.0,0.25,0.1875,0.0625,0.75,,,,
dt031,dt031_node_8,99.8,0.0426492549174501,0.8543365896866969,35.0,17.5,0.9428571428571428,0.04213940365360781,0.03647222071265019,2.0,8.0,0.25,0.1875,0.0625,0.75,,,,
dt031,dt031_node_9,66.7,0.00917555905994709,0.8208628938291939,2.0,1.0,0.0,0.1130101362432481,0.017731849471878898,2.0,8.0,0.25,0.1875,0.0625,0.75,,,,
dt031,dt031_node_10,41.099999999999994,0.00566718294095763,0.8600037726276545,34.0,17.0,0.9411764705882353,0.05651317998939952,0.048082407445189476,2.0,8.0,0.25,0.1875,0.0625,0.75,,,,
dt031,dt031_node_11,76.4,0.00843077254421004,0.8684345451718645,33.0,16.5,0.8787878787878788,0.002720707673482075,0.0006177617549666448,2.0,8.0,0.25,0.1875,0.0625,0.75,,,,
dt031,dt031_node_12,35.9,0.00333846942844872,0.8717730146003132,31.0,15.5,0.9354838709677419,0.028147766261410093,0.026548450063341604,2.0,8.0,0.25,0.1875,0.0625,0.75,,,,
dt031,dt031_node_13,48.9,0.00210294591851543,0.8705374910903799,2.0,1.0,0.0,0.05313203493611735,7.807174598745137e-05,2.0,8.0,0.25,0.1875,0.0625,0.75,,,,
dt031,dt031_node_14,20.0,0.00159931619806849,0.8733723307983817,30.0,15.0,0.6666666666666666,0.001846643242178367,0.001162078206583293,2.0,8.0,0.25,0.1875,0.0625,0.75,,,,
dt031,dt031_node_15,22.7,0.000684565035595074,0.8740568958339768,25.0,12.5,0.84,0.006797258774730084,0.001110216980630185,2.0,8.0,0.25,0.1875,0.0625,0.75,,,,
dt031,dt031_node_16,26.900000000000002,0.00300872144876166,0.8763810522471434,5.0,2.5,0.6,0.03438492071507605,0.02372671806292875,2.0,8.0,0.25,0.1875,0.0625,0.75,,,,
dt031,dt031_node_17,80.2,0.0056870417940999,0.8797439376280767,23.0,11.5,0.7391304347826086,0.00267293661456356,0.0006104175297401799,2.0,8.0,0.25,0.1875,0.0625,0.75,,,,
dt031,dt031_node_18,92.5,0.00790747575536027,0.881964371589337,2.0,1.0,0.0,0.04929349234332325,0.0013833590898027527,2.0,8.0,0.25,0.1875,0.0625,0.75,,,,
dt031,dt031_node_19,98.6,0.0106582026521473,0.8870392548992907,4.0,2.0,0.0,0.0168979550317956,0.0014118289970689,2.0,8.0,0.25,0.1875,0.0625,0.75,,,,
dt031,dt031_node_20,70.39999999999999,0.00328335414430374,0.8830272917723804,20.0,10.0,0.4,0.01063273959637761,0.00447228078995169,2.0,8.0,0.25,0.1875,0.0625,0.75,,,,
dt031,dt031_node_21,52.2,0.00206251908482338,0.8818064567129,3.0,1.5,0.3333333333333333,0.0430365525898128,0.0094215238673277,2.0,8.0,0.25,0.1875,0.0625,0.75,,,,
dt031,dt031_node_22,100.0,0.0154861260347267,0.9025253809340174,2.0,1.0,0.0,0.039000921883494605,0.0027835918227237,2.0,8.0,0.25,0.1875,0.0625,0.75,,,,
dt031,dt031_node_23,100.0,0.0183097840288645,0.9053490389281552,2.0,1.0,0.0,0.03058787581588825,0.0022081957419407515,2.0,8.0,0.25,0.1875,0.0625,0.75,,,,
dt031,dt031_node_24,91.2,0.00616045880642592,0.8891877505788063,14.0,7.0,0.5714285714285714,0.00841400328355774,0.00586209245494756,2.0,8.0,0.25,0.1875,0.0625,0.75,,,,
dt031,dt031_node_25,100.0,0.0151050203863293,0.8981323121587097,6.0,3.0,0.6666666666666666,0.000705868301472925,0.000705868301472925,2.0,8.0,0.25,0.1875,0.0625,0.75,,,,
dt031,dt031_node_26,100.0,0.0336150287224851,0.9154214854353852,2.0,1.0,0.0,0.026925505746749102,0.0006140491840355995,2.0,8.0,0.25,0.1875,0.0625,0.75,,,,
dt031,dt031_node_27,51.800000000000004,0.00255191082861018,0.8917396614074165,11.0,5.5,0.09090909090909091,0.01569231328815235,0.00022128144247164899,2.0,8.0,0.25,0.1875,0.0625,0.75,,,,
dt031,dt031_node_28,100.0,0.0142760957385053,0.9034638463173116,3.0,1.5,0.3333333333333333,0.031602320636991005,0.005138803021948902,2.0,8.0,0.25,0.1875,0.0625,0.75,,,,
dt031,dt031_node_29,70.5,0.00141173660294585,0.8995440487616555,5.0,2.5,0.2,0.01403313764474516,0.006849616164150139,2.0,8.0,0.25,0.1875,0.0625,0.75,,,,
dt031,dt031_node_30,100.0,0.0154710318456807,0.9072106932530971,6.0,3.0,0.6666666666666666,0.027402663841021198,0.003146682666632499,2.0,8.0,0.25,0.1875,0.0625,0.75,,,,
dt031,dt031_node_31,94.3,0.015913594730624,0.9076532561380405,5.0,2.5,0.6,0.02171514077731365,0.011525051437526749,2.0,8.0,0.25,0.1875,0.0625,0.75,,,,
dt031,dt031_node_32,100.0,0.0264635176150421,0.9299273639323536,2.0,1.0,0.0,0.0004831138748379665,0.0004831138748379665,2.0,8.0,0.25,0.1875,0.0625,0.75,,,,
dt031,dt031_node_33,97.89999999999999,0.00718352148059502,0.9067275702422505,2.0,1.0,0.0,0.0071593852942353,0.0071593852942353,2.0,8.0,0.25,0.1875,0.0625,0.75,,,,
dt031,dt031_node_34,100.0,0.0208827538088953,0.9204268025705508,3.0,1.5,0.3333333333333333,0.0013701915564799014,0.0004914681654139585,2.0,8.0,0.25,0.1875,0.0625,0.75,,,,
dt031,dt031_node_35,100.0,0.0242559811743887,0.9314666744274858,5.0,2.5,0.2,0.0016695978466709067,0.0007026707358387636,2.0,8.0,0.25,0.1875,0.0625,0.75,,,,
dt031,dt031_node_36,94.19999999999999,0.0101900893397869,0.9178433454778274,4.0,2.0,0.5,0.01908217093674695,0.0001163440483266491,2.0,8.0,0.25,0.1875,0.0625,0.75,,,,
dt031,dt031_node_37,70.19999999999999,0.000878723391065943,0.9213055259616167,2.0,1.0,0.0,0.0025493689037601004,0.0015109749538249403,2.0,8.0,0.25,0.1875,0.0625,0.75,,,,
dt031,dt031_node_38,55.1,0.000966927110832143,0.9324336015383179,3.0,1.5,0.3333333333333333,0.004992693859392865,0.0007644721521099852,2.0,8.0,0.25,0.1875,0.0625,0.75,,,,
dt031,dt031_node_39,79.80000000000001,0.00237226858250967,0.9338389430099955,2.0,1.0,0.0,0.0031595902158760647,5.659468341888516e-05,2.0,8.0,0.25,0.1875,0.0625,0.75,,,,
dt031,dt031_node_40,94.3,0.0191985149850736,0.937041860462901,3.0,1.5,0.3333333333333333,0.0004413561441390665,0.0004413561441390665,2.0,8.0,0.25,0.1875,0.0625,0.75,,,,
dt031,dt031_node_41,99.9,0.00422822170728288,0.9366618232456008,2.0,1.0,0.0,0.005030825018618006,0.0001327279287592852,2.0,8.0,0.25,0.1875,0.0625,0.75,,,,
dt031,dt031_node_42,72.1,0.000882712288278133,0.9379245727511792,2.0,1.0,0.0,0.000624982581845495,0.000624982581845495,2.0,8.0,0.25,0.1875,0.0625,0.75,,,,
dt032,dt032_node_0,24.3,0.0059009913283172,0.0059009913283172,40.0,20.0,0.2,0.0044112172925797905,0.0019991698256187,2.0,8.0,0.375,0.5625,0.4375,1.0,,,,
dt032,dt032_node_1,100.0,0.0519395956511929,0.0519395956511929,4.0,2.0,0.5,0.000764413364878744,0.000663177487106066,2.0,8.0,0.375,0.5625,0.4375,1.0,,,,
dt032,dt032_node_2,27.6,0.00625550253218043,0.00625550253218043,25.0,12.5,0.6,0.01054061144551277,0.00104161872177633,2.0,8.0,0.375,0.5625,0.4375,1.0,,,,
dt032,dt032_node_3,22.1,0.00241204746696109,0.00831303879527829,24.0,12.0,0.3333333333333333,0.05318637108291825,0.02585195930752575,2.0,8.0,0.375,0.5625,0.4375,1.0,,,,
dt032,dt032_node_4,26.5,0.00641038711819849,0.01231137844651569,16.0,8.0,0.625,0.028544615513849653,0.025006677746434853,2.0,8.0,0.375,0.5625,0.4375,1.0,,,,
dt032,dt032_node_5,69.69999999999999,0.00142759085198481,0.05336718650317771,3.0,1.5,0.3333333333333333,0.001532696048347324,0.001189896210510606,2.0,8.0,0.375,0.5625,0.4375,1.0,,,,
dt032,dt032_node_6,56.3,0.00949899272373644,0.01575449525591687,5.0,2.5,0.6,0.0777723699267373,0.009186551257214105,2.0,8.0,0.375,0.5625,0.4375,1.0,,,,
dt032,dt032_node_7,48.9,0.0115822301672891,0.01783773269946953,20.0,10.0,0.5,0.07866624475415951,0.008228788139644803,2.0,8.0,0.375,0.5625,0.4375,1.0,,,,
dt032,dt032_node_8,100.0,0.0273344117753925,0.035647450570670786,16.0,8.0,0.25,0.0228422818866012,0.0013795606616590992,2.0,8.0,0.375,0.5625,0.4375,1.0,,,,
dt032,dt032_node_9,100.0,0.079038330390444,0.08735136918572228,8.0,4.0,0.0,0.00221159706726702,0.0008122031614900499,2.0,8.0,0.375,0.5625,0.4375,1.0,,,,
dt032,dt032_node_10,26.8,0.0035379377674148,0.01584931621393049,3.0,1.5,0.3333333333333333,0.09340207581658636,0.00804128217539965,2.0,8.0,0.375,0.5625,0.4375,1.0,,,,
dt032,dt032_node_11,100.0,0.0535512932602845,0.06586267170680019,13.0,6.5,0.38461538461538464,0.007382253049076425,0.00020421773852564518,2.0,8.0,0.375,0.5625,0.4375,1.0,,,,
dt032,dt032_node_12,82.3,0.00272259225885793,0.05608977876203564,2.0,1.0,0.0,0.0015232814370934656,0.0011079721536492344,2.0,8.0,0.375,0.5625,0.4375,1.0,,,,
dt032,dt032_node_13,100.0,0.0685858186695232,0.08434031392544006,4.0,2.0,0.5,0.0015281917089201048,0.000133019020329485,2.0,8.0,0.375,0.5625,0.4375,1.0,,,,
dt032,dt032_node_14,100.0,0.0704374566145147,0.08827518931398423,5.0,2.5,0.2,0.006957240178869915,0.0013999465586510152,2.0,8.0,0.375,0.5625,0.4375,1.0,,,,
dt032,dt032_node_15,100.0,0.0868950328938043,0.10473276559327384,15.0,7.5,0.7333333333333333,0.0034181758975512103,0.0007568681805628001,2.0,8.0,0.375,0.5625,0.4375,1.0,,,,
dt032,dt032_node_16,99.9,0.0214627212249421,0.05711017179561288,10.0,5.0,0.2,0.01033685441566195,0.004237469816120751,2.0,8.0,0.375,0.5625,0.4375,1.0,,,,
dt032,dt032_node_17,100.0,0.0242218425482603,0.059869293118931084,6.0,3.0,0.6666666666666666,0.004634552881315905,0.0008428361661907151,2.0,8.0,0.375,0.5625,0.4375,1.0,,,,
dt032,dt032_node_18,73.0,0.00139939390577697,0.08875076309149925,4.0,2.0,0.5,0.000762576545181636,0.000638259380186744,2.0,8.0,0.375,0.5625,0.4375,1.0,,,,
dt032,dt032_node_19,71.2,0.00302380022875707,0.09037516941447936,4.0,2.0,0.5,0.0007644777365355665,0.00021228499599716753,2.0,8.0,0.375,0.5625,0.4375,1.0,,,,
dt032,dt032_node_20,100.0,0.0853607936411867,0.10121010985511719,2.0,1.0,0.0,0.000764668538510155,0.000764668538510155,2.0,8.0,0.375,0.5625,0.4375,1.0,,,,
dt032,dt032_node_21,95.39999999999999,0.00758647078760207,0.07344914249440225,4.0,2.0,0.5,0.00306325393902528,0.0012872112257318797,2.0,8.0,0.375,0.5625,0.4375,1.0,,,,
dt032,dt032_node_22,97.89999999999999,0.00717803531055078,0.07304070701735096,9.0,4.5,0.5555555555555556,0.0013041321757089296,0.00037571659216234054,2.0,8.0,0.375,0.5625,0.4375,1.0,,,,
dt032,dt032_node_23,91.8,0.00166121072924959,0.08600152465468965,3.0,1.5,0.3333333333333333,1.234751629836285e-05,1.234751629836285e-05,2.0,8.0,0.375,0.5625,0.4375,1.0,,,,
dt032,dt032_node_24,94.8,0.0055572936202189,0.09383248293420313,3.0,1.5,0.3333333333333333,0.001523281437093475,0.00034162666943339504,2.0,8.0,0.375,0.5625,0.4375,1.0,,,,
dt032,dt032_node_25,99.9,0.00835718673752093,0.09663237605150517,2.0,1.0,0.0,0.0,0.0,2.0,8.0,0.375,0.5625,0.4375,1.0,,,,
dt032,dt032_node_26,73.1,0.00417504407811401,0.10890780967138784,2.0,1.0,0.0,0.00229524058855952,0.0006019046934345499,2.0,8.0,0.375,0.5625,0.4375,1.0,,,,
dt032,dt032_node_27,49.3,0.00266130771698841,0.10739407331026225,13.0,6.5,0.8461538461538461,0.004835014247979005,0.003537684517873305,2.0,8.0,0.375,0.5625,0.4375,1.0,,,,
dt032,dt032_node_28,87.6,0.0060993845995412,0.06320955639515408,6.0,3.0,0.6666666666666666,0.007715096085357015,0.00047114669070772493,2.0,8.0,0.375,0.5625,0.4375,1.0,,,,
dt032,dt032_node_29,99.9,0.0145743242317827,0.07168449602739559,4.0,2.0,0.5,0.0030726434089386498,0.0016027677507501998,2.0,8.0,0.375,0.5625,0.4375,1.0,,,,
dt032,dt032_node_30,80.30000000000001,0.00379171671512519,0.06366100983405627,5.0,2.5,0.6,0.0015320166316516999,8.400258203570003e-05,2.0,8.0,0.375,0.5625,0.4375,1.0,,,,
dt032,dt032_node_31,59.0,0.00140083592536838,0.09015159901686763,3.0,1.5,0.3333333333333333,0.0015299243399432274,0.0006592441831823826,2.0,8.0,0.375,0.5625,0.4375,1.0,,,,
dt032,dt032_node_32,61.9,0.000976762732532734,0.0913519321470121,3.0,1.5,0.3333333333333333,0.0007617167258434945,4.3428586547844886e-06,2.0,8.0,0.375,0.5625,0.4375,1.0,,,,
dt032,dt032_node_33,79.2,0.0017760427132934,0.07522518520769565,3.0,1.5,0.3333333333333333,0.0007616407185467325,0.0006025384115146575,2.0,8.0,0.375,0.5625,0.4375,1.0,,,,
dt032,dt032_node_34,80.10000000000001,0.000928415583546589,0.07396912260089755,2.0,1.0,0.0,0.0,0.0,2.0,8.0,0.375,0.5625,0.4375,1.0,,,,
dt032,dt032_node_35,56.49999999999999,0.00167984876787127,0.07472055578522223,7.0,3.5,0.7142857142857143,0.0022709418469417614,0.0016888852964199682,2.0,8.0,0.375,0.5625,0.4375,1.0,,,,
dt032,dt032_node_36,67.2,2.46950325967257e-05,0.08602621968728637,2.0,1.0,0.0,0.0007860197737959,0.0007860197737959,2.0,8.0,0.375,0.5625,0.4375,1.0,,,,
dt032,dt032_node_37,63.5,0.00118165476766008,0.0950141377018632,2.0,1.0,0.0,0.0,0.0,2.0,8.0,0.375,0.5625,0.4375,1.0,,,,
dt032,dt032_node_38,47.8,0.0012973297301057,0.10869140304036795,12.0,6.0,0.8333333333333334,0.005026227077274735,0.001523112038379035,2.0,8.0,0.375,0.5625,0.4375,1.0,,,,
dt032,dt032_node_39,99.7,0.00818624277606474,0.07139579917121881,5.0,2.5,0.6,0.00076097326966275,0.00012902747699389098,2.0,8.0,0.375,0.5625,0.4375,1.0,,,,
dt032,dt032_node_40,82.39999999999999,0.00146987565818845,0.07315437168558403,3.0,1.5,0.3333333333333333,0.0007635789036244682,0.0007021445822837618,2.0,8.0,0.375,0.5625,0.4375,1.0,,,,
dt032,dt032_node_41,76.3,0.0016160192136874,0.06527702904774367,4.0,2.0,0.5,0.0007640709944295686,0.0005252552437169216,2.0,8.0,0.375,0.5625,0.4375,1.0,,,,
dt032,dt032_node_42,80.80000000000001,0.000870680156760845,0.09102227917362847,2.0,1.0,0.0,0.000898267210471165,0.000898267210471165,2.0,8.0,0.375,0.5625,0.4375,1.0,,,,
dt032,dt032_node_43,60.8,0.000766059584498279,0.09211799173151038,2.0,1.0,0.0,0.0,0.0,2.0,8.0,0.375,0.5625,0.4375,1.0,,,,
dt032,dt032_node_44,89.3,0.000159102307032075,0.07538428751472773,2.0,1.0,0.0,0.000775308757259185,0.000775308757259185,2.0,8.0,0.375,0.5625,0.4375,1.0,,,,
dt032,dt032_node_45,71.6,0.000582056550521793,0.07530261233574402,6.0,3.0,0.6666666666666666,0.0007608361887570833,0.0007058937259720867,2.0,8.0,0.375,0.5625,0.4375,1.0,,,,
dt032,dt032_node_46,79.2,0.0035031150388957,0.11219451807926364,11.0,5.5,0.8181818181818182,0.0015361069553756052,0.000120422924629775,2.0,8.0,0.375,0.5625,0.4375,1.0,,,,
dt032,dt032_node_47,70.8,0.000631945792668859,0.07202774496388767,4.0,2.0,0.5,2.70583550870692e-05,2.70583550870692e-05,2.0,8.0,0.375,0.5625,0.4375,1.0,,,,
dt032,dt032_node_48,90.9,0.00146572348590823,0.07462009517149226,2.0,1.0,0.0,0.00152328143709347,4.586858746737001e-05,2.0,8.0,0.375,0.5625,0.4375,1.0,,,,
dt032,dt032_node_49,43.9,0.000238815750712647,0.06551584479845632,3.0,1.5,0.3333333333333333,0.001529768602516788,0.0012899461663367418,2.0,8.0,0.375,0.5625,0.4375,1.0,,,,
dt032,dt032_node_50,25.5,5.49424627849967e-05,0.07535755479852901,5.0,2.5,0.6,1.83025255861405e-06,1.83025255861405e-06,2.0,8.0,0.375,0.5625,0.4375,1.0,,,,
dt032,dt032_node_51,50.1,0.00141568403074583,0.11361020211000948,10.0,5.0,0.8,0.0023029573908879826,0.0020195205357771274,2.0,8.0,0.375,0.5625,0.4375,1.0,,,,
dt032,dt032_node_52,53.900000000000006,5.41167101741384e-05,0.0720818616740618,3.0,1.5,0.3333333333333333,5.23710098459585e-05,5.23710098459585e-05,2.0,8.0,0.375,0.5625,0.4375,1.0,,,,
dt032,dt032_node_53,61.1,0.000239822436180046,0.06575566723463637,2.0,1.0,0.0,0.00169564333728879,0.00169564333728879,2.0,8.0,0.375,0.5625,0.4375,1.0,,,,
dt032,dt032_node_54,11.1,3.6605051172281e-06,0.07536121530364624,4.0,2.0,0.5,1.38528663595839e-06,1.38528663595839e-06,2.0,8.0,0.375,0.5625,0.4375,1.0,,,,
dt032,dt032_node_55,40.0,0.000283436855110855,0.11389363896512034,9.0,4.5,0.7777777777777778,0.0015274906529760145,0.0010777355950492954,2.0,8.0,0.375,0.5625,0.4375,1.0,,,,
dt032,dt032_node_56,54.50000000000001,0.000104742019691917,0.07218660369375372,2.0,1.0,0.0,0.000862219618277975,0.000862219618277975,2.0,8.0,0.375,0.5625,0.4375,1.0,,,,
dt032,dt032_node_57,1.6,2.77057327191678e-06,0.07536398587691816,3.0,1.5,0.3333333333333333,0.0007616407185467325,0.0007585230958069375,2.0,8.0,0.375,0.5625,0.4375,1.0,,,,
dt032,dt032_node_58,32.2,0.000449755057926719,0.11434339402304705,8.0,4.0,0.5,0.0007607507867014215,0.0004943039524920786,2.0,8.0,0.375,0.5625,0.4375,1.0,,,,
dt032,dt032_node_59,6.7,3.11762273979502e-06,0.07536710349965796,2.0,1.0,0.0,0.000763010162653765,0.000763010162653765,2.0,8.0,0.375,0.5625,0.4375,1.0,,,,
dt032,dt032_node_60,18.099999999999998,0.000266446834209343,0.1146098408572564,2.0,1.0,0.0,0.0,0.0,2.0,8.0,0.375,0.5625,0.4375,1.0,,,,
dt032,dt032_node_61,63.4,0.0012550547391935,0.11559844876224055,6.0,3.0,0.6666666666666666,0.0,0.0,2.0,8.0,0.375,0.5625,0.4375,1.0,,,,
dt032,dt032_node_62,58.8,0.0,0.11559844876224055,5.0,2.5,0.6,0.0,0.0,2.0,8.0,0.375,0.5625,0.4375,1.0,,,,
dt032,dt032_node_63,79.60000000000001,0.0,0.11559844876224055,4.0,2.0,0.5,0.0,0.0,2.0,8.0,0.375,0.5625,0.4375,1.0,,,,
dt032,dt032_node_64,79.60000000000001,0.0,0.11559844876224055,3.0,1.5,0.3333333333333333,0.0,0.0,2.0,8.0,0.375,0.5625,0.4375,1.0,,,,
dt032,dt032_node_65,80.60000000000001,0.0,0.11559844876224055,2.0,1.0,0.0,0.0,0.0,2.0,8.0,0.375,0.5625,0.4375,1.0,,,,
dt033,dt033_node_0,85.9,0.206926841370107,0.206926841370107,56.0,28.0,0.9642857142857143,0.098900600246302,0.098900600246302,2.0,8.0,0.375,0.5625,0.4375,1.0,,,,
dt033,dt033_node_1,53.800000000000004,0.197801200492604,0.404728041862711,55.0,27.5,0.9636363636363636,0.04271725742535745,0.04271725742535745,2.0,8.0,0.375,0.5625,0.4375,1.0,,,,
dt033,dt033_node_2,28.599999999999998,0.0854345148507149,0.4901625567134259,54.0,27.0,0.9629629629629629,0.0348318952633623,0.0103222920568196,2.0,8.0,0.375,0.5625,0.4375,1.0,,,,
dt033,dt033_node_3,21.8,0.0451541873201819,0.5353167440336078,53.0,26.5,0.9622641509433962,0.024803194551180102,0.010628118999677201,2.0,8.0,0.375,0.5625,0.4375,1.0,,,,
dt033,dt033_node_4,10.9,0.0141750755515029,0.5494918195851107,52.0,26.0,0.9615384615384616,0.0403779461282566,0.0117689217567582,2.0,8.0,0.375,0.5625,0.4375,1.0,,,,
dt033,dt033_node_5,17.1,0.0286090243714984,0.5781008439566091,51.0,25.5,0.9607843137254902,0.0346121990159244,0.0237638238510878,2.0,8.0,0.375,0.5625,0.4375,1.0,,,,
dt033,dt033_node_6,11.200000000000001,0.0108483751648366,0.5889492191214457,50.0,25.0,0.96,0.036066041470989345,0.03238438170374045,2.0,8.0,0.375,0.5625,0.4375,1.0,,,,
dt033,dt033_node_7,3.9,0.00368165976724889,0.5926308788886946,49.0,24.5,0.8367346938775511,0.014264359830634298,0.0038376401536699993,2.0,8.0,0.375,0.5625,0.4375,1.0,,,,
dt033,dt033_node_8,29.9,0.0181019999843043,0.6107328788729989,45.0,22.5,0.9111111111111111,0.020050498793129,0.004758600568898,2.0,8.0,0.375,0.5625,0.4375,1.0,,,,
dt033,dt033_node_9,19.5,0.0104267196769643,0.6030575985656589,4.0,2.0,0.5,0.039996666451048,0.0288699580865577,2.0,8.0,0.375,0.5625,0.4375,1.0,,,,
dt033,dt033_node_10,48.1,0.015291898224231,0.6260247770972299,43.0,21.5,0.6744186046511628,0.029946389148667898,0.0029710788804962994,2.0,8.0,0.375,0.5625,0.4375,1.0,,,,
dt033,dt033_node_11,69.3,0.024809099362027,0.6355419782350259,2.0,1.0,0.0,0.07767165690127525,0.014671015821133247,2.0,8.0,0.375,0.5625,0.4375,1.0,,,,
dt033,dt033_node_12,23.7,0.0111267083644903,0.6141843069301491,3.0,1.5,0.3333333333333333,0.02931001968175085,0.01859591616397205,2.0,8.0,0.375,0.5625,0.4375,1.0,,,,
dt033,dt033_node_13,50.0,0.0329174680291642,0.6589422451263941,36.0,18.0,0.6111111111111112,0.00702458418036145,0.00222111446803114,2.0,8.0,0.375,0.5625,0.4375,1.0,,,,
dt033,dt033_node_14,97.0,0.0269753102681716,0.6530000873654015,7.0,3.5,0.7142857142857143,0.0696414610004962,0.0633433464509778,2.0,8.0,0.375,0.5625,0.4375,1.0,,,,
dt033,dt033_node_15,46.5,0.0107141035177788,0.6248984104479279,2.0,1.0,0.0,0.03165005688638935,0.0027727876749468507,2.0,8.0,0.375,0.5625,0.4375,1.0,,,,
dt033,dt033_node_16,31.3,0.00480346971233031,0.6637457148387244,29.0,14.5,0.2413793103448276,0.002098135354372015,0.0009501227149288251,2.0,8.0,0.375,0.5625,0.4375,1.0,,,,
dt033,dt033_node_17,49.1,0.00924569864839259,0.6681879437747867,7.0,3.5,0.14285714285714285,0.04177261999006135,0.00926732436879155,2.0,8.0,0.375,0.5625,0.4375,1.0,,,,
dt033,dt033_node_18,51.4,0.0062981145495184,0.65929820191492,6.0,3.0,0.3333333333333333,0.004052268757764005,0.002409246610775295,2.0,8.0,0.375,0.5625,0.4375,1.0,,,,
dt033,dt033_node_19,7.8,0.00114801263944319,0.6648937274781676,18.0,9.0,0.3333333333333333,0.007951459781024831,0.00616337739670857,2.0,8.0,0.375,0.5625,0.4375,1.0,,,,
dt033,dt033_node_20,12.7,0.00304825806930084,0.6667939729080252,11.0,5.5,0.09090909090909091,0.00460389032669034,0.00252738905131819,2.0,8.0,0.375,0.5625,0.4375,1.0,,,,
dt033,dt033_node_21,100.0,0.0510399443588529,0.7192278881336397,3.0,1.5,0.3333333333333333,0.023049972334845275,0.022385233846702626,2.0,8.0,0.375,0.5625,0.4375,1.0,,,,
dt033,dt033_node_22,58.5,0.0325052956212698,0.7006932393960565,4.0,2.0,0.5,0.022161812037084137,0.01821489677592146,2.0,8.0,0.375,0.5625,0.4375,1.0,,,,
dt033,dt033_node_23,36.3,0.00164302214698871,0.6609412240619087,2.0,1.0,0.0,0.09277919808759415,0.00558088244522735,2.0,8.0,0.375,0.5625,0.4375,1.0,,,,
dt033,dt033_node_24,55.1,0.0064615153685393,0.6657597172834593,4.0,2.0,0.5,0.04195239749567309,0.038811552832535415,2.0,8.0,0.375,0.5625,0.4375,1.0,,,,
dt033,dt033_node_25,58.8,0.0141148371777334,0.679008564655901,12.0,6.0,0.8333333333333334,0.014597579713252106,0.007960676351080696,2.0,8.0,0.375,0.5625,0.4375,1.0,,,,
dt033,dt033_node_26,3.9,0.00178808238431626,0.6666818098624838,6.0,3.0,0.3333333333333333,0.015747746813501044,0.008233594441470855,2.0,8.0,0.375,0.5625,0.4375,1.0,,,,
dt033,dt033_node_27,28.199999999999996,0.00207650127537215,0.6688704741833974,5.0,2.5,0.6,0.028610664489301874,0.019554901750836125,2.0,8.0,0.375,0.5625,0.4375,1.0,,,,
dt033,dt033_node_28,42.0,0.00713127937800853,0.6739252522860337,6.0,3.0,0.6666666666666666,0.02717236473016075,0.02564321148390885,2.0,8.0,0.375,0.5625,0.4375,1.0,,,,
dt033,dt033_node_29,36.1,0.000664738488142648,0.7198926266217823,2.0,1.0,0.0,0.04415301723354255,0.00263832478580495,2.0,8.0,0.375,0.5625,0.4375,1.0,,,,
dt033,dt033_node_30,41.0,0.00394691526116268,0.7046401546572192,3.0,1.5,0.3333333333333333,0.031449949797444754,0.022518473700939345,2.0,8.0,0.375,0.5625,0.4375,1.0,,,,
dt033,dt033_node_31,48.199999999999996,0.00314084466313767,0.668900561946597,3.0,1.5,0.3333333333333333,0.03803872270895458,0.029360710253258118,2.0,8.0,0.375,0.5625,0.4375,1.0,,,,
dt033,dt033_node_32,21.2,0.00663690336217141,0.6856454680180724,11.0,5.5,0.09090909090909091,0.002704018218417325,0.00031565665093442495,2.0,8.0,0.375,0.5625,0.4375,1.0,,,,
dt033,dt033_node_33,98.4,0.0239813412549719,0.6906631511174557,2.0,1.0,0.0,0.04048779984147695,0.0026502469633695493,2.0,8.0,0.375,0.5625,0.4375,1.0,,,,
dt033,dt033_node_34,56.00000000000001,0.00751415237203019,0.6741959622345141,4.0,2.0,0.5,0.02659428281861664,0.019242954472224457,2.0,8.0,0.375,0.5625,0.4375,1.0,,,,
dt033,dt033_node_35,68.10000000000001,0.00905576273846575,0.6779262369218632,4.0,2.0,0.0,0.00908989051058533,0.00530908119915077,2.0,8.0,0.375,0.5625,0.4375,1.0,,,,
dt033,dt033_node_36,21.2,0.0015291532462519,0.6754544055322856,5.0,2.5,0.6,0.03293944133866291,0.03011231628715339,2.0,8.0,0.375,0.5625,0.4375,1.0,,,,
dt033,dt033_node_37,49.2,0.00893147609650541,0.7135716307537247,2.0,1.0,0.0,0.0515198735645456,0.005973846706092301,2.0,8.0,0.375,0.5625,0.4375,1.0,,,,
dt033,dt033_node_38,82.8,0.00867801245569646,0.6775785744022934,2.0,1.0,0.0,0.06637189266750565,0.005515019392835854,2.0,8.0,0.375,0.5625,0.4375,1.0,,,,
dt033,dt033_node_39,21.5,0.0023883615674829,0.6880338295855553,6.0,3.0,0.6666666666666666,0.017335291290742957,0.016173136153001047,2.0,8.0,0.375,0.5625,0.4375,1.0,,,,
dt033,dt033_node_40,10.8,0.00301967486935175,0.6886651428874241,5.0,2.5,0.2,0.004213045911551929,0.003348073318174361,2.0,8.0,0.375,0.5625,0.4375,1.0,,,,
dt033,dt033_node_41,51.300000000000004,0.00735132834639218,0.6815472905809062,3.0,1.5,0.3333333333333333,0.018884742167110596,0.016681965921973206,2.0,8.0,0.375,0.5625,0.4375,1.0,,,,
dt033,dt033_node_42,58.5,0.00378080931143456,0.6817070462332977,2.0,1.0,0.0,0.04185729935407065,0.0022224209621210488,2.0,8.0,0.375,0.5625,0.4375,1.0,,,,
dt033,dt033_node_43,99.8,0.0143989717097361,0.6923252086315993,2.0,1.0,0.0,0.02484494166159435,0.0060253263781634495,2.0,8.0,0.375,0.5625,0.4375,1.0,,,,
dt033,dt033_node_44,42.8,0.00282712505150952,0.6782815305837951,4.0,2.0,0.0,0.007353168396107701,0.00034670400963005997,2.0,8.0,0.375,0.5625,0.4375,1.0,,,,
dt033,dt033_node_45,10.6,0.00116215513774191,0.6891959847232971,5.0,2.5,0.6,0.018761056396000834,0.014716099769932765,2.0,8.0,0.375,0.5625,0.4375,1.0,,,,
dt033,dt033_node_46,29.4,0.00756111922972629,0.6962262621171503,2.0,1.0,0.0,0.0239488202828134,0.00031338151852519994,2.0,8.0,0.375,0.5625,0.4375,1.0,,,,
dt033,dt033_node_47,14.2,0.000864972593377568,0.6895301154808017,3.0,1.5,0.3333333333333333,0.01448399557057662,0.009665640465487482,2.0,8.0,0.375,0.5625,0.4375,1.0,,,,
dt033,dt033_node_48,53.1,0.00220277624513739,0.6837500668260437,2.0,1.0,0.0,0.027554837592541948,0.00851425336567235,2.0,8.0,0.375,0.5625,0.4375,1.0,,,,
dt033,dt033_node_49,61.8,0.00700646438647764,0.6852879949702728,2.0,1.0,0.0,0.051229213467487406,0.00540403007757,2.0,8.0,0.375,0.5625,0.4375,1.0,,,,
dt033,dt033_node_50,64.8,0.00769987240573776,0.6859814029895329,2.0,1.0,0.0,0.0428779555741206,0.0091017494327457,2.0,8.0,0.375,0.5625,0.4375,1.0,,,,
dt033,dt033_node_51,27.800000000000004,0.00404495662606807,0.6932409413493652,4.0,2.0,0.5,0.021989906962724345,0.014716300697865354,2.0,8.0,0.375,0.5625,0.4375,1.0,,,,
dt033,dt033_node_52,27.700000000000003,0.00481835510508914,0.6943484705858908,2.0,1.0,0.0,0.03006598965410335,0.008983313349660349,2.0,8.0,0.375,0.5625,0.4375,1.0,,,,
dt033,dt033_node_53,89.3,0.00727360626485899,0.7005145476142242,3.0,1.5,0.3333333333333333,0.018250802345601506,0.012483876307000595,2.0,8.0,0.375,0.5625,0.4375,1.0,,,,
dt033,dt033_node_54,91.4,0.00576692603860091,0.7062814736528251,2.0,1.0,0.0,0.0181189878593403,0.0005803738199325996,2.0,8.0,0.375,0.5625,0.4375,1.0,,,,
dt034,dt034_node_0,100.0,0.0254888523466155,0.0254888523466155,3.0,1.5,0.3333333333333333,0.00782346027737267,0.0025425382137915305,2.0,8.0,0.4375,0.5625,0.4375,1.0,,,,
dt034,dt034_node_1,98.9,0.0179367924028507,0.0179367924028507,2.0,1.0,0.0,0.007428796264550164,0.002488038462780825,2.0,8.0,0.4375,0.5625,0.4375,1.0,,,,
dt034,dt034_node_2,100.0,0.0867039749904894,0.0867039749904894,2.0,1.0,0.0,0.10352245984157275,0.015137970452203248,2.0,8.0,0.4375,0.5625,0.4375,1.0,,,,
dt034,dt034_node_3,99.7,0.0103659984911642,0.0358548508377797,2.0,1.0,0.0,0.002283463872802815,0.002283463872802815,2.0,8.0,0.4375,0.5625,0.4375,1.0,,,,
dt035,dt035_node_0,63.2,0.0561891687197834,0.0561891687197834,23.0,11.5,0.9130434782608695,0.050074846841322324,0.04235340751937078,2.0,8.0,0.4375,0.5625,0.4375,1.0,,,,
dt035,dt035_node_1,9.700000000000001,0.00772143932195155,0.06391060804173494,22.0,11.0,0.8181818181818182,0.012111421441458105,0.0030526964316527957,2.0,8.0,0.4375,0.5625,0.4375,1.0,,,,
dt035,dt035_node_2,4.1000000000000005,0.00905872500980531,0.07296933305154026,20.0,10.0,0.8,0.012228602467993656,0.008062739785653045,2.0,8.0,0.4375,0.5625,0.4375,1.0,,,,
dt035,dt035_node_3,56.39999999999999,0.0151641178731109,0.07907472591484585,2.0,1.0,0.0,0.10436173517922731,0.0055750423134936986,2.0,8.0,0.4375,0.5625,0.4375,1.0,,,,
dt035,dt035_node_4,2.9000000000000004,0.00416586268234061,0.07713519573388086,18.0,9.0,0.1111111111111111,0.001642255294953842,0.001170240493099558,2.0,8.0,0.4375,0.5625,0.4375,1.0,,,,
dt035,dt035_node_5,34.1,0.0202913422536467,0.09326067530518696,2.0,1.0,0.0,0.08876203885043915,0.005729273247787353,2.0,8.0,0.4375,0.5625,0.4375,1.0,,,,
dt035,dt035_node_6,0.4,0.0028124957880534,0.07994769152193426,10.0,5.0,0.2,0.0029671533131459702,0.0018805859826614,2.0,8.0,0.4375,0.5625,0.4375,1.0,,,,
dt035,dt035_node_7,0.8999999999999999,0.000472014801854284,0.07760721053573515,8.0,4.0,0.5,0.006401811867407811,0.00057024545597774,2.0,8.0,0.4375,0.5625,0.4375,1.0,,,,
dt035,dt035_node_8,1.5,0.00484773929580737,0.08479543081774163,6.0,3.0,0.3333333333333333,0.00624015455401076,0.0015621840694504097,2.0,8.0,0.4375,0.5625,0.4375,1.0,,,,
dt035,dt035_node_9,3.6999999999999997,0.00108656733048457,0.08103425885241883,4.0,2.0,0.5,0.05863229535933955,0.04696171233095345,2.0,8.0,0.4375,0.5625,0.4375,1.0,,,,
dt035,dt035_node_10,22.5,0.00697205732338555,0.08457926785912069,2.0,1.0,0.0,0.11771034046413051,0.0165284353723825,2.0,8.0,0.4375,0.5625,0.4375,1.0,,,,
dt035,dt035_node_11,6.1,0.00583156641143007,0.08343877694716521,6.0,3.0,0.0,0.012336376430551379,0.00896720928336512,2.0,8.0,0.4375,0.5625,0.4375,1.0,,,,
dt035,dt035_node_12,6.6000000000000005,0.00780233862346117,0.09259776944120279,4.0,2.0,0.5,0.046169040327101424,0.04433176520849826,2.0,8.0,0.4375,0.5625,0.4375,1.0,,,,
dt035,dt035_node_13,16.8,0.00467797048456035,0.08947340130230198,2.0,1.0,0.0,0.09416563031497499,0.0025764419419313025,2.0,8.0,0.4375,0.5625,0.4375,1.0,,,,
dt035,dt035_node_14,28.1,0.0116705830283861,0.09270484188080493,3.0,1.5,0.3333333333333333,0.06861499665317725,0.058458080938767754,2.0,8.0,0.4375,0.5625,0.4375,1.0,,,,
dt035,dt035_node_15,6.1,0.00336916714718626,0.08680794409435147,3.0,1.5,0.3333333333333333,0.046867853911878525,0.04587029942794888,2.0,8.0,0.4375,0.5625,0.4375,1.0,,,,
dt035,dt035_node_16,81.2,0.0213035857139165,0.10474236266108171,3.0,1.5,0.3333333333333333,0.0590724229150016,0.034946651681771995,2.0,8.0,0.4375,0.5625,0.4375,1.0,,,,
dt035,dt035_node_17,7.5,0.00183727511860316,0.09443504455980595,3.0,1.5,0.3333333333333333,0.055619085315325695,0.044307980112746594,2.0,8.0,0.4375,0.5625,0.4375,1.0,,,,
dt035,dt035_node_18,54.400000000000006,0.0101569157144095,0.10286175759521443,2.0,1.0,0.0,0.10463413121824955,0.00877777723179745,2.0,8.0,0.4375,0.5625,0.4375,1.0,,,,
dt035,dt035_node_19,11.799999999999999,0.000997554483929638,0.08780549857828111,2.0,1.0,0.0,0.11169057030669266,0.02096554586229136,2.0,8.0,0.4375,0.5625,0.4375,1.0,,,,
dt035,dt035_node_20,96.7,0.0241257712332296,0.12886813389431132,2.0,1.0,0.0,0.07998259186615339,0.003084718623960196,2.0,8.0,0.4375,0.5625,0.4375,1.0,,,,
dt035,dt035_node_21,47.3,0.0113111052025791,0.10574614976238504,2.0,1.0,0.0,0.093563422625024,0.012010922101826,2.0,8.0,0.4375,0.5625,0.4375,1.0,,,,
dt036,dt036_node_0,0.2,0.00233166107593562,0.00233166107593562,30.0,15.0,0.8,0.006578935271499645,0.002528744410346035,2.0,8.0,0.3125,0.5625,0.4375,1.0,,,,
dt036,dt036_node_1,0.6,0.00391768027936751,0.00391768027936751,21.0,10.5,0.42857142857142855,0.005311875015097295,0.001291034680007375,2.0,8.0,0.3125,0.5625,0.4375,1.0,,,,
dt036,dt036_node_2,5.1,0.00749700523617569,0.00749700523617569,23.0,11.5,0.5652173913043478,0.007017176562178715,0.0006547354435871748,2.0,8.0,0.3125,0.5625,0.4375,1.0,,,,
dt036,dt036_node_3,2.0,0.00405019086115361,0.00638185193708923,27.0,13.5,0.3333333333333333,0.010718204413080652,0.010040242054968248,2.0,8.0,0.3125,0.5625,0.4375,1.0,,,,
dt036,dt036_node_4,19.7,0.00910767968184568,0.011439340757781299,3.0,1.5,0.3333333333333333,0.09436426711585105,0.032531326033031945,2.0,8.0,0.3125,0.5625,0.4375,1.0,,,,
dt036,dt036_node_5,4.8,0.00660290969510467,0.01052058997447218,6.0,3.0,0.6666666666666666,0.052500714268518316,0.04558011443070078,2.0,8.0,0.3125,0.5625,0.4375,1.0,,,,
dt036,dt036_node_6,18.6,0.00402084033508992,0.00793852061445743,15.0,7.5,0.3333333333333333,0.0829887457023301,0.015269619634291506,2.0,8.0,0.3125,0.5625,0.4375,1.0,,,,
dt036,dt036_node_7,16.8,0.00767191200576589,0.01516891724194158,5.0,2.5,0.2,0.010972433963277434,0.004040219623321565,2.0,8.0,0.3125,0.5625,0.4375,1.0,,,,
dt036,dt036_node_8,12.3,0.00636244111859154,0.01385944635476723,18.0,9.0,0.4444444444444444,0.012850703201518775,0.006273468212915925,2.0,8.0,0.3125,0.5625,0.4375,1.0,,,,
dt036,dt036_node_9,61.3,0.0207584464680489,0.02714029840513813,18.0,9.0,0.3333333333333333,0.07801952702808355,0.0032406649972467477,2.0,8.0,0.3125,0.5625,0.4375,1.0,,,,
dt036,dt036_node_10,1.4000000000000001,0.000677962358112403,0.007059814295201633,9.0,4.5,0.3333333333333333,0.017868770311808786,0.015799048191555917,2.0,8.0,0.3125,0.5625,0.4375,1.0,,,,
dt036,dt036_node_11,100.0,0.0618329410828191,0.0732722818406004,2.0,1.0,0.0,0.004270809129505376,0.001852670024507785,2.0,8.0,0.3125,0.5625,0.4375,1.0,,,,
dt036,dt036_node_12,13.100000000000001,0.00692059983781754,0.01744118981228972,5.0,2.5,0.2,0.0097010323776355,0.0028097464752129,2.0,8.0,0.3125,0.5625,0.4375,1.0,,,,
dt036,dt036_node_13,100.0,0.0982583653366216,0.10619688595107904,5.0,2.5,0.2,0.001904090462347797,0.0012469194975604932,2.0,8.0,0.3125,0.5625,0.4375,1.0,,,,
dt036,dt036_node_14,100.0,0.0677191260680386,0.07565764668249603,10.0,5.0,0.4,0.00527823549833198,0.0013764585317501902,2.0,8.0,0.3125,0.5625,0.4375,1.0,,,,
dt036,dt036_node_15,44.1,0.00693221433995587,0.02210113158189745,3.0,1.5,0.3333333333333333,0.07158431864173359,0.0268205782919693,2.0,8.0,0.3125,0.5625,0.4375,1.0,,,,
dt036,dt036_node_16,47.199999999999996,0.015012653586599,0.03018157082854058,2.0,1.0,0.0,0.10879538286896145,0.019877183303947554,2.0,8.0,0.3125,0.5625,0.4375,1.0,,,,
dt036,dt036_node_17,66.2,0.0191241714144347,0.03298361776920193,5.0,2.5,0.2,0.0468751853689102,0.0365673155745949,2.0,8.0,0.3125,0.5625,0.4375,1.0,,,,
dt036,dt036_node_18,20.599999999999998,0.00657723498860285,0.02043668134337008,13.0,6.5,0.8461538461538461,0.049141594399399316,0.04646563685030329,2.0,8.0,0.3125,0.5625,0.4375,1.0,,,,
dt036,dt036_node_19,100.0,0.0812601920253303,0.10840049043046843,12.0,6.0,0.5,0.0033115675560557853,0.001239119263805085,2.0,8.0,0.3125,0.5625,0.4375,1.0,,,,
dt036,dt036_node_20,100.0,0.0747788620308368,0.10191916043597493,6.0,3.0,0.3333333333333333,0.001079340009019405,6.733884207293494e-05,2.0,8.0,0.3125,0.5625,0.4375,1.0,,,,
dt036,dt036_node_21,92.60000000000001,0.0336678185033647,0.04072763279856633,3.0,1.5,0.3333333333333333,0.06547241791733735,0.009771359827606851,2.0,8.0,0.3125,0.5625,0.4375,1.0,,,,
dt036,dt036_node_22,1.0999999999999999,0.00206972212025287,0.009129536415454503,6.0,3.0,0.3333333333333333,0.007286168801930535,0.0032033624339310647,2.0,8.0,0.3125,0.5625,0.4375,1.0,,,,
dt036,dt036_node_23,21.099999999999998,0.0125107788528484,0.02995196866513812,3.0,1.5,0.3333333333333333,0.0707064003312279,0.058019773138589095,2.0,8.0,0.3125,0.5625,0.4375,1.0,,,,
dt036,dt036_node_24,17.2,0.0068912859024226,0.02433247571471232,2.0,1.0,0.0,0.09862825637055915,0.0002090703411943562,2.0,8.0,0.3125,0.5625,0.4375,1.0,,,,
dt036,dt036_node_25,32.7,0.000657170964787304,0.10685405691586634,3.0,1.5,0.3333333333333333,0.00215141388508591,0.0011266527898451599,2.0,8.0,0.3125,0.5625,0.4375,1.0,,,,
dt036,dt036_node_26,63.800000000000004,0.00315100995990829,0.10934789591098733,2.0,1.0,0.0,0.002129283558907124,0.0018734800355798462,2.0,8.0,0.3125,0.5625,0.4375,1.0,,,,
dt036,dt036_node_27,75.9,0.00665469403008217,0.0823123407125782,3.0,1.5,0.3333333333333333,0.001215656117094991,0.0007563152215035189,2.0,8.0,0.3125,0.5625,0.4375,1.0,,,,
dt036,dt036_node_28,62.3,0.00390177696658179,0.07955942364907782,7.0,3.5,0.7142857142857143,0.001065537810725352,0.00035526287376549796,2.0,8.0,0.3125,0.5625,0.4375,1.0,,,,
dt036,dt036_node_29,98.2,0.0447637403497643,0.06686487193166174,2.0,1.0,0.0,0.0723153301943152,0.002183254234111795,2.0,8.0,0.3125,0.5625,0.4375,1.0,,,,
dt036,dt036_node_30,64.8,0.0103078697943153,0.04329148756351723,3.0,1.5,0.3333333333333333,0.0681509952836856,0.000917272026330497,2.0,8.0,0.3125,0.5625,0.4375,1.0,,,,
dt036,dt036_node_31,100.0,0.0834425009435051,0.11642611871270703,2.0,1.0,0.0,0.0032174309768163902,0.00119157255507024,2.0,8.0,0.3125,0.5625,0.4375,1.0,,,,
dt036,dt036_node_32,16.7,0.00267595754909603,0.02311263889246611,12.0,6.0,0.6666666666666666,0.06258820890834026,0.036759004478839154,2.0,8.0,0.3125,0.5625,0.4375,1.0,,,,
dt036,dt036_node_33,69.39999999999999,0.00455068681986087,0.1129511772503293,9.0,4.5,0.5555555555555556,0.0008262272587190035,0.00015352305765984752,2.0,8.0,0.3125,0.5625,0.4375,1.0,,,,
dt036,dt036_node_34,73.8,0.0020724482922507,0.11047293872271913,3.0,1.5,0.3333333333333333,0.001100809948910401,0.000801511656823379,2.0,8.0,0.3125,0.5625,0.4375,1.0,,,,
dt036,dt036_node_35,36.9,0.00101200116694647,0.1029311616029214,2.0,1.0,0.0,0.00212457971670943,0.00018016791609767999,2.0,8.0,0.3125,0.5625,0.4375,1.0,,,,
dt036,dt036_node_36,35.0,0.00114667885109234,0.10306583928706727,4.0,2.0,0.5,0.0010760918583353225,0.00012112535393658753,2.0,8.0,0.3125,0.5625,0.4375,1.0,,,,
dt036,dt036_node_37,100.0,0.0557010580897305,0.09642869088829684,2.0,1.0,0.0,0.001061318805904895,0.0009433978263048051,2.0,8.0,0.3125,0.5625,0.4375,1.0,,,,
dt036,dt036_node_38,11.4,0.00408280636799947,0.013212342783453974,2.0,1.0,0.0,0.0743646822133178,0.0030624256600935984,2.0,8.0,0.3125,0.5625,0.4375,1.0,,,,
dt036,dt036_node_39,34.599999999999994,0.0104895312358616,0.019619067651316102,4.0,2.0,0.0,0.05843242337014995,0.028063082523760347,2.0,8.0,0.3125,0.5625,0.4375,1.0,,,,
dt036,dt036_node_40,45.300000000000004,0.0126866271926388,0.04263859585777692,2.0,1.0,0.0,0.10027575387443995,0.0017008001381520477,2.0,8.0,0.3125,0.5625,0.4375,1.0,,,,
dt036,dt036_node_41,83.89999999999999,0.00327806667493107,0.11013212359079741,2.0,1.0,0.0,0.0011133112264457654,0.0007303853229829845,2.0,8.0,0.3125,0.5625,0.4375,1.0,,,,
dt036,dt036_node_42,41.099999999999994,0.00197197133859851,0.08428431205117672,2.0,1.0,0.0,0.0089111204109305,0.0089111204109305,2.0,8.0,0.3125,0.5625,0.4375,1.0,,,,
dt036,dt036_node_43,35.9,0.000710274936959854,0.08026969858603768,6.0,3.0,0.6666666666666666,0.001061197644231816,0.000769633226301664,2.0,8.0,0.3125,0.5625,0.4375,1.0,,,,
dt036,dt036_node_44,100.0,0.0672337232573551,0.11052521082087233,2.0,1.0,0.0,0.003224629410560505,0.001628434529120595,2.0,8.0,0.3125,0.5625,0.4375,1.0,,,,
dt036,dt036_node_45,100.0,0.0993472133871794,0.12245985227964551,2.0,1.0,0.0,0.0064246629940615,0.00325302320065038,2.0,8.0,0.3125,0.5625,0.4375,1.0,,,,
dt036,dt036_node_46,90.8,0.0258292044295011,0.04894184332196721,10.0,5.0,0.6,0.030579876366014065,0.027550129096113235,2.0,8.0,0.3125,0.5625,0.4375,1.0,,,,
dt036,dt036_node_47,21.8,0.000672704201059156,0.11362388145138845,7.0,3.5,0.7142857142857143,0.001702492168974635,0.000314806852834545,2.0,8.0,0.3125,0.5625,0.4375,1.0,,,,
dt036,dt036_node_48,34.4,0.000979750316378851,0.11393092756670815,2.0,1.0,0.0,0.0021684202455212213,0.001699329761815209,2.0,8.0,0.3125,0.5625,0.4375,1.0,,,,
dt036,dt036_node_49,40.400000000000006,0.000299298292087022,0.11077223701480615,2.0,1.0,0.0,0.0022022296788136975,0.0018237962277229626,2.0,8.0,0.3125,0.5625,0.4375,1.0,,,,
dt036,dt036_node_50,25.2,0.000954966504398735,0.104020805791466,3.0,1.5,0.3333333333333333,0.0011503401926644715,0.0005940408937055884,2.0,8.0,0.3125,0.5625,0.4375,1.0,,,,
dt036,dt036_node_51,100.0,0.0864955058939103,0.1061145735452264,2.0,1.0,0.0,0.002129283558907125,0.0003891966497440551,2.0,8.0,0.3125,0.5625,0.4375,1.0,,,,
dt036,dt036_node_52,97.2,0.0303693408463896,0.0499884084977057,2.0,1.0,0.0,0.0433385736594107,0.008926176664685401,2.0,8.0,0.3125,0.5625,0.4375,1.0,,,,
dt036,dt036_node_53,18.0,0.000291564417930152,0.08056126300396783,5.0,2.5,0.6,0.0010786473824251595,0.0008354794669832104,2.0,8.0,0.3125,0.5625,0.4375,1.0,,,,
dt036,dt036_node_54,100.0,0.0581300054621273,0.10707184878409451,2.0,1.0,0.0,0.00320396487281558,0.00052649345262459,2.0,8.0,0.3125,0.5625,0.4375,1.0,,,,
dt036,dt036_node_55,38.7,0.00302974726990083,0.05197159059186804,8.0,4.0,0.75,0.036332405034755155,0.03159569060203454,2.0,8.0,0.3125,0.5625,0.4375,1.0,,,,
dt036,dt036_node_56,13.3,0.00138768531614009,0.11501156676752854,6.0,3.0,0.6666666666666666,0.00213066533421409,0.00124549121181156,2.0,8.0,0.3125,0.5625,0.4375,1.0,,,,
dt036,dt036_node_57,40.400000000000006,0.00174438108637006,0.10576518687783605,2.0,1.0,0.0,0.001060229310064731,0.000769065554817609,2.0,8.0,0.3125,0.5625,0.4375,1.0,,,,
dt036,dt036_node_58,8.5,0.000243167915441949,0.08080443091940978,4.0,2.0,0.5,0.0001489614091212715,0.0001489614091212715,2.0,8.0,0.3125,0.5625,0.4375,1.0,,,,
dt036,dt036_node_59,37.5,0.00473671443272061,0.05670830502458865,7.0,3.5,0.7142857142857143,0.03654034457182165,0.02216591378491305,2.0,8.0,0.3125,0.5625,0.4375,1.0,,,,
dt036,dt036_node_60,7.9,0.00088517412240253,0.11589674088993107,5.0,2.5,0.6,0.0021307873737688348,0.00046765062615559505,2.0,8.0,0.3125,0.5625,0.4375,1.0,,,,
dt036,dt036_node_61,18.9,0.000297922818242543,0.08110235373765233,3.0,1.5,0.3333333333333333,0.002235041081601935,0.00033892119266955506,2.0,8.0,0.3125,0.5625,0.4375,1.0,,,,
dt036,dt036_node_62,84.6,0.0143744307869086,0.07108273581149725,6.0,3.0,0.6666666666666666,0.026235325314633906,0.020463516744837297,2.0,8.0,0.3125,0.5625,0.4375,1.0,,,,
dt036,dt036_node_63,25.0,0.00166313674761324,0.11755987763754432,4.0,2.0,0.5,0.001185837253333715,0.000125984963007715,2.0,8.0,0.3125,0.5625,0.4375,1.0,,,,
dt036,dt036_node_64,55.2,0.00257396227427149,0.08367631601192382,2.0,1.0,0.0,0.001096224105878519,0.000375342408821101,2.0,8.0,0.3125,0.5625,0.4375,1.0,,,,
dt036,dt036_node_65,60.099999999999994,0.00577180856979661,0.07685454438129387,5.0,2.5,0.2,0.01949056920134976,0.01202012047114564,2.0,8.0,0.3125,0.5625,0.4375,1.0,,,,
dt036,dt036_node_66,27.6,0.00131182221634143,0.11887169985388575,3.0,1.5,0.3333333333333333,0.0021306653342140834,0.0015242396211916365,2.0,8.0,0.3125,0.5625,0.4375,1.0,,,,
dt036,dt036_node_67,100.0,0.0315106896724954,0.10836523405378927,2.0,1.0,0.0,0.00514262238820825,0.00514262238820825,2.0,8.0,0.3125,0.5625,0.4375,1.0,,,,
dt036,dt036_node_68,60.6,0.00747044873020412,0.08432499311149799,3.0,1.5,0.3333333333333333,0.05397763172773915,0.018801061759246653,2.0,8.0,0.3125,0.5625,0.4375,1.0,,,,
dt036,dt036_node_69,21.9,0.000606425713022447,0.11947812556690819,2.0,1.0,0.0,0.00426638971253546,0.0009174844847252798,2.0,8.0,0.3125,0.5625,0.4375,1.0,,,,
dt036,dt036_node_70,100.0,0.0727786934869858,0.15710368659848378,2.0,1.0,0.0,0.00319307511806811,0.0005434809890275298,2.0,8.0,0.3125,0.5625,0.4375,1.0,,,,
dt037,dt037_node_0,98.4,0.0509533448798137,0.0509533448798137,5.0,2.5,0.2,0.00817095774273935,0.00191856918703655,2.0,8.0,0.125,0.3125,0.1875,1.0,,,,
dt037,dt037_node_1,60.8,0.0100895269297759,0.0610428718095896,3.0,1.5,0.3333333333333333,0.00567390605897943,0.0035124492586513806,2.0,8.0,0.125,0.3125,0.1875,1.0,,,,
dt037,dt037_node_2,87.5,0.0062523885557028,0.0572057334355165,2.0,1.0,0.0,0.0018040338220039,0.0018040338220039,2.0,8.0,0.125,0.3125,0.1875,1.0,,,,
dt037,dt037_node_3,32.800000000000004,0.00216145680032805,0.06320432860991765,2.0,1.0,0.0,0.02920300918360735,0.007264485742998952,2.0,8.0,0.125,0.3125,0.1875,1.0,,,,
dt038,dt038_node_0,99.3,0.0109406347203581,0.0109406347203581,8.0,4.0,0.75,0.00898441588601789,0.00478755039974301,2.0,8.0,0.375,0.5625,0.4375,1.0,,,,
dt038,dt038_node_1,77.60000000000001,0.00419686548627488,0.01513750020663298,7.0,3.5,0.7142857142857143,0.02549691823846735,0.008171154921620849,2.0,8.0,0.375,0.5625,0.4375,1.0,,,,
dt038,dt038_node_2,100.0,0.0173257633168465,0.03246326352347948,6.0,3.0,0.6666666666666666,0.008974060256692295,0.007430575308133305,2.0,8.0,0.375,0.5625,0.4375,1.0,,,,
dt038,dt038_node_3,52.7,0.00154348494855899,0.034006748472038474,5.0,2.5,0.2,0.003029646127596715,0.0013124391120872348,2.0,8.0,0.375,0.5625,0.4375,1.0,,,,
dt038,dt038_node_4,71.39999999999999,0.00434208523968395,0.03834883371172242,3.0,1.5,0.3333333333333333,0.01164999291559084,0.00676452374994076,2.0,8.0,0.375,0.5625,0.4375,1.0,,,,
dt038,dt038_node_5,52.0,0.00171720701550948,0.035723955487547955,2.0,1.0,0.0,0.01524208815424575,0.0019061491932633508,2.0,8.0,0.375,0.5625,0.4375,1.0,,,,
dt038,dt038_node_6,85.7,0.00488546916565008,0.0432343028773725,2.0,1.0,0.0,0.0152602462640864,0.0021462414374039005,2.0,8.0,0.375,0.5625,0.4375,1.0,,,,
dt1,dt1_node_0,41.67,0.00889254203417354,0.00889254203417354,22.0,0.6875,0.0,0.019185994078804267,0.014369835021385837,32.0,2142.0,0.3125437675070028,0.5174342888945273,0.0372795562692959,0.8300993847610033,0.3291152400584034,0.5215645839960245,0.03672095304603138,0.3639099745539052
dt1,dt1_node_1,100.0,0.0437883348561001,0.0437883348561001,3.0,0.09375,0.3333333333333333,0.049395116654666796,0.0162354754014804,32.0,2142.0,0.3125437675070028,0.5174342888945273,0.0372795562692959,0.8300993847610033,0.25023342670401494,0.49893385971995835,0.03536995701313509,0.11641516877594382
dt1,dt1_node_2,32.0,0.00222356156793538,0.00222356156793538,7.0,0.21875,0.42857142857142855,0.013115761799979048,0.0027669043719109497,32.0,2142.0,0.3125437675070028,0.5174342888945273,0.0372795562692959,0.8300993847610033,0.2832529589855322,0.5123821167932082,0.03678740024661489,0.2506063865360183
dt1,dt1_node_3,100.0,0.0335558291001901,0.042448371134363644,11.0,0.34375,0.6363636363636364,0.031143018914030977,0.024792526582504328,32.0,2142.0,0.3125437675070028,0.5174342888945273,0.0372795562692959,0.8300993847610033,0.30629064681862,0.5139123386798938,0.03733913959476418,0.44415581228431367
dt1,dt1_node_4,45.0,0.00481615905741843,0.01370870109159197,11.0,0.34375,0.8181818181818182,0.047516091307924745,0.01859717609628845,32.0,2142.0,0.3125437675070028,0.5174342888945273,0.0372795562692959,0.8300993847610033,0.35193983329818707,0.5292168293121552,0.03443155126891481,0.2154767968271178
dt1,dt1_node_5,100.0,0.0331596412531864,0.0769479761092865,2.0,0.0625,0.0,0.05792576854309695,0.0018871953073600484,32.0,2142.0,0.3125437675070028,0.5174342888945273,0.0372795562692959,0.8300993847610033,0.1816059757236228,0.47401054567749845,0.0036105456774984668,0.09895513214505225
dt1,dt1_node_6,87.67,0.01588266617189,0.018106227739825377,2.0,0.0625,0.0,0.07882993416148384,0.035414829522703146,32.0,2142.0,0.3125437675070028,0.5174342888945273,0.0372795562692959,0.8300993847610033,0.22644484585111302,0.5165507108595134,0.026824683462253113,0.253766851704996
dt1,dt1_node_7,61.0,0.0103488574280681,0.01257241899600348,5.0,0.15625,0.6,0.06519009642970292,0.05905940819600408,32.0,2142.0,0.3125437675070028,0.5174342888945273,0.0372795562692959,0.8300993847610033,0.30597620423929983,0.5107146791666861,0.039963499192291356,0.22978204387378504
dt1,dt1_node_8,77.33,0.00635049233152665,0.048798863465890296,9.0,0.28125,0.5555555555555556,0.016017352172985066,0.012654013796500036,32.0,2142.0,0.3125437675070028,0.5174342888945273,0.0372795562692959,0.8300993847610033,0.3410530252277375,0.520896444598341,0.03783283369074812,0.46335339029546585
dt1,dt1_node_9,100.0,0.0559355454965353,0.09838391663089895,2.0,0.0625,0.0,0.0066400344480027,0.0013910829328825803,32.0,2142.0,0.3125437675070028,0.5174342888945273,0.0372795562692959,0.8300993847610033,0.14985994397759103,0.48248386204688193,0.004467502128681522,0.013027295285359801
dt1,dt1_node_10,91.0,0.0289189152116363,0.04262761630322827,10.0,0.3125,0.8,0.026829475298081256,0.024555633589871347,32.0,2142.0,0.3125437675070028,0.5174342888945273,0.0372795562692959,0.8300993847610033,0.3373439987858759,0.5271617680573242,0.035463063188197905,0.1677528513983493
dt1,dt1_node_11,49.33,0.00613068823369883,0.01870310722970231,4.0,0.125,0.0,0.02856814044125105,0.00159609514988715,32.0,2142.0,0.3125437675070028,0.5174342888945273,0.0372795562692959,0.8300993847610033,0.2757942515642975,0.5013819483068918,0.03950762278483176,0.2364619227630159
dt1,dt1_node_12,100.0,0.0286713659694851,0.0774702294353754,7.0,0.21875,0.7142857142857143,0.01193234392780027,0.006883572580687731,32.0,2142.0,0.3125437675070028,0.5174342888945273,0.0372795562692959,0.8300993847610033,0.37397416047996757,0.5318483263115232,0.03549675019742812,0.4542043526240617
dt1,dt1_node_13,50.0,0.00336333837648503,0.05216220184237533,2.0,0.0625,0.0,0.04104432020890865,0.0002983719303105495,32.0,2142.0,0.3125437675070028,0.5174342888945273,0.0372795562692959,0.8300993847610033,0.2258290518449323,0.482564858602203,0.011906885869541473,0.14329643296432965
dt1,dt1_node_14,9.33,0.00227384170820991,0.04490145801143818,9.0,0.28125,0.5555555555555556,0.005475223827401225,0.0016863743494150449,32.0,2142.0,0.3125437675070028,0.5174342888945273,0.0372795562692959,0.8300993847610033,0.3197379631701142,0.5248299480472327,0.036646849033185,0.1740637693442625
dt1,dt1_node_15,99.67,0.0301642355911382,0.04886734282084051,2.0,0.0625,0.0,0.07416385320635821,0.010016914638361497,32.0,2142.0,0.3125437675070028,0.5174342888945273,0.0372795562692959,0.8300993847610033,0.23086021181206845,0.5127523918986083,0.039591358101391666,0.3035143769968051
dt1,dt1_node_16,98.0,0.0269720452913639,0.04567515252106621,2.0,0.0625,0.0,0.08059479241939155,0.00017535605381024943,32.0,2142.0,0.3125437675070028,0.5174342888945273,0.0372795562692959,0.8300993847610033,0.3207282913165266,0.4900115047151753,0.035995206694220655,0.13029661016949154
dt1,dt1_node_17,65.0,0.00504877134711254,0.08251900078248794,6.0,0.1875,0.6666666666666666,0.001381189604231865,0.001381189604231865,32.0,2142.0,0.3125437675070028,0.5174342888945273,0.0372795562692959,0.8300993847610033,0.4258767944472948,0.541472449753882,0.028664546442810912,0.4676349365352793
dt1,dt1_node_18,20.669999999999998,0.00716159817681627,0.05206305618825445,2.0,0.0625,0.0,0.0562432695480901,0.0235719195324416,32.0,2142.0,0.3125437675070028,0.5174342888945273,0.0372795562692959,0.8300993847610033,0.219187675070028,0.5048309178743962,0.028502415458937197,0.09669811320754718
dt1,dt1_node_19,16.669999999999998,0.00378884947798618,0.048690307489424364,7.0,0.21875,0.14285714285714285,0.004582319126642465,0.0015075777130811748,32.0,2142.0,0.3125437675070028,0.5174342888945273,0.0372795562692959,0.8300993847610033,0.34846661691299596,0.5305439566680431,0.03671059956941752,0.18970627375327556
dt1,dt1_node_20,44.0,0.00276237920846373,0.08528137999095167,5.0,0.15625,0.6,0.004003517835110394,0.003785096647264176,32.0,2142.0,0.3125437675070028,0.5174342888945273,0.0372795562692959,0.8300993847610033,0.4108634740914708,0.5389918924456791,0.030806955058408587,0.4730583508417573
dt1,dt1_node_21,41.67,0.00608989683972364,0.054780204329148006,3.0,0.09375,0.3333333333333333,0.02967543602271325,0.0012807000596747505,32.0,2142.0,0.3125437675070028,0.5174342888945273,0.0372795562692959,0.8300993847610033,0.30336371405690304,0.5254555468389032,0.035797624949878114,0.2678205840783844
dt1,dt1_node_22,46.0,0.00307474141356129,0.05176504890298565,4.0,0.125,0.5,0.01980236401252625,0.009190700647297548,32.0,2142.0,0.3125437675070028,0.5174342888945273,0.0372795562692959,0.8300993847610033,0.3822937940550656,0.534360264039898,0.036923347754072404,0.12239859977835688
dt1,dt1_node_23,27.33,0.000218421187846218,0.0854998011787979,4.0,0.125,0.5,0.005447819610336955,0.003585059937418005,32.0,2142.0,0.3125437675070028,0.5174342888945273,0.0372795562692959,0.8300993847610033,0.38962976278240574,0.5355454211126546,0.033569998163787626,0.47102181555073214
dt1,dt1_node_24,100.0,0.030956136082388,0.08573634041153601,2.0,0.0625,0.0,0.00546702789361485,0.00546702789361485,32.0,2142.0,0.3125437675070028,0.5174342888945273,0.0372795562692959,0.8300993847610033,0.2449615374719092,0.510002965991044,0.03472546851374836,0.3497536945812808
dt1,dt1_node_25,90.67,0.0106116633652287,0.062376712268214354,3.0,0.09375,0.3333333333333333,0.01545835284785391,0.00818255423728349,32.0,2142.0,0.3125437675070028,0.5174342888945273,0.0372795562692959,0.8300993847610033,0.4935408072617184,0.5556272280754414,0.0029399164389205482,0.13814234277147522
dt1,dt1_node_26,43.33,0.00186275967291895,0.08736256085171684,3.0,0.09375,0.3333333333333333,0.000803356778602745,0.000803356778602745,32.0,2142.0,0.3125437675070028,0.5174342888945273,0.0372795562692959,0.8300993847610033,0.49773635510914865,0.5549044433400795,0.0018724500566220906,0.46660482807705317
dt1,dt1_node_27,93.0,0.00727579861057042,0.06965251087878477,2.0,0.0625,0.0,0.0158707886500771,0.005083268187670201,32.0,2142.0,0.3125437675070028,0.5174342888945273,0.0372795562692959,0.8300993847610033,0.49311233134075677,0.5536624487613616,0.0011762609160577142,0.17972350230414746
dt1,dt1_node_28,39.33,0.00160671355720549,0.08896927440892233,2.0,0.0625,0.0,0.00156154108368799,0.00156154108368799,32.0,2142.0,0.3125437675070028,0.5174342888945273,0.0372795562692959,0.8300993847610033,0.49754261896766294,0.5538519921129229,0.001391453579960955,0.4232209737827715
dt10,dt10_node_0,18.33,0.00341339668873213,0.00341339668873213,83.0,0.8924731182795699,0.6867469879518072,0.01606175778164965,0.00452596423791675,93.0,3787.0,0.5902592627295985,0.3639254876305602,0.01794563034903444,0.4851222104144527,0.5882521371464204,0.3614008971362896,0.015016676867353229,0.16568431130623595
dt10,dt10_node_1,29.330000000000002,0.00757961237883453,0.00757961237883453,9.0,0.0967741935483871,0.5555555555555556,0.1202595301430838,0.0969106858634162,93.0,3787.0,0.5902592627295985,0.3639254876305602,0.01794563034903444,0.4851222104144527,0.5949593639057594,0.390743997759666,0.018911289024074046,0.23592405596451066
dt10,dt10_node_2,28.000000000000004,0.0115357935437329,0.01494919023246503,70.0,0.7526881720430108,0.6,0.019313754132263147,0.00276823014148485,93.0,3787.0,0.5902592627295985,0.3639254876305602,0.01794563034903444,0.4851222104144527,0.5834169527330341,0.35836754540325516,0.012865956479813123,0.13211962264370147
dt10,dt10_node_3,69.0,0.0205877220195664,0.02400111870829853,13.0,0.13978494623655913,0.07692307692307693,0.01672783343712975,0.00353399022485475,93.0,3787.0,0.5902592627295985,0.3639254876305602,0.01794563034903444,0.4851222104144527,0.6142877455261929,0.3777343295449365,0.015234099344515403,0.19629080732835028
dt10,dt10_node_4,100.0,0.2171702160065,0.22474982838533453,2.0,0.021505376344086023,0.0,0.0023632349800058,0.0023632349800058,93.0,3787.0,0.5902592627295985,0.3639254876305602,0.01794563034903444,0.4851222104144527,0.3308687615526802,0.3642473587162364,0.00046783115718129764,0.0
dt10,dt10_node_5,81.33,0.0233488442796676,0.030928456658502128,7.0,0.07526881720430108,0.42857142857142855,0.09562512890583005,0.04174645432805896,93.0,3787.0,0.5902592627295985,0.3639254876305602,0.01794563034903444,0.4851222104144527,0.6704138217209249,0.39831446605778875,0.014207474129684323,0.1975177651688591
dt10,dt10_node_6,26.33,0.0165455239907783,0.03149471422324333,56.0,0.6021505376344086,0.9642857142857143,0.0721190182413631,0.0572782653867199,93.0,3787.0,0.5902592627295985,0.3639254876305602,0.01794563034903444,0.4851222104144527,0.5755639594100117,0.3534127333406089,0.007382339422876365,0.08649129975340102
dt10,dt10_node_7,87.33,0.022081984273748,0.03703117450621303,14.0,0.15053763440860216,0.5714285714285714,0.0271111502825599,0.003542519209414799,93.0,3787.0,0.5902592627295985,0.3639254876305602,0.01794563034903444,0.4851222104144527,0.6148289260251235,0.37818679365383995,0.010893355211371712,0.12084211494284128
dt10,dt10_node_8,67.67,0.013193843212275,0.03719496192057353,6.0,0.06451612903225806,0.6666666666666666,0.15300205061258398,0.016717967061655,93.0,3787.0,0.5902592627295985,0.3639254876305602,0.01794563034903444,0.4851222104144527,0.6000792183786637,0.3780678746691471,0.0037972767615877074,0.10680007432475748
dt10,dt10_node_9,83.67,0.0202618236619845,0.044262942370283026,7.0,0.07526881720430108,0.14285714285714285,0.04226790879515205,0.020974509981180247,93.0,3787.0,0.5902592627295985,0.3639254876305602,0.01794563034903444,0.4851222104144527,0.6264664830812177,0.37744843372418463,0.02045641933140236,0.1393852642621854
dt10,dt10_node_10,100.0,0.137371583233889,0.16830003989239115,2.0,0.021505376344086023,0.0,0.06862086158825005,0.02665389155360585,93.0,3787.0,0.5902592627295985,0.3639254876305602,0.01794563034903444,0.4851222104144527,0.5405334037496698,0.37875429061784893,0.005565884820747518,0.12484848484848485
dt10,dt10_node_11,100.0,0.0538786745777711,0.08480713123627323,5.0,0.053763440860215055,0.6,0.04064935427195305,0.02844971368855895,93.0,3787.0,0.5902592627295985,0.3639254876305602,0.01794563034903444,0.4851222104144527,0.7223659889094269,0.40613853623376467,0.007479663137714971,0.11918603969658795
dt10,dt10_node_12,28.67,0.0148407528546432,0.04633546707788653,55.0,0.5913978494623656,0.8181818181818182,0.03631335117153285,0.001976355944426751,93.0,3787.0,0.5902592627295985,0.3639254876305602,0.01794563034903444,0.4851222104144527,0.573896343951797,0.35330162286455064,0.007402599203417712,0.0819646614861544
dt10,dt10_node_13,96.33,0.0235686310731451,0.06059980557935813,3.0,0.03225806451612903,0.3333333333333333,0.0698337173058679,0.040743644256651106,93.0,3787.0,0.5902592627295985,0.3639254876305602,0.01794563034903444,0.4851222104144527,0.6228324971393363,0.3908389124582696,0.01566291920128124,0.08415405133334615
dt10,dt10_node_14,99.67,0.0306536694919747,0.06768484399818772,11.0,0.11827956989247312,0.2727272727272727,0.0515199242440672,0.003900993333489998,93.0,3787.0,0.5902592627295985,0.3639254876305602,0.01794563034903444,0.4851222104144527,0.6126461339030655,0.37473621579808647,0.0053439160078549595,0.08280401552054287
dt10,dt10_node_15,100.0,0.136284083550929,0.17347904547150253,5.0,0.053763440860215055,0.2,0.02502575089047865,0.00489669542530005,93.0,3787.0,0.5902592627295985,0.3639254876305602,0.01794563034903444,0.4851222104144527,0.5982571956693953,0.3773300982516252,0.0037466369868728914,0.03104211349250254
dt10,dt10_node_16,100.0,0.0632424187763323,0.10750536114661532,3.0,0.03225806451612903,0.3333333333333333,0.00233290416025757,0.00037139521413044,93.0,3787.0,0.5902592627295985,0.3639254876305602,0.01794563034903444,0.4851222104144527,0.6543438077634011,0.35981194482197926,0.0003031091602418929,0.0056865872840434735
dt10,dt10_node_17,85.0,0.0212933988139718,0.06555634118425482,4.0,0.043010752688172046,0.5,0.09255040682219676,0.05391703118718525,93.0,3787.0,0.5902592627295985,0.3639254876305602,0.01794563034903444,0.4851222104144527,0.6055584895695801,0.39067580040083866,0.017999929710686882,0.10210130571257621
dt10,dt10_node_18,81.33,0.0121996405833941,0.09700677181966733,4.0,0.043010752688172046,0.5,0.0679204006295554,0.018302266441861,93.0,3787.0,0.5902592627295985,0.3639254876305602,0.01794563034903444,0.4851222104144527,0.716134143121204,0.4073596906683814,0.007904151444095356,0.09820147911028616
dt10,dt10_node_19,42.0,0.0343369952271061,0.08067246230499263,50.0,0.5376344086021505,0.36,0.025529643188049,0.0061140733298850995,93.0,3787.0,0.5902592627295985,0.3639254876305602,0.01794563034903444,0.4851222104144527,0.5732981251650383,0.3518460539887485,0.0060539948508619105,0.05847399062613307
dt10,dt10_node_20,56.00000000000001,0.0382897071159596,0.08462517419384613,5.0,0.053763440860215055,0.2,0.098691272036537,0.06040750250708301,93.0,3787.0,0.5902592627295985,0.3639254876305602,0.01794563034903444,0.4851222104144527,0.5798785318193821,0.3678573116225724,0.0017943816053961198,0.10387674770116392
dt10,dt10_node_21,100.0,0.110577361562519,0.17117716714187714,2.0,0.021505376344086023,0.0,0.00051040856892655,0.00051040856892655,93.0,3787.0,0.5902592627295985,0.3639254876305602,0.01794563034903444,0.4851222104144527,0.5860839714813837,0.4019105426004479,0.000497568933138931,0.0
dt10,dt10_node_22,100.0,0.0554209175775572,0.12310576157574492,4.0,0.043010752688172046,0.5,0.00150123332980745,0.00150123332980745,93.0,3787.0,0.5902592627295985,0.3639254876305602,0.01794563034903444,0.4851222104144527,0.51234486400845,0.3785416524690325,0.005709879188822654,0.04649450467328054
dt10,dt10_node_23,100.0,0.0476189309105772,0.11530377490876492,7.0,0.07526881720430108,0.7142857142857143,0.02238152304739715,0.0015460987058412493,93.0,3787.0,0.5902592627295985,0.3639254876305602,0.01794563034903444,0.4851222104144527,0.6699611452714173,0.37256168055754596,0.003638981848824161,0.013336486409883714
dt10,dt10_node_24,100.0,0.0201290554651786,0.19360810093668113,3.0,0.03225806451612903,0.3333333333333333,0.002029717661558215,0.00016818503066052507,93.0,3787.0,0.5902592627295985,0.3639254876305602,0.01794563034903444,0.4851222104144527,0.6025878003696857,0.3802837291563772,0.0011974867509637842,0.002699060246230058
dt10,dt10_node_25,100.0,0.0299224463157787,0.20340149178728123,2.0,0.021505376344086023,0.0,0.000689365313549995,0.000689365313549995,93.0,3787.0,0.5902592627295985,0.3639254876305602,0.01794563034903444,0.4851222104144527,0.5917612886189596,0.37289965189449725,0.0004769714821261095,0.0
dt10,dt10_node_26,96.0,0.00270429937438801,0.11020966052100334,2.0,0.021505376344086023,0.0,0.00194963655672508,0.00016482769657312003,93.0,3787.0,0.5902592627295985,0.3639254876305602,0.01794563034903444,0.4851222104144527,0.6581726960654872,0.359598335768096,3.043453352813419e-05,0.0038880248833592537
dt10,dt10_node_27,100.0,0.146467438009382,0.21202377919363682,3.0,0.03225806451612903,0.3333333333333333,0.02069474499045615,0.006534519759969151,93.0,3787.0,0.5902592627295985,0.3639254876305602,0.01794563034903444,0.4851222104144527,0.5811988381304461,0.40093393490859563,0.0033285630236817585,0.02682993628818055
dt10,dt10_node_28,100.0,0.0496181341876944,0.14662490600736172,3.0,0.03225806451612903,0.3333333333333333,0.0322718401153164,0.0054274413849561,93.0,3787.0,0.5902592627295985,0.3639254876305602,0.01794563034903444,0.4851222104144527,0.7146377959686646,0.41176629203169196,0.0023723977535549698,0.04549124526745995
dt10,dt10_node_29,99.0,0.0316437165179341,0.11231617882292673,34.0,0.3655913978494624,0.9411764705882353,0.02106668312832806,0.01594988780543454,93.0,3787.0,0.5902592627295985,0.3639254876305602,0.01794563034903444,0.4851222104144527,0.6300268721166838,0.34884971844476814,0.0037535391637074696,0.013757119390645603
dt10,dt10_node_30,39.67,0.0194155698581639,0.10008803216315654,16.0,0.17204301075268819,0.0,0.02443539793261068,0.01603587602184062,93.0,3787.0,0.5902592627295985,0.3639254876305602,0.01794563034903444,0.4851222104144527,0.45274953789279115,0.358213267019707,0.004997495835771152,0.05395847031107684
dt10,dt10_node_31,100.0,0.038283769529454,0.12290894372330013,2.0,0.021505376344086023,0.0,0.000151023079165224,0.000151023079165224,93.0,3787.0,0.5902592627295985,0.3639254876305602,0.01794563034903444,0.4851222104144527,0.6282017428043306,0.370022730311539,0.00034764005883139437,0.0
dt10,dt10_node_32,100.0,0.15909877454362,0.24372394873746614,3.0,0.03225806451612903,0.3333333333333333,0.0008770969959329684,9.63235736322065e-05,93.0,3787.0,0.5902592627295985,0.3639254876305602,0.01794563034903444,0.4851222104144527,0.5476630578294164,0.36641369916326133,0.0002751923647349831,0.0015567230978789648
dt10,dt10_node_33,71.0,0.0030024666596149,0.12610822823535983,3.0,0.03225806451612903,0.3333333333333333,0.03403807768586475,0.03403807768586475,93.0,3787.0,0.5902592627295985,0.3639254876305602,0.01794563034903444,0.4851222104144527,0.49942786726520555,0.3762908307430237,0.004817208738696513,0.04837122422811452
dt10,dt10_node_34,100.0,0.0239276217532384,0.13923139666200332,6.0,0.06451612903225806,0.6666666666666666,0.002423148170371635,0.002423148170371635,93.0,3787.0,0.5902592627295985,0.3639254876305602,0.01794563034903444,0.4851222104144527,0.6748965760056334,0.3726141779779299,0.00392809477033352,0.000796421505341396
dt10,dt10_node_35,87.67,0.00219790269221874,0.19580600362889986,2.0,0.021505376344086023,0.0,0.000488437363169255,0.000488437363169255,93.0,3787.0,0.5902592627295985,0.3639254876305602,0.01794563034903444,0.4851222104144527,0.6069448111961975,0.37991844158892213,0.0013231238631696285,0.0
dt10,dt10_node_36,100.0,0.0272292647504253,0.23925304394406213,2.0,0.021505376344086023,0.0,0.00595735516385735,0.00595735516385735,93.0,3787.0,0.5902592627295985,0.3639254876305602,0.01794563034903444,0.4851222104144527,0.5912331660945339,0.40314578804279716,0.0013935978049999243,0.0
dt10,dt10_node_37,100.0,0.0376992815002725,0.1843241875076342,2.0,0.021505376344086023,0.0,0.0032345000013558,0.00199586644917019,93.0,3787.0,0.5902592627295985,0.3639254876305602,0.01794563034903444,0.4851222104144527,0.7132294692368629,0.4134438305709024,0.0,0.006445672191528545
dt10,dt10_node_38,67.33,0.00511679532289352,0.11743297414582025,33.0,0.3548387096774194,0.8787878787878788,0.007863095008992526,0.004661875399594075,93.0,3787.0,0.5902592627295985,0.3639254876305602,0.01794563034903444,0.4851222104144527,0.6312744556737162,0.34865818872791765,0.0036426300730686106,0.011333786354367131
dt10,dt10_node_39,100.0,0.0404712739544513,0.14055930611760784,8.0,0.08602150537634409,0.75,0.008499700163610235,0.0016177192058834653,93.0,3787.0,0.5902592627295985,0.3639254876305602,0.01794563034903444,0.4851222104144527,0.5496435172960127,0.36109180355626536,0.0018283917128335211,0.00572858112669757
dt10,dt10_node_40,34.33,0.00839952191077006,0.1084875540739266,8.0,0.08602150537634409,0.5,0.0200543971507487,0.0078389263495008,93.0,3787.0,0.5902592627295985,0.3639254876305602,0.01794563034903444,0.4851222104144527,0.35585555848956957,0.3553347304831487,0.005480416755771303,0.032884922129461605
dt10,dt10_node_41,90.0,0.000780773422300762,0.2445047221597669,2.0,0.021505376344086023,0.0,0.0002920576005755275,7.386571735064958e-07,93.0,3787.0,0.5902592627295985,0.3639254876305602,0.01794563034903444,0.4851222104144527,0.5476630578294164,0.3663164039696439,0.00029188558085230243,0.0005837711617046118
dt10,dt10_node_42,100.0,0.0680761553717295,0.19418438360708934,2.0,0.021505376344086023,0.0,0.006185694274530576,0.0007999791459456251,93.0,3787.0,0.5902592627295985,0.3639254876305602,0.01794563034903444,0.4851222104144527,0.47359387377871665,0.3729656578792414,0.001279814957780706,0.012276214833759591
dt10,dt10_node_43,100.0,0.00484629634074327,0.1440776930027466,5.0,0.053763440860215055,0.6,0.002018763865862675,0.002018763865862675,93.0,3787.0,0.5902592627295985,0.3639254876305602,0.01794563034903444,0.4851222104144527,0.6790071296540796,0.3728818569654181,0.004252764040904413,0.0008594943762603868
dt10,dt10_node_44,68.0,0.00320121960939845,0.12063419375521871,31.0,0.3333333333333333,0.8709677419354839,0.005205827961410425,0.002192296917170565,93.0,3787.0,0.5902592627295985,0.3639254876305602,0.01794563034903444,0.4851222104144527,0.6345732855183692,0.348531054028076,0.003722615564036806,0.009294901689185193
dt10,dt10_node_45,100.0,0.0125249704085866,0.12995794455440685,2.0,0.021505376344086023,0.0,0.0022189653499637848,0.0016934449482479258,93.0,3787.0,0.5902592627295985,0.3639254876305602,0.01794563034903444,0.4851222104144527,0.5801425930815949,0.3506287765754619,6.131125389821634e-05,0.004421983575489577
dt10,dt10_node_46,100.0,0.0101174193694937,0.15067672548710154,7.0,0.07526881720430108,0.7142857142857143,0.001248241055443585,0.00012116373108497498,93.0,3787.0,0.5902592627295985,0.3639254876305602,0.01794563034903444,0.4851222104144527,0.5506054547512166,0.36142603743890095,0.0017108160917933559,0.0014924803632041272
dt10,dt10_node_47,43.669999999999995,0.0278933235002495,0.1363808775741761,2.0,0.021505376344086023,0.0,0.0010675643112642952,3.2615758597494987e-05,93.0,3787.0,0.5902592627295985,0.3639254876305602,0.01794563034903444,0.4851222104144527,0.37430683918669133,0.34752692542817776,0.0015533421303507156,0.0021321961620469083
dt10,dt10_node_48,69.67,0.0122154708012479,0.12070302487517451,6.0,0.06451612903225806,0.6666666666666666,0.01372377795085212,0.00387091236194218,93.0,3787.0,0.5902592627295985,0.3639254876305602,0.01794563034903444,0.4851222104144527,0.349705131590529,0.35793733216813894,0.0034854255180326783,0.015775513253931298
dt10,dt10_node_49,81.0,0.00403752773172535,0.14811522073447195,4.0,0.043010752688172046,0.5,0.00329855397336434,0.00329855397336434,93.0,3787.0,0.5902592627295985,0.3639254876305602,0.01794563034903444,0.4851222104144527,0.6819382096646422,0.3732451783496297,0.004684814867567838,0.0010183655627141943
dt10,dt10_node_50,72.67,0.00301353104423986,0.12364772479945857,29.0,0.3118279569892473,0.8620689655172413,0.0019161578937000618,0.0012161895484977178,93.0,3787.0,0.5902592627295985,0.3639254876305602,0.01794563034903444,0.4851222104144527,0.6388643544612695,0.3481667962426412,0.003571681248008575,0.007837422850616864
dt10,dt10_node_51,100.0,0.00739812487858099,0.12803231863379969,2.0,0.021505376344086023,0.0,0.003153425260652605,0.0006965836585048051,93.0,3787.0,0.5902592627295985,0.3639254876305602,0.01794563034903444,0.4851222104144527,0.5723527858463163,0.35381279191688114,3.3361929272723856e-05,0.006277463904582548
dt10,dt10_node_52,43.0,0.00112707732435861,0.15180380281146014,6.0,0.06451612903225806,0.6666666666666666,0.0003547025097391485,0.0003547025097391485,93.0,3787.0,0.5902592627295985,0.3639254876305602,0.01794563034903444,0.4851222104144527,0.5524161605492475,0.3612315053348662,0.0017747697897927289,0.0011477072993355082
dt10,dt10_node_53,96.33,0.00985286558890994,0.13055589046408445,5.0,0.053763440860215055,0.2,0.00614604597174106,0.0011376573889907101,93.0,3787.0,0.5902592627295985,0.3639254876305602,0.01794563034903444,0.4851222104144527,0.3689463955637708,0.35842469248220543,0.0036266663474522278,0.007850488212273691
dt10,dt10_node_54,100.0,0.00659710794672868,0.15471232868120063,3.0,0.03225806451612903,0.3333333333333333,0.002336523681834455,0.002336523681834455,93.0,3787.0,0.5902592627295985,0.3639254876305602,0.01794563034903444,0.4851222104144527,0.6869993838570548,0.3743110566056342,0.00497181401817828,0.0011745038727087756
dt10,dt10_node_55,41.0,0.000699968345202344,0.12434769314466092,27.0,0.2903225806451613,0.3333333333333333,0.000615650607639487,0.00011565893268876301,93.0,3787.0,0.5902592627295985,0.3639254876305602,0.01794563034903444,0.4851222104144527,0.6380111296932,0.34838929708128896,0.0036015705108212097,0.0076279466140434906
dt10,dt10_node_56,91.33,0.00313234744219778,0.12678007224165636,2.0,0.021505376344086023,0.0,0.0003812480848582745,0.0001685194728147735,93.0,3787.0,0.5902592627295985,0.3639254876305602,0.01794563034903444,0.4851222104144527,0.6503828888302086,0.34516303492089573,0.00041417647340713515,0.0007621951219512195
dt10,dt10_node_57,44.67,0.000709405019478297,0.15251320783093844,5.0,0.053763440860215055,0.6,0.0003247833458536635,0.0003247833458536635,93.0,3787.0,0.5902592627295985,0.3639254876305602,0.01794563034903444,0.4851222104144527,0.556007393715342,0.3608742896689977,0.0017361310942615611,0.0012366318600483248
dt10,dt10_node_58,100.0,0.00728370336073177,0.13783959382481623,2.0,0.021505376344086023,0.0,0.0002243074439469165,0.0002243074439469165,93.0,3787.0,0.5902592627295985,0.3639254876305602,0.01794563034903444,0.4851222104144527,0.5462107208872458,0.3628195108604741,0.0007105884966270293,0.0
dt10,dt10_node_59,99.0,0.00500838858275035,0.1355642790468348,3.0,0.03225806451612903,0.3333333333333333,0.000235210072605152,0.000235210072605152,93.0,3787.0,0.5902592627295985,0.3639254876305602,0.01794563034903444,0.4851222104144527,0.25077017868145407,0.3554948135633596,0.00035225150220048865,0.0007114446697180505
dt10,dt10_node_60,99.33,0.00467304736366891,0.15938537604486955,2.0,0.021505376344086023,0.0,0.00152319094594396,0.00152319094594396,93.0,3787.0,0.5902592627295985,0.3639254876305602,0.01794563034903444,0.4851222104144527,0.6886717718510695,0.37532301228741616,0.0058314868636873685,0.0009165902841429881
dt10,dt10_node_61,39.0,0.000499991674950724,0.12484768481961164,18.0,0.1935483870967742,0.2222222222222222,0.003971300701083965,0.00015463891444552486,93.0,3787.0,0.5902592627295985,0.3639254876305602,0.01794563034903444,0.4851222104144527,0.6419182583692751,0.3469869009063099,0.0024195565343337784,0.005845193223751063
dt10,dt10_node_62,65.0,0.00073130954032825,0.12507900268498917,9.0,0.0967741935483871,0.5555555555555556,0.00195913730563235,0.00082410901120172,93.0,3787.0,0.5902592627295985,0.3639254876305602,0.01794563034903444,0.4851222104144527,0.6301968723410498,0.3511940894312474,0.003924937273129257,0.0033063800190258515
dt10,dt10_node_63,38.0,0.000649566691707327,0.15316277452264576,4.0,0.043010752688172046,0.5,0.00051062097857827,0.00051062097857827,93.0,3787.0,0.5902592627295985,0.3639254876305602,0.01794563034903444,0.4851222104144527,0.5592157380512279,0.36106396035214305,0.0018941526153805923,0.0012500029296977997
dt10,dt10_node_64,63.67,0.000470420145210304,0.1360346991920451,2.0,0.021505376344086023,0.0,0.000383300019260043,0.000383300019260043,93.0,3787.0,0.5902592627295985,0.3639254876305602,0.01794563034903444,0.4851222104144527,0.2501980459466596,0.35569192030974117,0.0002637583606189542,0.0007165890361877463
dt10,dt10_node_65,95.67,0.00412593961552949,0.12897362443514113,11.0,0.11827956989247312,0.45454545454545453,0.0014801687025435624,0.00048068274327296744,93.0,3787.0,0.5902592627295985,0.3639254876305602,0.01794563034903444,0.4851222104144527,0.6392683102479776,0.34711226961488706,0.002091415600770293,0.0017165748654191667
dt10,dt10_node_66,96.67,0.00381666178663844,0.1286643466062501,7.0,0.07526881720430108,0.7142857142857143,0.000374400505985073,5.9522111885809866e-06,93.0,3787.0,0.5902592627295985,0.3639254876305602,0.01794563034903444,0.4851222104144527,0.6460824625598853,0.3467898929356887,0.002849004387928744,0.0008682535444103657
dt10,dt10_node_67,92.0,0.00113502829443063,0.1262140309794198,2.0,0.021505376344086023,0.0,9.6181817118582e-05,9.6181817118582e-05,93.0,3787.0,0.5902592627295985,0.3639254876305602,0.01794563034903444,0.4851222104144527,0.6456297861103776,0.34464121767468947,0.00021285298583276213,0.0
dt10,dt10_node_68,97.33000000000001,0.00278324631683407,0.12786224900182325,7.0,0.07526881720430108,0.7142857142857143,0.0007062851266675718,0.0006533662608091583,93.0,3787.0,0.5902592627295985,0.3639254876305602,0.01794563034903444,0.4851222104144527,0.6257874684069561,0.35306633850454966,0.002004926358878574,0.0020734119303110594
dt10,dt10_node_69,55.33,0.00102124195715654,0.1541840164798023,3.0,0.03225806451612903,0.3333333333333333,0.0003379535983854665,0.0003379535983854665,93.0,3787.0,0.5902592627295985,0.3639254876305602,0.01794563034903444,0.4851222104144527,0.5605140392571076,0.3608722955130712,0.0021533254588330165,0.0016682321018576497
dt10,dt10_node_70,83.33,0.000999485959270595,0.12997311039441173,8.0,0.08602150537634409,0.75,1.261090121724405e-05,1.261090121724405e-05,93.0,3787.0,0.5902592627295985,0.3639254876305602,0.01794563034903444,0.4851222104144527,0.6379059941906523,0.3463833485989345,0.0018906919558570197,0.000553298596148757
dt10,dt10_node_71,98.33,0.00196085144581653,0.13093447588095766,3.0,0.03225806451612903,0.3333333333333333,4.865154304630705e-05,4.865154304630705e-05,93.0,3787.0,0.5902592627295985,0.3639254876305602,0.01794563034903444,0.4851222104144527,0.6429011530675116,0.3490560589907605,0.001144686943783598,0.0
dt10,dt10_node_72,63.67,0.000368448294796492,0.12903279490104658,6.0,0.06451612903225806,0.6666666666666666,3.28317021703877e-05,3.28317021703877e-05,93.0,3787.0,0.5902592627295985,0.3639254876305602,0.01794563034903444,0.4851222104144527,0.6469500924214419,0.3473578162681074,0.0026854928701521173,0.0006595463602721244
dt10,dt10_node_73,29.67,5.29188658584135e-05,0.12791516786768167,6.0,0.06451612903225806,0.6666666666666666,0.0011005767107320976,0.0005061510374040325,93.0,3787.0,0.5902592627295985,0.3639254876305602,0.01794563034903444,0.4851222104144527,0.6270134671243729,0.35343321960478885,0.0019358389559287112,0.001756455681300422
dt10,dt10_node_74,33.67,0.000675907196770933,0.15485992367657322,2.0,0.021505376344086023,0.0,0.00177010537696705,0.00177010537696705,93.0,3787.0,0.5902592627295985,0.3639254876305602,0.01794563034903444,0.4851222104144527,0.5607340903089517,0.3612364144580822,0.0025607553532385474,0.0025
dt10,dt10_node_75,68.33,2.52218024344881e-05,0.12999833219684623,7.0,0.07526881720430108,0.7142857142857143,8.04858273701185e-06,8.04858273701185e-06,93.0,3787.0,0.5902592627295985,0.3639254876305602,0.01794563034903444,0.4851222104144527,0.6386133011430081,0.3464319461891215,0.002016555476630838,0.0006331751020024326
dt10,dt10_node_76,99.33,9.73030860926141e-05,0.1310317789670503,2.0,0.021505376344086023,0.0,1.782858344025735e-05,1.782858344025735e-05,93.0,3787.0,0.5902592627295985,0.3639254876305602,0.01794563034903444,0.4851222104144527,0.6502508581991022,0.3495784066679589,0.0010709439813917365,0.0
dt10,dt10_node_77,75.33,6.56634043407754e-05,0.12909845830538735,5.0,0.053763440860215055,0.6,0.000405037480052036,0.000405037480052036,93.0,3787.0,0.5902592627295985,0.3639254876305602,0.01794563034903444,0.4851222104144527,0.6489569580142593,0.3475930158853652,0.0028848454355504113,0.0006112322297283279
dt10,dt10_node_78,61.0,0.000594425673328065,0.12850959354100974,5.0,0.053763440860215055,0.6,4.400495955237185e-05,4.400495955237185e-05,93.0,3787.0,0.5902592627295985,0.3639254876305602,0.01794563034903444,0.4851222104144527,0.6247689463955639,0.35302497301479774,0.0018700201299753593,0.0011650575960858672
dt10,dt10_node_79,73.33,1.60971654740237e-05,0.13001442936232024,6.0,0.06451612903225806,0.3333333333333333,5.147008830124075e-06,1.2978442021495222e-08,93.0,3787.0,0.5902592627295985,0.3639254876305602,0.01794563034903444,0.4851222104144527,0.6392483056069008,0.3466868728677856,0.0020710702647636953,0.0007396719859272855
dt10,dt10_node_80,75.0,0.000810074960104072,0.12990853326549143,4.0,0.043010752688172046,0.5,0.00038109143028085404,0.00026173806391241905,93.0,3787.0,0.5902592627295985,0.3639254876305602,0.01794563034903444,0.4851222104144527,0.649854766305783,0.3468144269676522,0.0027151266949890303,0.0003831200630673491
dt10,dt10_node_81,24.0,8.80099191047437e-05,0.12859760346011448,4.0,0.043010752688172046,0.5,7.33996331193765e-05,7.33996331193765e-05,93.0,3787.0,0.5902592627295985,0.3639254876305602,0.01794563034903444,0.4851222104144527,0.6279376815421178,0.353126008644263,0.0020785038166994366,0.0013370982264892773
dt10,dt10_node_82,37.669999999999995,5.15998727214557e-06,0.1300195893495924,4.0,0.043010752688172046,0.5,5.21134045667845e-06,5.21134045667845e-06,93.0,3787.0,0.5902592627295985,0.3639254876305602,0.01794563034903444,0.4851222104144527,0.6418669131238448,0.34669206005168973,0.0023709902182308187,0.0
dt10,dt10_node_83,49.0,5.13403038810258e-06,0.13001956339270834,2.0,0.021505376344086023,0.0,0.0010950058449876855,0.00036908462147900454,93.0,3787.0,0.5902592627295985,0.3639254876305602,0.01794563034903444,0.4851222104144527,0.634011090573013,0.34667649849997734,0.0012746158062771351,0.002186588921282799
dt10,dt10_node_84,47.33,0.000119353366368435,0.13002788663185985,3.0,0.03225806451612903,0.3333333333333333,0.000102377148004827,0.000102377148004827,93.0,3787.0,0.5902592627295985,0.3639254876305602,0.01794563034903444,0.4851222104144527,0.6532875627145498,0.34593571947335305,0.002596287705739319,0.0
dt10,dt10_node_85,66.33,0.000146799266238753,0.12874440272635324,3.0,0.03225806451612903,0.3333333333333333,0.00080312745824964,0.00080312745824964,93.0,3787.0,0.5902592627295985,0.3639254876305602,0.01794563034903444,0.4851222104144527,0.6322506821582606,0.35400797494589425,0.00162750706886101,0.0014685089242269386
dt10,dt10_node_86,69.0,1.04226809133569e-05,0.13003001203050576,3.0,0.03225806451612903,0.3333333333333333,6.0658180244189e-06,6.0658180244189e-06,93.0,3787.0,0.5902592627295985,0.3639254876305602,0.01794563034903444,0.4851222104144527,0.6447495819030015,0.3461053721255551,0.002473590223926829,0.0
dt10,dt10_node_87,94.33,0.000204754296009654,0.13023264092786951,2.0,0.021505376344086023,0.0,0.0001623645217831255,0.0001623645217831255,93.0,3787.0,0.5902592627295985,0.3639254876305602,0.01794563034903444,0.4851222104144527,0.6588328492210194,0.34436483382257566,0.0016456061475958184,0.0
dt10,dt10_node_88,96.33,0.00160625491649928,0.1303506576428525,2.0,0.021505376344086023,0.0,0.0003734097937614282,0.00036626350007345576,93.0,3787.0,0.5902592627295985,0.3639254876305602,0.01794563034903444,0.4851222104144527,0.6354634275151836,0.3549357450582204,0.0011793628554486735,0.0007462686567164179
dt10,dt10_node_89,85.33,1.21316360488378e-05,0.13004214366655462,2.0,0.021505376344086023,0.0,5.3061152325162e-06,5.3061152325162e-06,93.0,3787.0,0.5902592627295985,0.3639254876305602,0.01794563034903444,0.4851222104144527,0.6493266437813573,0.34452037702891236,0.0012811496886449003,0.0
dt11,dt11_node_0,100.0,0.0475386345441915,0.0475386345441915,22.0,0.55,0.36363636363636365,0.0034734602490254698,0.0006729129998319398,40.0,1671.0,0.01484141232794734,0.4089765228245291,0.00640727914980203,0.9304973037747154,0.011317222280912344,0.4066369703964792,0.0021483534807021035,0.09375381327567349
dt11,dt11_node_1,65.67,0.00350487552770635,0.00350487552770635,5.0,0.125,0.6,0.036713117209081006,0.032376949486067494,40.0,1671.0,0.01484141232794734,0.4089765228245291,0.00640727914980203,0.9304973037747154,0.009761764686013625,0.4051022309735348,0.006460656242890021,0.5606978963357638
dt11,dt11_node_2,97.33000000000001,0.0138935132841976,0.0138935132841976,13.0,0.325,0.8461538461538461,0.032023130199435736,0.02985431559921276,40.0,1671.0,0.01484141232794734,0.4089765228245291,0.00640727914980203,0.9304973037747154,0.010527764496174229,0.41442587764545724,0.0075974715283301806,0.35299480826501933
dt11,dt11_node_3,95.0,0.00414637324885741,0.05168500779304891,15.0,0.375,0.2,0.001812064141957095,0.00045911939817430507,40.0,1671.0,0.01484141232794734,0.4089765228245291,0.00640727914980203,0.9304973037747154,0.011370436864153203,0.4061743341404359,0.0021992617584243304,0.013167300818632535
dt11,dt11_node_4,94.0,0.00280054724919353,0.05033918179338503,7.0,0.175,0.42857142857142855,0.0022583549026638752,0.00032895000808881505,40.0,1671.0,0.01484141232794734,0.4089765228245291,0.00640727914980203,0.9304973037747154,0.011203191031110504,0.40762833380228664,0.0016430772648672325,0.21875245333729007
dt11,dt11_node_5,65.33,0.00433616772301351,0.00784104325071986,4.0,0.1,0.5,0.031538460075562866,0.02284189946964833,40.0,1671.0,0.01484141232794734,0.4089765228245291,0.00640727914980203,0.9304973037747154,0.009489728461495333,0.4033918045609161,0.006127585682475055,0.48983215005315056
dt11,dt11_node_6,40.33,0.00216881460022298,0.01606232788442058,12.0,0.3,0.8333333333333334,0.028175007554171128,0.02751816882578447,40.0,1671.0,0.01484141232794734,0.4089765228245291,0.00640727914980203,0.9304973037747154,0.010679990157783113,0.41406063599678977,0.0077972742515654715,0.30473708006170563
dt11,dt11_node_7,88.67,0.0022711835401314,0.05395619133318031,9.0,0.225,0.5555555555555556,0.0023950004908753703,0.0003233827694560001,40.0,1671.0,0.01484141232794734,0.4089765228245291,0.00640727914980203,0.9304973037747154,0.011370436864153202,0.40523271455474846,0.0013418036954035654,0.008272800645682001
dt11,dt11_node_8,67.33,0.00135294474378279,0.053037952536831696,6.0,0.15,0.3333333333333333,0.00461098378993931,0.0014419409210878502,40.0,1671.0,0.01484141232794734,0.4089765228245291,0.00640727914980203,0.9304973037747154,0.011370436864153203,0.4075867635189669,0.0024629853946193927,0.009846650524616628
dt11,dt11_node_9,98.67,0.00258730491075269,0.052926486704137715,2.0,0.05,0.0,0.00030279786694350943,0.0002178712291106966,40.0,1671.0,0.01484141232794734,0.4089765228245291,0.00640727914980203,0.9304973037747154,0.011370436864153202,0.41010895883777243,0.00030266343825666175,0.0006053268765133172
dt11,dt11_node_10,100.0,0.00192940489457506,0.05226858668796009,5.0,0.125,0.6,0.000602143501654094,0.000262315844977023,40.0,1671.0,0.01484141232794734,0.4089765228245291,0.00640727914980203,0.9304973037747154,0.011136292697893426,0.40663608378809235,0.0005449602532020272,0.2668352937545578
dt11,dt11_node_11,93.33,0.00869656060591454,0.0165376038566344,3.0,0.075,0.3333333333333333,0.0367755405303482,0.010919236730697201,40.0,1671.0,0.01484141232794734,0.4089765228245291,0.00640727914980203,0.9304973037747154,0.010375538569778455,0.40464748425508007,0.0066148430883950435,0.3595531050835661
dt11,dt11_node_12,30.669999999999998,0.000656838728386656,0.016719166612807236,11.0,0.275,0.6363636363636364,0.018275282096052052,0.002636949141192951,40.0,1671.0,0.01484141232794734,0.4089765228245291,0.00640727914980203,0.9304973037747154,0.010916393579664181,0.41382372411771,0.008102530657282506,0.24918585338336657
dt11,dt11_node_13,89.33,0.00207161772141937,0.056027809054599684,7.0,0.175,0.14285714285714285,0.0033642827508858627,0.002854959744164047,40.0,1671.0,0.01484141232794734,0.4089765228245291,0.00640727914980203,0.9304973037747154,0.011370436864153203,0.4053960567277758,0.00124115358824001,0.0061109189438487265
dt11,dt11_node_14,96.33,0.00271838326033137,0.05667457459351168,2.0,0.05,0.0,0.00273770600580385,0.0006432392561895499,40.0,1671.0,0.01484141232794734,0.4089765228245291,0.00640727914980203,0.9304973037747154,0.011370436864153202,0.4046610169491526,0.0015133171912833088,0.005447941888619854
dt11,dt11_node_15,100.0,0.00605292471102716,0.05909087724785886,2.0,0.05,0.0,0.0,0.0,40.0,1671.0,0.01484141232794734,0.4089765228245291,0.00640727914980203,0.9304973037747154,0.011370436864153202,0.4043583535108959,0.0,0.0
dt11,dt11_node_16,95.0,0.00316904286885146,0.056206995405683156,4.0,0.1,0.5,0.00443086236345449,0.0009175940381358002,40.0,1671.0,0.01484141232794734,0.4089765228245291,0.00640727914980203,0.9304973037747154,0.011370436864153202,0.4092009685230024,0.0011324628894594372,0.005649717514124294
dt11,dt11_node_17,73.33,0.000339827656677071,0.05260841434463716,4.0,0.1,0.5,1.41851204683416e-05,1.41851204683416e-05,40.0,1671.0,0.01484141232794734,0.4089765228245291,0.00640727914980203,0.9304973037747154,0.011076054495121272,0.40638717015001546,0.00024786508600292066,0.2532224813666099
dt11,dt11_node_18,100.0,0.025856303799651,0.042393907656285396,2.0,0.05,0.0,0.025226403159200002,6.0546738712198914e-05,40.0,1671.0,0.01484141232794734,0.4089765228245291,0.00640727914980203,0.9304973037747154,0.01137419953629545,0.4093248775594457,1.411576984475249e-05,0.4823386114494519
dt11,dt11_node_19,100.0,0.020912231237245,0.037631397850052234,2.0,0.05,0.0,0.02824618332430085,0.0006557976562678505,40.0,1671.0,0.01484141232794734,0.4089765228245291,0.00640727914980203,0.9304973037747154,0.011071214841412328,0.4284428927373958,0.0037604970931126858,0.05333333333333334
dt11,dt11_node_20,99.67,0.0156383329548591,0.032357499567666335,9.0,0.225,0.7777777777777778,0.02147647535542213,0.01684010036474977,40.0,1671.0,0.01484141232794734,0.4089765228245291,0.00640727914980203,0.9304973037747154,0.010881988854831258,0.4105750199800021,0.004364649246041792,0.27510715200066826
dt11,dt11_node_21,59.67,0.000509323006721816,0.0565371320613215,4.0,0.1,0.5,0.002129693787611305,0.0005647694307578652,40.0,1671.0,0.01484141232794734,0.4089765228245291,0.00640727914980203,0.9304973037747154,0.011370436864153202,0.4043583535108959,0.0004280307392170429,0.0032284100080710245
dt11,dt11_node_22,100.0,0.00621924249504991,0.062247051549649594,3.0,0.075,0.3333333333333333,0.0,0.0,40.0,1671.0,0.01484141232794734,0.4089765228245291,0.00640727914980203,0.9304973037747154,0.0113704368641532,0.4067796610169492,0.0,0.0
dt11,dt11_node_23,100.0,0.00351326832531869,0.059720263731001845,3.0,0.075,0.3333333333333333,0.0006064527274786,0.000318876611632765,40.0,1671.0,0.01484141232794734,0.4089765228245291,0.00640727914980203,0.9304973037747154,0.0113704368641532,0.4085956416464891,0.0004942473250167885,0.0016142050040355127
dt11,dt11_node_24,42.0,2.83702409366832e-05,0.05263678458557384,3.0,0.075,0.3333333333333333,0.000313945750620829,0.000313945750620829,40.0,1671.0,0.01484141232794734,0.4089765228245291,0.00640727914980203,0.9304973037747154,0.011175258288904212,0.40625633986103754,0.00011597360226716093,0.2579991899554475
dt11,dt11_node_25,79.67,0.00463637499067236,0.0369938745583387,8.0,0.2,0.75,0.0232767913652488,0.0078446848247042,40.0,1671.0,0.01484141232794734,0.4089765228245291,0.00640727914980203,0.9304973037747154,0.011041757269608335,0.40985144293204784,0.004088931366770384,0.182069531366134
dt11,dt11_node_26,99.0,0.00156492435685344,0.05810205641817494,3.0,0.075,0.3333333333333333,0.0006063074365599937,0.0005862990461633562,40.0,1671.0,0.01484141232794734,0.4089765228245291,0.00640727914980203,0.9304973037747154,0.0113704368641532,0.4045601291364003,0.0002853538261446953,0.0012106537530266344
dt11,dt11_node_27,99.33,0.0,0.062247051549649594,2.0,0.05,0.0,0.0,0.0,40.0,1671.0,0.01484141232794734,0.4089765228245291,0.00640727914980203,0.9304973037747154,0.011370436864153202,0.4067796610169492,0.0,0.0
dt11,dt11_node_28,56.330000000000005,0.000287576115845835,0.06000783984684768,2.0,0.05,0.0,0.0006059607567938027,0.0005119074791333273,40.0,1671.0,0.01484141232794734,0.4089765228245291,0.00640727914980203,0.9304973037747154,0.011370436864153202,0.4085956416464891,0.0006053268765133235,0.0012106537530266344
dt11,dt11_node_29,82.0,0.000627891501241658,0.053264676086815496,2.0,0.05,0.0,0.0,0.0,40.0,1671.0,0.01484141232794734,0.4089765228245291,0.00640727914980203,0.9304973037747154,0.011370436864153202,0.40617433414043586,0.0,0.0
dt11,dt11_node_30,100.0,0.0154321065405446,0.0524259810988833,7.0,0.175,0.42857142857142855,0.003602632394265795,0.0001761640305064649,40.0,1671.0,0.01484141232794734,0.4089765228245291,0.00640727914980203,0.9304973037747154,0.01125127906130839,0.4094461031005881,0.0042182267187438815,0.1956614161489933
dt11,dt11_node_31,92.0,0.00119260648272335,0.05929466290089829,2.0,0.05,0.0,0.0003028353371472664,0.0002882069766516356,40.0,1671.0,0.01484141232794734,0.4089765228245291,0.00640727914980203,0.9304973037747154,0.011370436864153202,0.4046610169491526,0.00030266343825666175,0.0006053268765133172
dt11,dt11_node_32,79.0,0.00342646836375933,0.05585244946264263,2.0,0.05,0.0,0.019311111847064702,0.0037732102123181005,40.0,1671.0,0.01484141232794734,0.4089765228245291,0.00640727914980203,0.9304973037747154,0.011669658886894075,0.41446845955012923,0.0035593686410383407,0.03696969696969697
dt11,dt11_node_33,89.33,0.00377879642477226,0.05620477752365556,5.0,0.125,0.6,0.01103937202501212,0.004666744860539681,40.0,1671.0,0.01484141232794734,0.4089765228245291,0.00640727914980203,0.9304973037747154,0.011083927131074114,0.4074371605207717,0.0023911698497583516,0.25342375599401334
dt11,dt11_node_34,98.33,0.00637262716447244,0.062577404688128,4.0,0.1,0.5,0.00418312048348719,0.0012260735962617301,40.0,1671.0,0.01484141232794734,0.4089765228245291,0.00640727914980203,0.9304973037747154,0.010862688686433905,0.4075399394456345,0.0026635125353585156,0.306790624954953
dt11,dt11_node_35,85.67,0.00295704688722546,0.06553445157535347,3.0,0.075,0.3333333333333333,0.0037189267584921,0.0006504146217015897,40.0,1671.0,0.01484141232794734,0.4089765228245291,0.00640727914980203,0.9304973037747154,0.010693439293860808,0.40638093620999854,0.002021363739448529,0.4029676480658579
dt11,dt11_node_36,97.0,0.00306851213679051,0.06860296371214397,2.0,0.05,0.0,0.00347660877526659,0.0006095850661686501,40.0,1671.0,0.01484141232794734,0.4089765228245291,0.00640727914980203,0.9304973037747154,0.010354940508714609,0.40648423724477983,0.0024691807830483636,0.5965909090909091
dt12,dt12_node_0,80.33,0.0182608462328691,0.0182608462328691,19.0,0.9047619047619048,0.3684210526315789,0.01269261557009714,0.0073102778255355605,21.0,553.0,0.0008611039352449841,0.2667483490818195,0.01038292341544053,0.4972875226039783,0.000857606316286037,0.26636990367252017,0.00991399281019802,0.12669458971564385
dt12,dt12_node_1,33.33,0.00538233774456158,0.02364318397743068,13.0,0.6190476190476191,0.23076923076923078,0.00458832326930617,0.0012430987299407103,21.0,553.0,0.0008611039352449841,0.2667483490818195,0.01038292341544053,0.4972875226039783,0.0,0.2629016553067186,0.009343639239808979,0.1137849492279872
dt12,dt12_node_2,100.0,0.0200028933956327,0.0382637396285018,6.0,0.2857142857142857,0.3333333333333333,0.020883173295183702,0.0066399937521642,21.0,553.0,0.0008611039352449841,0.2667483490818195,0.01038292341544053,0.4972875226039783,0.0027157533349057837,0.2738844417984237,0.0062892458912148065,0.09811506323814591
dt12,dt12_node_3,42.33,0.00583142199924688,0.02947460597667756,8.0,0.38095238095238093,0.25,0.008718193568993289,0.0039233044293787095,21.0,553.0,0.0008611039352449841,0.2667483490818195,0.01038292341544053,0.4972875226039783,0.0,0.2667269439421338,0.008625128403408197,0.10669077757685351
dt12,dt12_node_4,18.0,0.00334522453936546,0.02698840851679614,5.0,0.23809523809523808,0.6,0.03502642352172087,0.03273788888625484,21.0,553.0,0.0008611039352449841,0.2667483490818195,0.01038292341544053,0.4972875226039783,0.0,0.25678119349005424,0.006862085338520901,0.09837251356238697
dt12,dt12_node_5,89.33,0.0142431795430195,0.052506919171521296,2.0,0.09523809523809523,0.0,0.0301642063487952,0.0009895995152288985,21.0,553.0,0.0008611039352449841,0.2667483490818195,0.01038292341544053,0.4972875226039783,0.0,0.27757685352622063,0.0027124773960217063,0.05786618444846293
dt12,dt12_node_6,100.0,0.0275231670473479,0.0657869066758497,4.0,0.19047619047619047,0.0,0.006065419441157195,0.0022175978396873647,21.0,553.0,0.0008611039352449841,0.2667483490818195,0.01038292341544053,0.4972875226039783,0.004073630002358676,0.27203823593452525,0.0067400093273377445,0.09060663940339686
dt12,dt12_node_7,77.66999999999999,0.012641497998372,0.04211610397504956,5.0,0.23809523809523808,0.6,0.03578966685673305,0.02240824707027305,21.0,553.0,0.0008611039352449841,0.2667483490818195,0.01038292341544053,0.4972875226039783,0.0,0.2654611211573237,0.005986598682548597,0.07649186256781194
dt12,dt12_node_8,30.330000000000002,0.00479488913961458,0.03426949511629214,3.0,0.14285714285714285,0.3333333333333333,0.03795742595190682,0.033007097902036875,21.0,553.0,0.0008611039352449841,0.2667483490818195,0.01038292341544053,0.4972875226039783,0.0,0.26883664858348405,0.011468533809789303,0.12236286919831223
dt12,dt12_node_9,23.330000000000002,0.00228853463546603,0.029276943152262168,4.0,0.19047619047619047,0.0,0.02847565777447477,0.019102438484249327,21.0,553.0,0.0008611039352449841,0.2667483490818195,0.01038292341544053,0.4972875226039783,0.0,0.2563291139240506,0.007605155443607927,0.08740204942736589
dt12,dt12_node_10,87.33,0.00828301728084456,0.07406992395669426,2.0,0.09523809523809523,0.0,0.0045637259880246545,0.0012866799989656248,21.0,553.0,0.0008611039352449841,0.2667483490818195,0.01038292341544053,0.4972875226039783,0.0009041591320072332,0.2742108263228241,0.002963086720654151,0.009057971014492754
dt12,dt12_node_11,42.67,0.00384782160146983,0.06963472827731954,2.0,0.09523809523809523,0.0,0.009313472795708329,0.00154994337217577,21.0,553.0,0.0008611039352449841,0.2667483490818195,0.01038292341544053,0.4972875226039783,0.007243100872710118,0.2698656455462263,0.008522632842052097,0.1577981651376147
dt12,dt12_node_12,98.67,0.01338141978646,0.05549752376150956,4.0,0.19047619047619047,0.5,0.025669199808932043,0.015773668391548354,21.0,553.0,0.0008611039352449841,0.2667483490818195,0.01038292341544053,0.4972875226039783,0.0,0.26311030741410485,0.00414337766270872,0.06088004822182038
dt12,dt12_node_13,40.0,0.00495032804986994,0.03921982316616208,2.0,0.09523809523809523,0.0,0.0645650456729606,0.008760467400726505,21.0,553.0,0.0008611039352449841,0.2667483490818195,0.01038292341544053,0.4972875226039783,0.0,0.2631103074141049,0.009945750452079571,0.11573236889692586
dt12,dt12_node_14,64.67,0.00937321929022544,0.038650162442487604,2.0,0.09523809523809523,0.0,0.05746647967631445,0.005349663582633047,21.0,553.0,0.0008611039352449841,0.2667483490818195,0.01038292341544053,0.4972875226039783,0.0,0.2613019891500904,0.008137432188065091,0.10488245931283906
dt12,dt12_node_15,100.0,0.0475780962587241,0.07685503941098626,2.0,0.09523809523809523,0.0,0.0,0.0,21.0,553.0,0.0008611039352449841,0.2667483490818195,0.01038292341544053,0.4972875226039783,0.0,0.2513562386980108,0.0,0.0
dt12,dt12_node_16,92.0,0.00989553141738369,0.06539305517889324,3.0,0.14285714285714285,0.3333333333333333,0.01590748332097036,0.00995533014287014,21.0,553.0,0.0008611039352449841,0.2667483490818195,0.01038292341544053,0.4972875226039783,0.0,0.26100060277275466,0.002255369130062655,0.04822182037371911
dt12,dt12_node_17,75.67,0.00595215317810022,0.07134520835699346,2.0,0.09523809523809523,0.0,0.02140061215769795,0.00303722408291175,21.0,553.0,0.0008611039352449841,0.2667483490818195,0.01038292341544053,0.4972875226039783,0.0,0.26220614828209765,0.0018083182640144524,0.04159132007233273
dt13,dt13_node_0,86.33,0.00691121705290827,0.00691121705290827,102.0,0.9622641509433962,0.11764705882352941,0.00735269884482318,0.0013332870414461198,106.0,4479.0,0.15744333093219087,0.295577795058418,0.004884781068390717,0.7358785443179281,0.1630764707224908,0.2955953205138339,0.004668232855729601,0.08553789794572429
dt13,dt13_node_1,100.0,0.0421584333932934,0.0421584333932934,2.0,0.018867924528301886,0.0,0.008787911769844885,0.0012661311265549152,106.0,4479.0,0.15744333093219087,0.295577795058418,0.004884781068390717,0.7358785443179281,0.014735432016075016,0.3036471117446611,0.0002302552526337598,0.017312072892938495
dt13,dt13_node_2,100.0,0.0245026881023737,0.0245026881023737,2.0,0.018867924528301886,0.0,0.04156423775608685,0.00892639933735695,106.0,4479.0,0.15744333093219087,0.295577795058418,0.004884781068390717,0.7358785443179281,0.012279526680062514,0.2866146801459656,0.002775839041393363,0.07514712539610684
dt13,dt13_node_3,90.0,0.00601941180337706,0.01293062885628533,57.0,0.5377358490566038,0.8596491228070176,0.00947757435973125,0.008192024713522551,106.0,4479.0,0.15744333093219087,0.295577795058418,0.004884781068390717,0.7358785443179281,0.1738306974384747,0.2940056984455906,0.005406255224864976,0.08439354801227454
dt13,dt13_node_4,99.33,0.0086859858862693,0.01559720293917757,45.0,0.42452830188679247,0.9555555555555556,0.018749821529278836,0.010067597280048865,106.0,4479.0,0.15744333093219087,0.295577795058418,0.004884781068390717,0.7358785443179281,0.1494544502155779,0.2976088418002754,0.002262625740565778,0.044978720615671465
dt13,dt13_node_5,39.67,0.0012855496462087,0.01421617850249403,53.0,0.5,0.6226415094339622,0.008249908252986821,0.00411057357263008,106.0,4479.0,0.15744333093219087,0.295577795058418,0.004884781068390717,0.7358785443179281,0.17284644293131016,0.29460409734967974,0.005030088052674451,0.08608387026336548
dt13,dt13_node_6,100.0,0.0176695990732538,0.03060022792953913,4.0,0.03773584905660377,0.5,0.001475106639553885,0.001475106639553885,106.0,4479.0,0.15744333093219087,0.295577795058418,0.004884781068390717,0.7358785443179281,0.1868720696584059,0.2860769129664097,0.0036924732738466515,0.0013672479459331457
dt13,dt13_node_7,100.0,0.00868222424922997,0.02427942718840754,44.0,0.41509433962264153,0.18181818181818182,0.0179601229397832,0.0037872579573327994,106.0,4479.0,0.15744333093219087,0.295577795058418,0.004884781068390717,0.7358785443179281,0.14907087475492098,0.297713965572505,0.002176816853794446,0.044037347298879106
dt13,dt13_node_8,69.67,0.00413933468035674,0.01835551318285077,43.0,0.4056603773584906,0.3023255813953488,0.02128208596071645,0.00503865449265915,106.0,4479.0,0.15744333093219087,0.295577795058418,0.004884781068390717,0.7358785443179281,0.1897173891597481,0.29499800622864164,0.0053958032100570735,0.04449285058635595
dt13,dt13_node_9,100.0,0.0123604818256169,0.02657666032811093,10.0,0.09433962264150944,0.6,0.0107197324470747,0.0004335874938260001,106.0,4479.0,0.15744333093219087,0.295577795058418,0.004884781068390717,0.7358785443179281,0.10030137414902682,0.29291028917014356,0.002317346713851889,0.21016540475418446
dt13,dt13_node_10,81.33,0.00295021327910777,0.0335504412086469,3.0,0.02830188679245283,0.3333333333333333,0.00171411266913272,0.00171411266913272,106.0,4479.0,0.15744333093219087,0.295577795058418,0.004884781068390717,0.7358785443179281,0.15755004837389297,0.2872240612951144,0.0035937929849342,0.0005711877214733095
dt13,dt13_node_11,100.0,0.021747380897116,0.046026808085523535,18.0,0.16981132075471697,0.8888888888888888,0.002743660282918865,0.0011305904467457451,106.0,4479.0,0.15744333093219087,0.295577795058418,0.004884781068390717,0.7358785443179281,0.13204832427873284,0.29626548872490255,0.00221867560012155,0.003559960681177567
dt13,dt13_node_12,100.0,0.0141728649824504,0.03845229217085794,26.0,0.24528301886792453,0.6923076923076923,0.002990470168988855,0.0013930261297771351,106.0,4479.0,0.15744333093219087,0.295577795058418,0.004884781068390717,0.7358785443179281,0.16085571739228197,0.2987167572362298,0.0014673249230852676,0.03878641472267602
dt13,dt13_node_13,100.0,0.0162434314680573,0.03459894465090807,28.0,0.2641509433962264,0.5,0.00720617515934904,0.00550700142802806,106.0,4479.0,0.15744333093219087,0.295577795058418,0.004884781068390717,0.7358785443179281,0.217395464548847,0.2925815153356505,0.0036098895608186986,0.01688193513718682
dt13,dt13_node_14,100.0,0.0263207404533756,0.04467625363622637,15.0,0.14150943396226415,0.3333333333333333,0.022755071306726347,0.00288018029156485,106.0,4479.0,0.15744333093219087,0.295577795058418,0.004884781068390717,0.7358785443179281,0.13805164843343007,0.2995087892288917,0.005281059580672742,0.023454092710247954
dt13,dt13_node_15,100.0,0.0102861449532487,0.03686280528135963,2.0,0.018867924528301886,0.0,0.00119687736128849,0.00010522099396508,106.0,4479.0,0.15744333093219087,0.295577795058418,0.004884781068390717,0.7358785443179281,0.06519312346505916,0.2923334296200871,6.981930490088106e-05,0.0023889154323936935
dt13,dt13_node_16,100.0,0.0111533199409007,0.03772998026901163,8.0,0.07547169811320754,0.5,0.0008095642023197555,0.0006298894594167145,106.0,4479.0,0.15744333093219087,0.295577795058418,0.004884781068390717,0.7358785443179281,0.10907843682001875,0.2930545040576577,0.002570488550356224,0.24726520771736685
dt13,dt13_node_17,100.0,0.00342822533826544,0.03697866654691234,2.0,0.018867924528301886,0.0,0.000976205543153125,0.000976205543153125,106.0,4479.0,0.15744333093219087,0.295577795058418,0.004884781068390717,0.7358785443179281,0.1058271935699933,0.28944636384599487,0.002134744983573883,0.001027221366204417
dt13,dt13_node_18,61.0,0.00161306983617312,0.047639877921696654,17.0,0.16037735849056603,0.8823529411764706,0.001151199532999712,0.0010498748307596981,106.0,4479.0,0.15744333093219087,0.295577795058418,0.004884781068390717,0.7358785443179281,0.11655700458348106,0.2962717217483415,0.002282845196582296,0.0030551562819081915
dt13,dt13_node_19,98.0,0.00438349629876599,0.04283578846962393,4.0,0.03773584905660377,0.5,0.00188811560379611,0.00146213156933082,106.0,4479.0,0.15744333093219087,0.295577795058418,0.004884781068390717,0.7358785443179281,0.1610850636302746,0.29779431981458665,0.0009471250751481781,0.004314526570700136
dt13,dt13_node_20,67.67,0.00159744403921172,0.04004973621006966,22.0,0.20754716981132076,0.7272727272727273,0.003406254873639115,0.001484852576771975,106.0,4479.0,0.15744333093219087,0.295577795058418,0.004884781068390717,0.7358785443179281,0.16081401807628332,0.298884473131074,0.0014827573621138735,0.04185916045498999
dt13,dt13_node_21,64.0,0.00169917373132098,0.03629811838222905,21.0,0.19811320754716982,0.14285714285714285,0.010384818748121399,7.532594036540035e-05,106.0,4479.0,0.15744333093219087,0.295577795058418,0.004884781068390717,0.7358785443179281,0.22172253585515472,0.29276463844770945,0.003875471386114283,0.012165130468332229
dt13,dt13_node_22,100.0,0.0127131765873771,0.04731212123828517,7.0,0.0660377358490566,0.7142857142857143,0.000305079679883253,0.000305079679883253,106.0,4479.0,0.15744333093219087,0.295577795058418,0.004884781068390717,0.7358785443179281,0.20441425062992374,0.2920321459994734,0.0025816595982850743,0.0011337837207002139
dt13,dt13_node_23,100.0,0.0256352515982912,0.07031150523451757,5.0,0.04716981132075472,0.2,0.0029450879257352652,0.0007741509959701949,106.0,4479.0,0.15744333093219087,0.295577795058418,0.004884781068390717,0.7358785443179281,0.08408126814020986,0.30644487032616957,0.002730775837866228,0.004109240740738461
dt13,dt13_node_24,100.0,0.0198748910151615,0.06455114465138787,10.0,0.09433962264150944,0.8,0.0002096923699774595,0.0002096923699774595,106.0,4479.0,0.15744333093219087,0.295577795058418,0.004884781068390717,0.7358785443179281,0.1650368385800402,0.29604074868025276,0.0014226388728608122,0.001367659695918252
dt13,dt13_node_25,18.0,0.000179674742903041,0.03790965501191467,2.0,0.018867924528301886,0.0,0.001682866123581355,0.001682866123581355,106.0,4479.0,0.15744333093219087,0.295577795058418,0.004884781068390717,0.7358785443179281,0.276674165488633,0.2909121191932651,0.003103991278541579,0.6147727272727272
dt13,dt13_node_26,65.0,0.00143945366173647,0.0391694339307481,6.0,0.05660377358490566,0.0,0.0010337077178763248,2.3896638900205015e-05,106.0,4479.0,0.15744333093219087,0.295577795058418,0.004884781068390717,0.7358785443179281,0.053213193930480664,0.2937686323457886,0.0018863662731897228,0.1802576936351428
dt13,dt13_node_27,8.33,0.000101324702240014,0.04774120262393667,16.0,0.1509433962264151,0.875,0.000142164319549475,0.000142164319549475,106.0,4479.0,0.15744333093219087,0.295577795058418,0.004884781068390717,0.7358785443179281,0.12349296718017413,0.29635022209447853,0.0023307368801924818,0.002988235035024155
dt13,dt13_node_28,54.33,0.00042598403446529,0.04326177250408922,3.0,0.02830188679245283,0.3333333333333333,0.001651753414767373,0.001040582946799287,106.0,4479.0,0.15744333093219087,0.295577795058418,0.004884781068390717,0.7358785443179281,0.16484334300811193,0.29726917711972894,0.0003048963935226072,0.003260776945754769
dt13,dt13_node_29,78.67,0.00192140229686714,0.041971138506936796,3.0,0.02830188679245283,0.3333333333333333,0.006007286226373049,0.00143162459821957,106.0,4479.0,0.15744333093219087,0.295577795058418,0.004884781068390717,0.7358785443179281,0.09176155391828533,0.300084493778133,0.00019898169603668723,0.008215765277760871
dt13,dt13_node_30,99.0,0.00489110745041109,0.04494084366048075,19.0,0.1792452830188679,0.7894736842105263,0.0013319902703871143,0.0012394414217192257,106.0,4479.0,0.15744333093219087,0.295577795058418,0.004884781068390717,0.7358785443179281,0.1717170387328093,0.29869499618680156,0.001508702268174132,0.044596756295269616
dt13,dt13_node_31,100.0,0.0104601446884868,0.04675826307071585,12.0,0.11320754716981132,0.8333333333333334,0.00026934822068609547,7.28205983829865e-05,106.0,4479.0,0.15744333093219087,0.295577795058418,0.004884781068390717,0.7358785443179281,0.2145940314058197,0.29554656460520745,0.0027909755006846533,0.001127309215764469
dt13,dt13_node_32,100.0,0.010309492807756,0.04660761118998505,9.0,0.08490566037735849,0.7777777777777778,0.000916278434126123,0.00032818752737677704,106.0,4479.0,0.15744333093219087,0.295577795058418,0.004884781068390717,0.7358785443179281,0.23122720845426803,0.2890554035710456,0.0007626815798182044,0.0008036055306474264
dt13,dt13_node_33,63.33,0.000610159359766506,0.047922280598051675,6.0,0.05660377358490566,0.6666666666666666,2.37333674339918e-05,2.37333674339918e-05,106.0,4479.0,0.15744333093219087,0.295577795058418,0.004884781068390717,0.7358785443179281,0.1810672025005582,0.29290671347531666,0.0015561863983365202,0.0012628917458136276
dt13,dt13_node_34,88.67,0.00217093692976507,0.07248244216428264,3.0,0.02830188679245283,0.3333333333333333,0.000413667534902915,0.000413667534902915,106.0,4479.0,0.15744333093219087,0.295577795058418,0.004884781068390717,0.7358785443179281,0.04398303192676937,0.3045107839452861,0.0010443445200647827,0.000637357950217835
dt13,dt13_node_35,100.0,0.00371923892170546,0.07403074415622303,2.0,0.018867924528301886,0.0,0.0003008653012409375,0.00013515730078492248,106.0,4479.0,0.15744333093219087,0.295577795058418,0.004884781068390717,0.7358785443179281,0.1442286224603706,0.30934599989749473,0.001726056341521065,0.0006013229104028864
dt13,dt13_node_36,22.67,0.000419384739954919,0.06497052939134279,9.0,0.08490566037735849,0.7777777777777778,0.00027962652223211904,6.8898563491725e-05,106.0,4479.0,0.15744333093219087,0.295577795058418,0.004884781068390717,0.7358785443179281,0.1634045297809531,0.29627221637066736,0.0013088186943541955,0.0015161895848997734
dt13,dt13_node_37,70.0,0.00105760435677653,0.04022703828752463,3.0,0.02830188679245283,0.3333333333333333,0.000207113662516581,0.000207113662516581,106.0,4479.0,0.15744333093219087,0.295577795058418,0.004884781068390717,0.7358785443179281,0.037433951030736025,0.2950641735181668,0.0015822843304051713,0.0003213854478156479
dt13,dt13_node_38,62.0,0.00100981107897612,0.04017924500972422,3.0,0.02830188679245283,0.3333333333333333,0.000295604780279913,0.000295604780279913,106.0,4479.0,0.15744333093219087,0.295577795058418,0.004884781068390717,0.7358785443179281,0.0689924368302253,0.29247309117341036,0.0011208380223544706,0.357335853875574
dt13,dt13_node_39,6.67,0.00028432863909895,0.04802553126303562,15.0,0.14150943396226415,0.8666666666666667,0.0008268839103204145,0.0004754539549507655,106.0,4479.0,0.15744333093219087,0.295577795058418,0.004884781068390717,0.7358785443179281,0.10747934806876534,0.2964577807604263,0.0023684146946304644,0.0031417044636661215
dt13,dt13_node_40,87.33,0.000611170467968086,0.04387294297205731,2.0,0.018867924528301886,0.0,0.0008068428001079451,7.868904497589096e-05,106.0,4479.0,0.15744333093219087,0.295577795058418,0.004884781068390717,0.7358785443179281,0.1582942621120786,0.29734320076921866,0.00035071956621113287,0.001611170784103115
dt13,dt13_node_41,100.0,0.00743891082459262,0.04941004933152941,2.0,0.018867924528301886,0.0,0.0002578297893238295,0.0002578297893238295,106.0,4479.0,0.15744333093219087,0.295577795058418,0.004884781068390717,0.7358785443179281,0.025675373967403436,0.29995412846927083,9.168005111401256e-05,0.0004585052728106373
dt13,dt13_node_42,91.33,0.00257143169210634,0.04751227535258709,2.0,0.018867924528301886,0.0,0.0012966261442169049,0.000247338981426255,106.0,4479.0,0.15744333093219087,0.295577795058418,0.004884781068390717,0.7358785443179281,0.22884572449207413,0.29776640250504516,0.0014461959201516883,0.0025823111684958036
dt13,dt13_node_43,28.999999999999996,9.25488486678884e-05,0.04503339250914864,17.0,0.16037735849056603,0.8823529411764706,0.0007011434756620965,0.0005047395328385435,106.0,4479.0,0.15744333093219087,0.295577795058418,0.004884781068390717,0.7358785443179281,0.16499601687877816,0.2988042425023023,0.001478016149292908,0.048751780248893185
dt13,dt13_node_44,28.999999999999996,0.000196527622303109,0.04695479069301896,11.0,0.10377358490566038,0.8181818181818182,0.000122445378126726,0.000122445378126726,106.0,4479.0,0.15744333093219087,0.295577795058418,0.004884781068390717,0.7358785443179281,0.21942803791430715,0.2958387733538075,0.002733688570095106,0.0010992782662922246
dt13,dt13_node_45,74.67,0.000588090906749346,0.0471957020967344,8.0,0.07547169811320754,0.75,5.4843161398715e-05,5.4843161398715e-05,106.0,4479.0,0.15744333093219087,0.295577795058418,0.004884781068390717,0.7358785443179281,0.22689216342933688,0.28899511490550417,0.0007884675532216502,0.00044299264875967355
dt13,dt13_node_46,18.67,4.74667348679836e-05,0.04796974733291966,5.0,0.04716981132075472,0.6,0.0002106351568438575,0.0002106351568438575,106.0,4479.0,0.15744333093219087,0.295577795058418,0.004884781068390717,0.7358785443179281,0.17820942174592544,0.2932194657153301,0.0015228839567874924,0.0013244006690250677
dt13,dt13_node_47,90.33,0.00082733506980583,0.07330977723408846,2.0,0.018867924528301886,0.0,0.000476679351194462,0.000356804834639297,106.0,4479.0,0.15744333093219087,0.295577795058418,0.004884781068390717,0.7358785443179281,0.05648582272828756,0.3038303543430543,0.0004970210097209049,0.0009523809523809524
dt13,dt13_node_48,20.669999999999998,0.000348525085723844,0.06531905447706664,8.0,0.07547169811320754,0.75,0.0006384906237679135,0.00011428659308593649,106.0,4479.0,0.15744333093219087,0.295577795058418,0.004884781068390717,0.7358785443179281,0.1571779415048002,0.29655822979611535,0.001091283215163972,0.0014084098111317672
dt13,dt13_node_49,73.0,0.000414227325033162,0.04064126561255779,2.0,0.018867924528301886,0.0,0.0004093138861738495,0.0004093138861738495,106.0,4479.0,0.15744333093219087,0.295577795058418,0.004884781068390717,0.7358785443179281,0.04375976780531369,0.2951603628413527,0.0019307196574551433,0.0004861448711716091
dt13,dt13_node_50,59.330000000000005,0.000591209560559826,0.04077045457028404,2.0,0.018867924528301886,0.0,0.00025331232801604597,2.7284650980129995e-05,106.0,4479.0,0.15744333093219087,0.295577795058418,0.004884781068390717,0.7358785443179281,0.09064523331100692,0.2931342126427382,0.0007570812485556688,0.0005063291139240507
dt13,dt13_node_51,2.67,0.000351429955369649,0.04837696121840527,14.0,0.1320754716981132,0.8571428571428571,0.0007617009504555291,0.000134089277105314,106.0,4479.0,0.15744333093219087,0.295577795058418,0.004884781068390717,0.7358785443179281,0.10276528561860108,0.2966022336502753,0.002386851312550181,0.0030980097440752178
dt13,dt13_node_52,17.0,0.000196403942823553,0.04522979645197219,16.0,0.1509433962264151,0.875,0.0002610082934955625,0.00014909385261853252,106.0,4479.0,0.15744333093219087,0.295577795058418,0.004884781068390717,0.7358785443179281,0.16485671624805764,0.2989138240125836,0.0014549663726164952,0.051520908444434216
dt13,dt13_node_53,36.67,0.000244890756253452,0.04719968144927241,10.0,0.09433962264150944,0.8,0.000243312072271823,1.0741469754508009e-05,106.0,4479.0,0.15744333093219087,0.295577795058418,0.004884781068390717,0.7358785443179281,0.2262558606831882,0.2959644707838752,0.0028366459481072833,0.0011402471437716066
dt13,dt13_node_54,45.33,0.00010968632279743,0.04730538841953183,7.0,0.0660377358490566,0.7142857142857143,8.96930012775035e-05,8.96930012775035e-05,106.0,4479.0,0.15744333093219087,0.295577795058418,0.004884781068390717,0.7358785443179281,0.22367875482409974,0.2892331354847642,0.0005072103079444163,0.000504787106548314
dt13,dt13_node_55,46.67,0.000421270313687715,0.04839101764660737,4.0,0.03773584905660377,0.5,0.000576598252038648,0.000327072207270162,106.0,4479.0,0.15744333093219087,0.295577795058418,0.004884781068390717,0.7358785443179281,0.1735878544317928,0.29356713370058285,0.0015147951321721322,0.0012553556588235217
dt13,dt13_node_56,14.67,0.000524204030681977,0.06584325850774861,7.0,0.0660377358490566,0.7142857142857143,0.001050960911568753,0.00044798797928071707,106.0,4479.0,0.15744333093219087,0.295577795058418,0.004884781068390717,0.7358785443179281,0.13303352151309283,0.29660616776471693,0.0011587247738604055,0.0012490777734378857
dt13,dt13_node_57,6.329999999999999,0.000627611673350215,0.049004572891755485,13.0,0.12264150943396226,0.8461538461538461,0.000920443723459335,0.000741865891554235,106.0,4479.0,0.15744333093219087,0.295577795058418,0.004884781068390717,0.7358785443179281,0.09677640956944372,0.29682294623666206,0.0023352297251748658,0.0031045074645652433
dt13,dt13_node_58,30.330000000000002,0.00011191444087703,0.04534171089284922,15.0,0.14150943396226415,0.2,0.0008193977434445198,0.00074433666489982,106.0,4479.0,0.15744333093219087,0.295577795058418,0.004884781068390717,0.7358785443179281,0.16571097288384024,0.29907662379492156,0.0013542508319138254,0.05477839771793889
dt13,dt13_node_59,25.669999999999998,0.000232570602517315,0.047432252051789726,9.0,0.08490566037735849,0.7777777777777778,0.00026907722257233296,0.0002544572817151781,106.0,4479.0,0.15744333093219087,0.295577795058418,0.004884781068390717,0.7358785443179281,0.23117759420505568,0.2963409209583088,0.0027428953944558542,0.0011296871983216843
dt13,dt13_node_60,30.330000000000002,0.000179386002555007,0.04748477442208684,6.0,0.05660377358490566,0.6666666666666666,8.1043171558361e-05,8.1043171558361e-05,106.0,4479.0,0.15744333093219087,0.295577795058418,0.004884781068390717,0.7358785443179281,0.22430602068914193,0.2891654277659971,0.0005177344875848174,0.0005897171201937686
dt13,dt13_node_61,68.33,0.00090367045930881,0.04929468810591618,3.0,0.02830188679245283,0.3333333333333333,0.0002915334569200415,1.605503131703949e-05,106.0,4479.0,0.15744333093219087,0.295577795058418,0.004884781068390717,0.7358785443179281,0.15993153233608692,0.294019017001573,0.0014975574510119524,0.0007767276560760355
dt13,dt13_node_62,21.33,0.000602972932288036,0.06644623144003664,6.0,0.05660377358490566,0.6666666666666666,0.0004599163530738035,0.0004599163530738035,106.0,4479.0,0.15744333093219087,0.295577795058418,0.004884781068390717,0.7358785443179281,0.12606980724864178,0.29643735445566183,0.0011691584232337935,0.0006985872143232822
dt13,dt13_node_63,3.0,0.0001785778319051,0.049183150723660585,12.0,0.11320754716981132,0.6666666666666666,0.0002566310704740295,6.52894093524075e-05,106.0,4479.0,0.15744333093219087,0.295577795058418,0.004884781068390717,0.7358785443179281,0.1024038103743395,0.2966041899164575,0.0022990504777558054,0.0030501289797324736
dt13,dt13_node_64,27.67,7.50610785446998e-05,0.04541677197139392,6.0,0.05660377358490566,0.3333333333333333,0.002247281830365035,0.00048788905753777514,106.0,4479.0,0.15744333093219087,0.295577795058418,0.004884781068390717,0.7358785443179281,0.18039741013619112,0.29893071205525656,0.001597169208873312,0.0030723105152353557
dt13,dt13_node_65,91.67,0.00156373440834434,0.04690544530119356,9.0,0.08490566037735849,0.3333333333333333,0.00020276067356732802,7.3467034151686e-05,106.0,4479.0,0.15744333093219087,0.295577795058418,0.004884781068390717,0.7358785443179281,0.15592001471560626,0.2991738982880315,0.0011542833509118559,0.0873458241814607
dt13,dt13_node_66,13.669999999999998,0.000523534504287511,0.04795578655607724,8.0,0.07547169811320754,0.75,0.0001380430001656725,0.0001380430001656725,106.0,4479.0,0.15744333093219087,0.295577795058418,0.004884781068390717,0.7358785443179281,0.2309667336459031,0.296421952841776,0.0028991057315659817,0.0012068940369331903
dt13,dt13_node_67,18.67,0.000162086343116722,0.04764686076520356,5.0,0.04716981132075472,0.6,8.77839595436825e-05,8.77839595436825e-05,106.0,4479.0,0.15744333093219087,0.295577795058418,0.004884781068390717,0.7358785443179281,0.22455905336012502,0.28918242136517347,0.000565620106682782,0.0007086560786190115
dt13,dt13_node_68,55.00000000000001,0.000307588488237081,0.04960227659415326,2.0,0.018867924528301886,0.0,0.00042440728795747,0.00042440728795747,106.0,4479.0,0.15744333093219087,0.295577795058418,0.004884781068390717,0.7358785443179281,0.12993971868720697,0.29506401491277734,0.0002965730523122323,0.0005827505827505828
dt13,dt13_node_69,43.0,0.000919832706147607,0.06736606414618425,5.0,0.04716981132075472,0.6,0.0007773629020892315,0.0005830768521436586,106.0,4479.0,0.15744333093219087,0.295577795058418,0.004884781068390717,0.7358785443179281,0.08050904219691896,0.29684438305239197,0.0008039179255406203,0.000765082442799946
dt13,dt13_node_70,1.67,0.000321920479826437,0.049505071203487024,10.0,0.09433962264150944,0.4,0.0001798997375648005,8.873854652710495e-06,106.0,4479.0,0.15744333093219087,0.295577795058418,0.004884781068390717,0.7358785443179281,0.10176378655949989,0.29690030625642966,0.0022096264060678466,0.00313045458521934
dt13,dt13_node_71,12.67,0.000191341661121622,0.049374492384782205,2.0,0.018867924528301886,0.0,0.0008272092110737134,0.0003194727091854665,106.0,4479.0,0.15744333093219087,0.295577795058418,0.004884781068390717,0.7358785443179281,0.10560392944853762,0.29512360821659667,0.002161251424452587,0.0016519823788546256
dt13,dt13_node_72,98.33,0.00273517088790281,0.04815194285929673,4.0,0.03773584905660377,0.5,0.0003008187802584935,0.0001312891497907985,106.0,4479.0,0.15744333093219087,0.295577795058418,0.004884781068390717,0.7358785443179281,0.17649028801071667,0.29947942968397034,0.001641915895589332,0.0003061224489795918
dt13,dt13_node_73,97.0,0.00175939277282726,0.04717616474422118,2.0,0.018867924528301886,0.0,0.000597731294002426,9.605989073411202e-05,106.0,4479.0,0.15744333093219087,0.295577795058418,0.004884781068390717,0.7358785443179281,0.18821165438714,0.297833276797829,0.0006741858887381047,0.0011933174224343676
dt13,dt13_node_74,30.669999999999998,0.000276227707719014,0.04718167300891257,3.0,0.02830188679245283,0.3333333333333333,0.000204896383909447,0.000204896383909447,106.0,4479.0,0.15744333093219087,0.295577795058418,0.004884781068390717,0.7358785443179281,0.21500334896182183,0.29841210114250294,0.00045510517447245447,0.00043545713257308943
dt13,dt13_node_75,21.0,0.000129293639415642,0.0470347389406092,6.0,0.05660377358490566,0.3333333333333333,0.0001294320939143333,3.6016333230449706e-05,106.0,4479.0,0.15744333093219087,0.295577795058418,0.004884781068390717,0.7358785443179281,0.1263783475924985,0.29955479686079584,0.0012081984742462722,0.13020672580763976
dt13,dt13_node_76,16.0,0.000276086000331345,0.04823187255640859,7.0,0.0660377358490566,0.7142857142857143,9.52345191078375e-05,9.52345191078375e-05,106.0,4479.0,0.15744333093219087,0.295577795058418,0.004884781068390717,0.7358785443179281,0.23866934583612412,0.2967556989922599,0.002952017923301924,0.0013683714730909782
dt13,dt13_node_77,19.0,0.000175567919087365,0.04782242868429092,4.0,0.03773584905660377,0.5,9.37239835253415e-05,9.37239835253415e-05,106.0,4479.0,0.15744333093219087,0.295577795058418,0.004884781068390717,0.7358785443179281,0.22337575351640993,0.28934592937158854,0.0005159779942455747,0.0008862932619279626
dt13,dt13_node_78,26.0,0.000194286049945573,0.06756035019612983,4.0,0.03773584905660377,0.5,0.000181184919491271,0.000181184919491271,106.0,4479.0,0.15744333093219087,0.295577795058418,0.004884781068390717,0.7358785443179281,0.05369502121009154,0.29670143813379674,0.0008400528495254998,0.00016119010049594796
dt13,dt13_node_79,1.67,0.00017102588291209,0.04967609708639911,7.0,0.0660377358490566,0.7142857142857143,0.000618822169179464,0.000323157437545423,106.0,4479.0,0.15744333093219087,0.295577795058418,0.004884781068390717,0.7358785443179281,0.1248684336427136,0.2965795586348331,0.002559048015426149,0.002586430784899972
dt13,dt13_node_80,3.3300000000000005,0.000188773592217511,0.04969384479570454,3.0,0.02830188679245283,0.3333333333333333,0.0006991534176233345,0.00021468279389302248,106.0,4479.0,0.15744333093219087,0.295577795058418,0.004884781068390717,0.7358785443179281,0.04785294336533452,0.297648717373488,0.00044079113322871506,0.003561107385892418
dt13,dt13_node_81,65.33,0.000169529630467695,0.04832147248976442,3.0,0.02830188679245283,0.3333333333333333,3.14972415070326e-05,3.14972415070326e-05,106.0,4479.0,0.15744333093219087,0.295577795058418,0.004884781068390717,0.7358785443179281,0.1645456575128377,0.29915473466555076,0.0017812382371932432,0.0
dt13,dt13_node_82,32.67,0.000409792767818894,0.04759146577673146,2.0,0.018867924528301886,0.0,0.0003475785291207495,0.0003475785291207495,106.0,4479.0,0.15744333093219087,0.295577795058418,0.004884781068390717,0.7358785443179281,0.23554364813574458,0.2984289625245652,0.0005566220990333159,0.0006565988181221273
dt13,dt13_node_83,36.67,0.000165448427144783,0.047200187367753985,2.0,0.018867924528301886,0.0,0.000124770752811023,0.000124770752811023,106.0,4479.0,0.15744333093219087,0.295577795058418,0.004884781068390717,0.7358785443179281,0.19647242688100022,0.29920221411124426,0.0009566000761565274,0.0
dt13,dt13_node_84,85.67,9.34157606838836e-05,0.047128154701293085,4.0,0.03773584905660377,0.5,9.71565602020065e-06,9.71565602020065e-06,106.0,4479.0,0.15744333093219087,0.295577795058418,0.004884781068390717,0.7358785443179281,0.0913313079482476,0.29973108823557165,0.0012801708989209877,0.19451039394497807
dt13,dt13_node_85,6.67,0.000190469038215675,0.04842234159462426,6.0,0.05660377358490566,0.6666666666666666,9.8465968392479e-05,9.8465968392479e-05,106.0,4479.0,0.15744333093219087,0.295577795058418,0.004884781068390717,0.7358785443179281,0.23971124506958397,0.29744631820572653,0.002613068535269128,0.0015322774100704852
dt13,dt13_node_86,10.33,0.000187447967050683,0.048009876651341606,3.0,0.02830188679245283,0.3333333333333333,0.0003107547947325408,0.00022505251859585829,106.0,4479.0,0.15744333093219087,0.295577795058418,0.004884781068390717,0.7358785443179281,0.2260177122869688,0.28922845600901614,0.0005475196408087608,0.0011900080250347616
dt13,dt13_node_87,13.669999999999998,0.000362369838982542,0.06792272003511236,3.0,0.02830188679245283,0.3333333333333333,0.000234581820773514,0.000234581820773514,106.0,4479.0,0.15744333093219087,0.295577795058418,0.004884781068390717,0.7358785443179281,0.06422564560541788,0.2971239875269497,0.00047615798643466496,0.00016041065126724414
dt13,dt13_node_88,5.0,0.000295664731634041,0.04997176181803315,6.0,0.05660377358490566,0.3333333333333333,0.00043317858313034446,0.00020925835157351749,106.0,4479.0,0.15744333093219087,0.295577795058418,0.004884781068390717,0.7358785443179281,0.13715859194760735,0.29636242625044257,0.0027037299969378177,0.0025130772880660067
dt13,dt13_node_89,42.67,0.000484470623730312,0.05017831541943485,2.0,0.018867924528301886,0.0,0.0019807157819265,0.0004221620579087399,106.0,4479.0,0.15744333093219087,0.295577795058418,0.004884781068390717,0.7358785443179281,0.050680955570439834,0.2977551273422833,0.000507420920264956,0.003948667324777887
dt13,dt13_node_90,53.33,6.29944830140652e-05,0.048384466972778484,2.0,0.018867924528301886,0.0,1.291515258338935e-06,1.291515258338935e-06,106.0,4479.0,0.15744333093219087,0.295577795058418,0.004884781068390717,0.7358785443179281,0.21455682071891047,0.2978967798026221,0.00010891820307587508,0.0
dt13,dt13_node_91,65.33,1.94313120404013e-05,0.047147586013333485,3.0,0.02830188679245283,0.3333333333333333,2.149572215828695e-05,2.149572215828695e-05,106.0,4479.0,0.15744333093219087,0.295577795058418,0.004884781068390717,0.7358785443179281,0.0709452789462532,0.2998873238293747,0.0014448108748811546,0.2592783617211591
dt13,dt13_node_92,10.67,0.000196931936784958,0.04861927353140922,5.0,0.04716981132075472,0.6,0.0004178034631502265,0.0004178034631502265,106.0,4479.0,0.15744333093219087,0.295577795058418,0.004884781068390717,0.7358785443179281,0.2417057378879214,0.2976892050352776,0.0027999622376382004,0.0017281566432545176
dt13,dt13_node_93,23.330000000000002,8.57022761366825e-05,0.04809557892747829,2.0,0.018867924528301886,0.0,0.0005826400772791015,0.0001832614565116945,106.0,4479.0,0.15744333093219087,0.295577795058418,0.004884781068390717,0.7358785443179281,0.2163429336905559,0.2891681278005065,0.0006623806740697347,0.0011641443538998836
dt13,dt13_node_94,24.67,0.000469163641547028,0.0683918836766594,2.0,0.018867924528301886,0.0,0.0002727051440813955,0.0002727051440813955,106.0,4479.0,0.15744333093219087,0.295577795058418,0.004884781068390717,0.7358785443179281,0.06385353873632507,0.29692762407934525,0.00047372337012541177,0.0
dt13,dt13_node_95,3.0,0.000223920231556827,0.050195682049589976,4.0,0.03773584905660377,0.5,0.0005433910394882005,0.0002639840203767475,106.0,4479.0,0.15744333093219087,0.295577795058418,0.004884781068390717,0.7358785443179281,0.10683188211654387,0.29745907026347224,0.0026281627747143594,0.0027734666118570833
dt13,dt13_node_96,51.33,0.000642436934703862,0.05061419875273701,2.0,0.018867924528301886,0.0,0.0003052318119460615,0.0002959966498633555,106.0,4479.0,0.15744333093219087,0.295577795058418,0.004884781068390717,0.7358785443179281,0.19781201160973433,0.29416913822438334,0.0009487992413325097,0.0006101281269066504
dt13,dt13_node_97,98.33,4.29914443165739e-05,0.04719057745765006,2.0,0.018867924528301886,0.0,0.0002496753979328835,0.0002496753979328835,106.0,4479.0,0.15744333093219087,0.295577795058418,0.004884781068390717,0.7358785443179281,0.033489618218352314,0.3005109020620538,0.0014016662439571836,0.0004784688995215311
dt13,dt13_node_98,28.33,0.000835606926300453,0.049454880457709675,4.0,0.03773584905660377,0.5,0.000616805490894955,0.000616805490894955,106.0,4479.0,0.15744333093219087,0.295577795058418,0.004884781068390717,0.7358785443179281,0.24246483590087073,0.2987977233028947,0.00191198114976225,0.0019119219425785905
dt13,dt13_node_99,9.0,0.000279407019111453,0.05047508906870143,3.0,0.02830188679245283,0.3333333333333333,0.000708722869347008,0.000228358372841135,106.0,4479.0,0.15744333093219087,0.295577795058418,0.004884781068390717,0.7358785443179281,0.10605045769144898,0.29753105776148847,0.0030313237967995363,0.0027560795887691717
dt13,dt13_node_100,36.33,0.00123361098178991,0.050688491439499585,3.0,0.02830188679245283,0.3333333333333333,0.001017340738420345,0.001017340738420345,106.0,4479.0,0.15744333093219087,0.295577795058418,0.004884781068390717,0.7358785443179281,0.2376274466026643,0.29883766953206475,0.002206319654499006,0.0023048583082005895
dt13,dt13_node_101,40.67,0.000480364496505873,0.0509554535652073,2.0,0.018867924528301886,0.0,0.001364374710500979,0.0003920359548448909,106.0,4479.0,0.15744333093219087,0.295577795058418,0.004884781068390717,0.7358785443179281,0.12346505916499217,0.2970177404883866,0.0036045668356919636,0.0027218290691344584
dt13,dt13_node_102,88.67,0.00203468147684069,0.05272317291634027,2.0,0.018867924528301886,0.0,0.0010466580554435055,0.0006251390755162245,106.0,4479.0,0.15744333093219087,0.295577795058418,0.004884781068390717,0.7358785443179281,0.23933913820049119,0.3001515480298756,0.0014570310585962365,0.0020891364902506965
dt14,dt14_node_0,98.67,0.0987565488389387,0.0987565488389387,55.0,0.9649122807017544,0.9272727272727272,0.0484057559772397,0.027196812657757904,57.0,716.0,0.002401254532980496,0.24264917251963508,0.00844725464473946,0.4748603351955307,0.002488572879634332,0.24192478488754057,0.006390407583790966,0.09879984782965297
dt14,dt14_node_1,53.0,0.0212089433194818,0.11996549215842049,53.0,0.9298245614035088,0.8867924528301887,0.03647457103915831,0.03607155208149609,57.0,716.0,0.002401254532980496,0.24264917251963508,0.00844725464473946,0.4748603351955307,0.0006851480973964372,0.24153216573059555,0.006159098786910777,0.09426508077420846
dt14,dt14_node_2,100.0,0.0756025686349976,0.1743591174739363,2.0,0.03508771929824561,0.0,0.0358213001088816,0.005305099486943101,57.0,716.0,0.002401254532980496,0.24264917251963508,0.00844725464473946,0.4748603351955307,0.05027932960893855,0.2523291925465838,0.0023291925465838414,0.06521739130434782
dt14,dt14_node_3,8.33,0.000403018957662227,0.12036851111608272,50.0,0.8771929824561403,0.16,0.007359203936795635,0.003560468944620665,57.0,716.0,0.002401254532980496,0.24264917251963508,0.00844725464473946,0.4748603351955307,0.0007262569832402234,0.2413872241660514,0.006203788482490721,0.09050582415477879
dt14,dt14_node_4,100.0,0.0725461231206544,0.1925116152790749,3.0,0.05263157894736842,0.3333333333333333,0.005686095904786245,0.0019458650897248148,57.0,716.0,0.002401254532980496,0.24264917251963508,0.00844725464473946,0.4748603351955307,0.0,0.24394785847299813,0.004747690422339646,0.0148975791433892
dt14,dt14_node_5,5.67,0.00379873499217497,0.12416724610825769,29.0,0.5087719298245614,0.1724137931034483,0.006357323156660025,0.0038769863278251757,57.0,716.0,0.002401254532980496,0.24264917251963508,0.00844725464473946,0.4748603351955307,0.0012521672124831437,0.24035169645273743,0.007561318596639277,0.08051299450534778
dt14,dt14_node_6,33.0,0.0109196728814163,0.13128818399749903,21.0,0.3684210526315789,0.9047619047619048,0.03428724943306643,0.024779643535589268,57.0,716.0,0.002401254532980496,0.24264917251963508,0.00844725464473946,0.4748603351955307,0.0,0.2428172386272945,0.0030258880463094767,0.0310388401170524
dt14,dt14_node_7,98.67,0.00763196099451106,0.20014357627358595,2.0,0.03508771929824561,0.0,0.005672707066117145,0.0001705425220422151,57.0,716.0,0.002401254532980496,0.24264917251963508,0.00844725464473946,0.4748603351955307,0.0,0.2472067039106145,0.0013966480446927362,0.0111731843575419
dt14,dt14_node_8,41.0,0.0102343094844852,0.1344015555927429,17.0,0.2982456140350877,0.8823529411764706,0.03939821501457145,0.01774081635411795,57.0,716.0,0.002401254532980496,0.24264917251963508,0.00844725464473946,0.4748603351955307,0.00041077883667433457,0.24467825963060927,0.0020236004554815626,0.02934427345575883
dt14,dt14_node_9,10.67,0.00248033682883485,0.12664758293709255,12.0,0.21052631578947367,0.6666666666666666,0.01304899528034755,0.00143076833219365,57.0,716.0,0.002401254532980496,0.24264917251963508,0.00844725464473946,0.4748603351955307,0.0024441340782122905,0.2342223986174189,0.008263238336773664,0.05416165797681814
dt14,dt14_node_10,63.0,0.00950760589747716,0.14079578989497618,20.0,0.3508771929824561,0.8,0.0507584000653345,0.008556474514521701,57.0,716.0,0.002401254532980496,0.24264917251963508,0.00844725464473946,0.4748603351955307,0.0,0.24315642458100561,0.002682873283840577,0.023757718318141725
dt14,dt14_node_11,96.0,0.0216573986604535,0.15605895425319638,16.0,0.2807017543859649,0.625,0.0287044385341775,0.0013953699286573997,57.0,716.0,0.002401254532980496,0.24264917251963508,0.00844725464473946,0.4748603351955307,0.0004364525139664805,0.24513126538266203,0.0009285753254100678,0.01995940279459833
dt14,dt14_node_12,92.33,0.0144797636125412,0.14112734654963374,2.0,0.03508771929824561,0.0,0.02306970506921875,0.00010504749333315085,57.0,716.0,0.002401254532980496,0.24264917251963508,0.00844725464473946,0.4748603351955307,0.0,0.22486033519553073,0.002793296089385472,0.04329608938547486
dt14,dt14_node_13,36.67,0.0116182269481539,0.13826580988524645,10.0,0.17543859649122806,0.8,0.0755454609307668,0.005464473249231695,57.0,716.0,0.002401254532980496,0.24264917251963508,0.00844725464473946,0.4748603351955307,0.0029329608938547485,0.23609481130179652,0.007703327410936545,0.031529190055776604
dt14,dt14_node_14,100.0,0.0593148745798562,0.2001106644748324,2.0,0.03508771929824561,0.0,0.00210218765855749,0.0006319436116989,57.0,716.0,0.002401254532980496,0.24264917251963508,0.00844725464473946,0.4748603351955307,0.0,0.2409217877094972,0.0006983240223463749,0.004189944134078212
dt14,dt14_node_15,99.67,0.0422019255508128,0.18299771544578897,18.0,0.3157894736842105,0.8888888888888888,0.002414244206530625,0.001237077343967865,57.0,716.0,0.002401254532980496,0.24264917251963508,0.00844725464473946,0.4748603351955307,0.0,0.24340471756672877,0.002706822399520855,0.00747617482747289
dt14,dt14_node_16,100.0,0.0300998084628349,0.18615876271603127,13.0,0.22807017543859648,0.8461538461538461,0.00424093118415676,0.00136649998495108,57.0,716.0,0.002401254532980496,0.24264917251963508,0.00844725464473946,0.4748603351955307,0.0005371723248818221,0.2448671869600103,0.0005377473056262797,0.001934947304521864
dt14,dt14_node_17,99.67,0.0273090686055201,0.18336802285871648,3.0,0.05263157894736842,0.3333333333333333,0.000699790627317342,0.0005508881560046381,57.0,716.0,0.002401254532980496,0.24264917251963508,0.00844725464473946,0.4748603351955307,0.0,0.2462756052141527,0.001316772404444221,0.0037243947858472994
dt14,dt14_node_18,99.67,0.0700809876815351,0.20834679756678154,9.0,0.15789473684210525,0.5555555555555556,0.004122761196052695,0.0014493047910400549,57.0,716.0,0.002401254532980496,0.24264917251963508,0.00844725464473946,0.4748603351955307,0.0,0.23355058969584108,0.0010973103370368522,0.007836747361887027
dt14,dt14_node_19,58.67,0.00117716686256276,0.18417488230835172,17.0,0.2982456140350877,0.7647058823529411,0.0007963616574990821,0.00018687142959652303,57.0,716.0,0.002401254532980496,0.24264917251963508,0.00844725464473946,0.4748603351955307,0.0,0.2437561616825501,0.002352583152033574,0.007137282287216562
dt14,dt14_node_20,83.0,0.00287443119920568,0.18903319391523696,12.0,0.21052631578947367,0.8333333333333334,0.000295540652865241,0.000295540652865241,57.0,716.0,0.002401254532980496,0.24264917251963508,0.00844725464473946,0.4748603351955307,0.0005819366852886406,0.24490500188824207,0.0005428445916995203,0.000698767966416519
dt14,dt14_node_21,59.330000000000005,0.00125067878332198,0.18461870164203845,2.0,0.03508771929824561,0.0,0.00210548758179212,0.00010813233813892001,57.0,716.0,0.002401254532980496,0.24264917251963508,0.00844725464473946,0.4748603351955307,0.0,0.24720670391061453,0.0,0.004189944134078212
dt14,dt14_node_22,97.0,0.00557206598709275,0.2139188635538743,2.0,0.03508771929824561,0.0,0.0007001679001765915,2.924968902282151e-05,57.0,716.0,0.002401254532980496,0.24264917251963508,0.00844725464473946,0.4748603351955307,0.0,0.23324022346368714,0.0,0.0013966480446927375
dt14,dt14_node_23,91.33,0.00267345640501264,0.2110202539717942,7.0,0.12280701754385964,0.7142857142857143,0.005708739385879509,0.005223746955652492,57.0,716.0,0.002401254532980496,0.24264917251963508,0.00844725464473946,0.4748603351955307,0.0,0.2336392657621708,0.0012299309662747353,0.005054535780792764
dt14,dt14_node_24,43.33,0.000609490227902559,0.18478437253625427,2.0,0.03508771929824561,0.0,0.0021019667558112003,0.0006964158945653701,57.0,716.0,0.002401254532980496,0.24264917251963508,0.00844725464473946,0.4748603351955307,0.0,0.24231843575418993,0.000698324022346361,0.004189944134078212
dt14,dt14_node_25,38.0,0.000983233087095605,0.18515811539544733,15.0,0.2631578947368421,0.8666666666666667,0.002582720803037489,0.0020621996774999613,57.0,716.0,0.002401254532980496,0.24264917251963508,0.00844725464473946,0.4748603351955307,0.0,0.2439478584729981,0.0024280083445819885,0.006823623304070232
dt14,dt14_node_26,55.00000000000001,0.000591081305730482,0.18962427522096745,11.0,0.19298245614035087,0.8181818181818182,4.32402685933733e-06,4.32402685933733e-06,57.0,716.0,0.002401254532980496,0.24264917251963508,0.00844725464473946,0.4748603351955307,0.0005078720162519046,0.24491861617306004,0.0005650178576182991,0.0007622342106852011
dt14,dt14_node_27,56.330000000000005,0.000484992430227018,0.2115052464020212,6.0,0.10526315789473684,0.6666666666666666,0.0007014888163172269,0.0005581361136224529,57.0,716.0,0.002401254532980496,0.24264917251963508,0.00844725464473946,0.4748603351955307,0.0,0.23393854748603352,0.0010667075640027565,0.0017690875232774675
dt14,dt14_node_28,30.330000000000002,0.000520521125537528,0.18567863652098485,14.0,0.24561403508771928,0.8571428571428571,0.00073143512408768,0.00029392248524069003,57.0,716.0,0.002401254532980496,0.24264917251963508,0.00844725464473946,0.4748603351955307,0.0,0.24381484437350356,0.002459861932549469,0.006476763460003685
dt14,dt14_node_29,44.330000000000005,8.64805371867466e-06,0.18963292327468612,10.0,0.17543859649122806,0.8,8.377802039973e-06,8.377802039973e-06,57.0,716.0,0.002401254532980496,0.24264917251963508,0.00844725464473946,0.4748603351955307,0.000558659217877095,0.24496913700824313,0.0005684134012378247,0.0008385097211912854
dt14,dt14_node_30,79.67,0.00125962492993968,0.21276487133196087,5.0,0.08771929824561403,0.6,0.0001209398268122575,0.0001209398268122575,57.0,716.0,0.002401254532980496,0.24264917251963508,0.00844725464473946,0.4748603351955307,0.0,0.23435754189944133,0.0005586592178770999,0.0013966480446927373
dt14,dt14_node_31,7.670000000000001,0.00043751263884699,0.18611614915983182,13.0,0.22807017543859648,0.07692307692307693,0.00025003944977732,5.583843091086992e-06,57.0,716.0,0.002401254532980496,0.24264917251963508,0.00844725464473946,0.4748603351955307,0.0,0.24398366996132356,0.002473327123597191,0.0066788425726973235
dt14,dt14_node_32,17.330000000000002,1.6755604079946e-05,0.18964967887876605,9.0,0.15789473684210525,0.7777777777777778,1.62478585017591e-05,1.62478585017591e-05,57.0,716.0,0.002401254532980496,0.24264917251963508,0.00844725464473946,0.4748603351955307,0.0006207324643078833,0.24503088469568915,0.0005664497649222054,0.0009317498144313786
dt14,dt14_node_33,28.999999999999996,0.000241879653624515,0.21300675098558539,4.0,0.07017543859649122,0.5,0.001399802852648215,4.197206822213501e-05,57.0,716.0,0.002401254532980496,0.24264917251963508,0.00844725464473946,0.4748603351955307,0.0,0.2346368715083799,0.0,0.0013966480446927375
dt14,dt14_node_34,13.33,0.000244455606686233,0.18636060476651806,6.0,0.10526315789473684,0.6666666666666666,0.0007008227388694075,0.0005413255574097625,57.0,716.0,0.002401254532980496,0.24264917251963508,0.00844725464473946,0.4748603351955307,0.0,0.24581005586592175,0.0019751586066663316,0.003538175046554935
dt14,dt14_node_35,3.3300000000000005,0.000255623292868407,0.18637177245270023,7.0,0.12280701754385964,0.14285714285714285,0.0006265646266137826,1.6484623531449495e-05,57.0,716.0,0.002401254532980496,0.24264917251963508,0.00844725464473946,0.4748603351955307,0.0,0.24241819632881081,0.00164529354573729,0.007049747273210961
dt14,dt14_node_36,17.330000000000002,3.24957170035182e-05,0.18968217459576955,8.0,0.14035087719298245,0.75,3.08899605095555e-05,3.08899605095555e-05,57.0,716.0,0.002401254532980496,0.24264917251963508,0.00844725464473946,0.4748603351955307,0.0006983240223463687,0.24510806930499668,0.0005543972654851325,0.0010483231851946934
dt14,dt14_node_37,62.67,0.00144177492087035,0.21444852590645574,3.0,0.05263157894736842,0.3333333333333333,0.0,0.0,57.0,716.0,0.002401254532980496,0.24264917251963508,0.00844725464473946,0.4748603351955307,0.0,0.2346368715083799,0.0,0.0
dt14,dt14_node_38,56.00000000000001,0.00124214829627917,0.18760275306279722,5.0,0.08771929824561403,0.6,0.0006999933797753634,0.00032030222540618646,57.0,716.0,0.002401254532980496,0.24264917251963508,0.00844725464473946,0.4748603351955307,0.0,0.24636871508379884,0.0016759776536312795,0.0033519553072625698
dt14,dt14_node_39,35.0,0.000643049250145232,0.18701482170284547,3.0,0.05263157894736842,0.3333333333333333,0.002820863365850305,0.001683467402521005,57.0,716.0,0.002401254532980496,0.24264917251963508,0.00844725464473946,0.4748603351955307,0.0,0.24301675977653628,0.0022807167065020256,0.009310986964618248
dt14,dt14_node_40,29.67,0.000610080003082333,0.18698185245578255,4.0,0.07017543859649122,0.0,0.001411146865401482,0.001303986114926838,57.0,716.0,0.002401254532980496,0.24264917251963508,0.00844725464473946,0.4748603351955307,0.0,0.24196927374301677,0.0006047663434248806,0.003258845437616387
dt14,dt14_node_41,28.999999999999996,6.1779921019111e-05,0.18974395451678866,7.0,0.12280701754385964,0.7142857142857143,0.0006999404627845538,0.0006562285384622063,57.0,716.0,0.002401254532980496,0.24264917251963508,0.00844725464473946,0.4748603351955307,0.0007980845969672786,0.24520730665982063,0.000521996124594498,0.0011982430976844383
dt14,dt14_node_42,62.67,0.0,0.21444852590645574,2.0,0.03508771929824561,0.0,0.0,0.0,57.0,716.0,0.002401254532980496,0.24264917251963508,0.00844725464473946,0.4748603351955307,0.0,0.2346368715083799,0.0,0.0
dt14,dt14_node_43,57.330000000000005,0.00102029560518155,0.18862304866797877,4.0,0.07017543859649122,0.5,0.0006998094767287964,0.0001329169907874445,57.0,716.0,0.002401254532980496,0.24264917251963508,0.00844725464473946,0.4748603351955307,0.0,0.2468575418994413,0.0015219619216273246,0.0034916201117318434
dt14,dt14_node_44,43.33,0.0011373959633293,0.18815221766617476,2.0,0.03508771929824561,0.0,0.00422511086680855,0.00145178665517667,57.0,716.0,0.002401254532980496,0.24264917251963508,0.00844725464473946,0.4748603351955307,0.0,0.24162011173184356,0.0013966480446927362,0.008379888268156424
dt14,dt14_node_45,90.67,0.00271513298032832,0.18969698543611088,2.0,0.03508771929824561,0.0,0.000710609161256775,0.000710609161256775,57.0,716.0,0.002401254532980496,0.24264917251963508,0.00844725464473946,0.4748603351955307,0.0,0.24231843575418993,0.000698324022346361,0.0013966480446927375
dt14,dt14_node_46,35.67,0.000107160750474644,0.1870890132062572,2.0,0.03508771929824561,0.0,0.0007001679001765882,0.0006926579164467017,57.0,716.0,0.002401254532980496,0.24264917251963508,0.00844725464473946,0.4748603351955307,0.0,0.24162011173184358,0.0,0.0013966480446927375
dt14,dt14_node_47,16.0,4.37119243223475e-05,0.189787666441111,6.0,0.10526315789473684,0.6666666666666666,0.0007000304326032727,0.0006312721087292874,57.0,716.0,0.002401254532980496,0.24264917251963508,0.00844725464473946,0.4748603351955307,0.000931098696461825,0.2451068484588038,0.0004972427261537526,0.0009321404852131107
dt14,dt14_node_48,45.67,0.000566892485941352,0.18918994115392013,3.0,0.05263157894736842,0.3333333333333333,0.001402175780860236,0.0013256337613409045,57.0,716.0,0.002401254532980496,0.24264917251963508,0.00844725464473946,0.4748603351955307,0.0,0.24767225325884543,0.000658386202222104,0.0037243947858472994
dt14,dt14_node_49,28.67,6.87583238739853e-05,0.189856424764985,5.0,0.08771929824561403,0.6,4.263611289098765e-06,4.263611289098765e-06,57.0,716.0,0.002401254532980496,0.24264917251963508,0.00844725464473946,0.4748603351955307,0.00111731843575419,0.2449662069773802,0.0004219244442708048,0.0005594405594405594
dt14,dt14_node_50,40.0,7.65420195193315e-05,0.18926648317343947,2.0,0.03508771929824561,0.0,0.001399802852648215,1.1302466913084945e-05,57.0,716.0,0.002401254532980496,0.24264917251963508,0.00844725464473946,0.4748603351955307,0.0,0.24720670391061453,0.0,0.002793296089385475
dt14,dt14_node_51,20.330000000000002,8.52722257819753e-06,0.18986495198756317,4.0,0.07017543859649122,0.5,8.3028219840461e-06,8.3028219840461e-06,57.0,716.0,0.002401254532980496,0.24264917251963508,0.00844725464473946,0.4748603351955307,0.001047486033519553,0.24501894753291403,0.00045674660902018574,0.0006993006993006993
dt14,dt14_node_52,20.330000000000002,1.66056439680922e-05,0.18988155763153128,3.0,0.05263157894736842,0.3333333333333333,1.617985822532635e-05,1.617985822532635e-05,57.0,716.0,0.002401254532980496,0.24264917251963508,0.00844725464473946,0.4748603351955307,0.000931098696461825,0.2451068484588038,0.0004972427261537526,0.0009324009324009324
dt14,dt14_node_53,23.669999999999998,3.23597164506527e-05,0.18991391734798194,2.0,0.03508771929824561,0.0,0.000731678317057665,0.000731678317057665,57.0,716.0,0.002401254532980496,0.24264917251963508,0.00844725464473946,0.4748603351955307,0.0006983240223463687,0.24528265031058327,0.000527405555338506,0.0013986013986013986
dt15,dt15_node_0,53.669999999999995,0.00645305956811847,0.00645305956811847,40.0,0.8888888888888888,0.9,0.00590035446675829,0.00445723880679741,45.0,1158.0,0.10408750719631549,0.3830961006918995,0.04333395684276942,0.9818652849740933,0.11283072267180602,0.3859577509883162,0.04494806327079959,0.2965504206658262
dt15,dt15_node_1,90.67,0.0126815560344281,0.0126815560344281,3.0,0.06666666666666667,0.3333333333333333,0.03756897045140837,0.03337330315830173,45.0,1158.0,0.10408750719631549,0.3830961006918995,0.04333395684276942,0.9818652849740933,0.029648819804260217,0.3667695984843915,0.011188215116263136,0.09686514464529011
dt15,dt15_node_2,100.0,0.0399708119224931,0.0399708119224931,2.0,0.044444444444444446,0.0,0.0883328785480371,0.010934664988605,45.0,1158.0,0.10408750719631549,0.3830961006918995,0.04333395684276942,0.9818652849740933,0.003038304527941834,0.3503528480748287,0.004598948594759372,0.5869947275922671
dt15,dt15_node_3,8.67,0.00144311565996088,0.00789617522807935,38.0,0.8444444444444444,0.5789473684210527,0.00303998213099736,0.0011166587115880602,45.0,1158.0,0.10408750719631549,0.3830961006918995,0.04333395684276942,0.9818652849740933,0.11858738010540074,0.3874352318165803,0.04563299384335213,0.3040854412848922
dt15,dt15_node_4,79.0,0.0103575932735557,0.01681065284167417,2.0,0.044444444444444446,0.0,0.049037519183397105,0.003344431585253698,45.0,1158.0,0.10408750719631549,0.3830961006918995,0.04333395684276942,0.9818652849740933,0.0034542314335060447,0.3578856152512998,0.0034662045060658564,0.09098786828422877
dt15,dt15_node_5,53.669999999999995,0.00419566729310663,0.01687722332753473,2.0,0.044444444444444446,0.0,0.0415796292499955,0.005004708387160103,45.0,1158.0,0.10408750719631549,0.3830961006918995,0.04333395684276942,0.9818652849740933,0.0034542314335060447,0.3591854419410745,0.003899480069324085,0.0779896013864818
dt15,dt15_node_6,4.0,0.0019233234194093,0.00981949864748865,30.0,0.6666666666666666,0.6666666666666666,0.0026525019072481254,0.000656234182211045,45.0,1158.0,0.10408750719631549,0.3830961006918995,0.04333395684276942,0.9818652849740933,0.148654084589981,0.38894899974724645,0.050822281749721095,0.3172471444450385
dt15,dt15_node_7,14.67,0.00415664084258542,0.01205281607066477,8.0,0.17777777777777778,0.25,0.0021732119921656946,0.0013362277504473657,45.0,1158.0,0.10408750719631549,0.3830961006918995,0.04333395684276942,0.9818652849740933,0.005837238288224892,0.38175860207658197,0.012827691533178339,0.25536209696979645
dt15,dt15_node_8,10.67,0.00330873608945917,0.013128234736947821,25.0,0.5555555555555556,0.84,0.0048731237286274804,0.0024427511069423703,45.0,1158.0,0.10408750719631549,0.3830961006918995,0.04333395684276942,0.9818652849740933,0.15593215834963936,0.3846905093670276,0.05043719782360291,0.31706612172109383
dt15,dt15_node_9,10.33,0.00199626772503708,0.01181576637252573,5.0,0.1111111111111111,0.2,0.02278592293222259,0.01806392783460791,45.0,1158.0,0.10408750719631549,0.3830961006918995,0.04333395684276942,0.9818652849740933,0.11226371579168926,0.410241451648341,0.047263401300048434,0.3343354249527638
dt15,dt15_node_10,16.33,0.000836984241718329,0.012889800312383098,3.0,0.06666666666666667,0.3333333333333333,0.045963723609298054,0.02444155060516305,45.0,1158.0,0.10408750719631549,0.3830961006918995,0.04333395684276942,0.9818652849740933,0.009229227882077624,0.37854441885398676,0.011128566766027689,0.3104594993975261
dt15,dt15_node_11,20.669999999999998,0.00350943974261306,0.015562255813277831,5.0,0.1111111111111111,0.2,0.014733461764060301,0.0025718598263740006,45.0,1158.0,0.10408750719631549,0.3830961006918995,0.04333395684276942,0.9818652849740933,0.003802044531913253,0.38368711201013916,0.01338113367081289,0.226197853499368
dt15,dt15_node_12,9.0,0.00243037262168511,0.015558607358632931,23.0,0.5111111111111111,0.8260869565217391,0.014733487025573831,0.012721105708638372,45.0,1158.0,0.10408750719631549,0.3830961006918995,0.04333395684276942,0.9818652849740933,0.1652112331689592,0.3851283919886045,0.052517928394641776,0.32816328653034105
dt15,dt15_node_13,52.0,0.00731587483556985,0.02044410957251767,2.0,0.044444444444444446,0.0,0.060154260498735845,0.02189360430318035,45.0,1158.0,0.10408750719631549,0.3830961006918995,0.04333395684276942,0.9818652849740933,0.04922279792746114,0.3796548592188919,0.0072661217075385975,0.10990009082652134
dt15,dt15_node_14,100.0,0.0408498507668305,0.05266561713935623,2.0,0.044444444444444446,0.0,0.026781140978147898,0.0025031922056481994,45.0,1158.0,0.10408750719631549,0.3830961006918995,0.04333395684276942,0.9818652849740933,0.004751060974499293,0.37543318039368456,0.0009761864753527194,0.6561954624781849
dt15,dt15_node_15,19.33,0.00472199509761468,0.01653776147014041,3.0,0.06666666666666667,0.3333333333333333,0.03694010233822487,0.03326483584530564,45.0,1158.0,0.10408750719631549,0.3830961006918995,0.04333395684276942,0.9818652849740933,0.18393881900314923,0.433446965818112,0.04874601000099724,0.1151134156227535
dt15,dt15_node_16,83.67,0.021522173004135,0.0344119733165181,2.0,0.044444444444444446,0.0,0.04346522819301795,0.005795004548584351,45.0,1158.0,0.10408750719631549,0.3830961006918995,0.04333395684276942,0.9818652849740933,0.012116726106363412,0.37067624699848445,0.00020763515056229642,0.39610963748894784
dt15,dt15_node_17,66.67,0.0121616019376863,0.02772385775096413,2.0,0.044444444444444446,0.0,0.0604872337776489,0.008046725480839297,45.0,1158.0,0.10408750719631549,0.3830961006918995,0.04333395684276942,0.9818652849740933,0.004322271426095583,0.38885841308115443,0.017554065255067447,0.11652173913043479
dt15,dt15_node_18,98.67,0.0173053215904343,0.03286757740371213,3.0,0.06666666666666667,0.3333333333333333,0.0354573051053838,0.0250243058940399,45.0,1158.0,0.10408750719631549,0.3830961006918995,0.04333395684276942,0.9818652849740933,0.0034552266024583654,0.38023957796279567,0.00795491661522473,0.2786616983399997
dt15,dt15_node_19,1.3299999999999998,0.00201238131693546,0.017570988675568392,21.0,0.4666666666666667,0.047619047619047616,0.002712612563906465,0.000910774142949945,45.0,1158.0,0.10408750719631549,0.3830961006918995,0.04333395684276942,0.9818652849740933,0.1763732191257327,0.38667181339908135,0.05470976322803588,0.3184889167132482
dt15,dt15_node_20,99.0,0.0274545927342122,0.043013200092845136,2.0,0.044444444444444446,0.0,0.05711722332718065,0.01238625603401965,45.0,1158.0,0.10408750719631549,0.3830961006918995,0.04333395684276942,0.9818652849740933,0.04801038062283737,0.36892246717859795,0.0016497399058706952,0.33575978161965425
dt15,dt15_node_21,28.000000000000004,0.00367526649291923,0.02021302796305964,2.0,0.044444444444444446,0.0,0.03625769657148195,0.01398652624917455,45.0,1158.0,0.10408750719631549,0.3830961006918995,0.04333395684276942,0.9818652849740933,0.27202221814202954,0.44695025725632376,0.054929441991796474,0.06954887218045112
dt15,dt15_node_22,97.33000000000001,0.0104329992113439,0.04330057661505603,2.0,0.044444444444444446,0.0,0.0479385599739459,0.000221962013515601,45.0,1158.0,0.10408750719631549,0.3830961006918995,0.04333395684276942,0.9818652849740933,0.0034557241869345263,0.3853507014329284,0.00406820576568398,0.35732870771899394
dt15,dt15_node_23,3.3300000000000005,0.00180183842095652,0.019372827096524912,11.0,0.24444444444444444,0.45454545454545453,0.0062895944207219095,0.0044190360745750895,45.0,1158.0,0.10408750719631549,0.3830961006918995,0.04333395684276942,0.9818652849740933,0.18342777554822318,0.37925859583543586,0.04740049795128648,0.25832965313400563
dt15,dt15_node_24,7.000000000000001,0.00362338670685641,0.0211943753824248,10.0,0.2222222222222222,0.8,0.037725033129453224,0.03559797354252318,45.0,1158.0,0.10408750719631549,0.3830961006918995,0.04333395684276942,0.9818652849740933,0.16861320706099317,0.39482635271909144,0.06072228908660506,0.3663168901956683
dt15,dt15_node_25,13.0,0.00187055834614682,0.021243385442671733,8.0,0.17777777777777778,0.0,0.004808126640385005,0.0004215634442456852,45.0,1158.0,0.10408750719631549,0.3830961006918995,0.04333395684276942,0.9818652849740933,0.17858423888345334,0.3722149023901574,0.0451994848090683,0.2779874948501938
dt15,dt15_node_26,48.0,0.010708630495297,0.03008145759182191,3.0,0.06666666666666667,0.3333333333333333,0.0548462415136454,0.0016644002949390002,45.0,1158.0,0.10408750719631549,0.3830961006918995,0.04333395684276942,0.9818652849740933,0.19634387332094272,0.3980417783561783,0.04801249516065734,0.144952916103312
dt15,dt15_node_27,10.0,0.00212705958693005,0.023321434969354852,9.0,0.2,0.7777777777777778,0.028286899678360563,0.024584907635527935,45.0,1158.0,0.10408750719631549,0.3830961006918995,0.04333395684276942,0.9818652849740933,0.1817780472194076,0.400277182932243,0.061642269424332416,0.29021936914523067
dt15,dt15_node_28,40.33,0.00522969008463069,0.026473075527302423,4.0,0.08888888888888889,0.0,0.03731403951424525,0.013989118797798248,45.0,1158.0,0.10408750719631549,0.3830961006918995,0.04333395684276942,0.9818652849740933,0.30700545452102773,0.4011121627423871,0.048483841726708186,0.10785949313494224
dt15,dt15_node_29,36.0,0.00438656319613932,0.025629948638811052,4.0,0.08888888888888889,0.0,0.01428891870585385,0.005471171456097551,45.0,1158.0,0.10408750719631549,0.3830961006918995,0.04333395684276942,0.9818652849740933,0.05016302324587903,0.3433176420379277,0.008074690935311818,0.42311390659223397
dt15,dt15_node_30,100.0,0.0531818412187064,0.08326329881052831,2.0,0.044444444444444446,0.0,0.02080415787388025,0.02080415787388025,45.0,1158.0,0.10408750719631549,0.3830961006918995,0.04333395684276942,0.9818652849740933,0.26986183074265974,0.41189433268440406,0.05368537746052349,0.023985239852398525
dt15,dt15_node_31,25.330000000000002,0.00370199204283263,0.027023427012187483,8.0,0.17777777777777778,0.75,0.0036376945352975805,0.0033548670588342093,45.0,1158.0,0.10408750719631549,0.3830961006918995,0.04333395684276942,0.9818652849740933,0.19834213544681192,0.402698194435137,0.06497683342530959,0.24273517058874391
dt15,dt15_node_32,97.33000000000001,0.023324920716447,0.04979799624374942,2.0,0.044444444444444446,0.0,0.03558046032269812,0.026020397579031677,45.0,1158.0,0.10408750719631549,0.3830961006918995,0.04333395684276942,0.9818652849740933,0.3078796482475821,0.40834842448388264,0.05380296993842809,0.06786427145708583
dt15,dt15_node_33,100.0,0.0513031583120435,0.07777623383934593,2.0,0.044444444444444446,0.0,0.0320587151260849,0.0058689388820250005,45.0,1158.0,0.10408750719631549,0.3830961006918995,0.04333395684276942,0.9818652849740933,0.3061312607944732,0.39387590100089154,0.041253839518070545,0.06187624750499002
dt15,dt15_node_34,94.67,0.0197600901619514,0.04539003880076245,2.0,0.044444444444444446,0.0,0.07233410922711994,0.008887369157142548,45.0,1158.0,0.10408750719631549,0.3830961006918995,0.04333395684276942,0.9818652849740933,0.05110324856429692,0.3428569007879353,0.001038718969753466,0.6935638808837656
dt15,dt15_node_35,88.0,0.0088177472497563,0.03444769588856735,2.0,0.044444444444444446,0.0,0.0759881286940511,0.004023503659652303,45.0,1158.0,0.10408750719631549,0.3830961006918995,0.04333395684276942,0.9818652849740933,0.04922279792746114,0.3437783832879201,0.011353315168029066,0.1362397820163488
dt15,dt15_node_36,36.67,0.00699256159413179,0.03401598860631927,7.0,0.15555555555555556,0.7142857142857143,0.004286419622893715,0.00017608884805877514,45.0,1158.0,0.10408750719631549,0.3830961006918995,0.04333395684276942,0.9818652849740933,0.14562565294587534,0.3875147885075646,0.05459710272847134,0.27743201688191654
dt15,dt15_node_37,50.33,0.00411033077483494,0.03812631938115421,6.0,0.13333333333333333,0.0,0.02606506617273445,0.0026355768915408487,45.0,1158.0,0.10408750719631549,0.3830961006918995,0.04333395684276942,0.9818652849740933,0.05758402301586265,0.3654516033914514,0.008376272149667552,0.3137430343684315
dt15,dt15_node_38,100.0,0.0287006430642753,0.06682696244542952,3.0,0.06666666666666667,0.3333333333333333,0.03468040044810995,0.01631818132951765,45.0,1158.0,0.10408750719631549,0.3830961006918995,0.04333395684276942,0.9818652849740933,0.04494890990163123,0.3584659069232572,0.004478282126014799,0.1440130100030583
dt15,dt15_node_39,100.0,0.0234294892811936,0.06155580866234781,3.0,0.06666666666666667,0.3333333333333333,0.02587793041170365,0.0012723524138632501,45.0,1158.0,0.10408750719631549,0.3830961006918995,0.04333395684276942,0.9818652849740933,0.07021913613009406,0.37243729985964547,0.004761191989295206,0.4583627839248357
dt15,dt15_node_40,100.0,0.0183622191185923,0.08518918156402182,2.0,0.044444444444444446,0.0,0.019161970534475,0.0037483553767282997,45.0,1158.0,0.10408750719631549,0.3830961006918995,0.04333395684276942,0.9818652849740933,0.04835924006908463,0.3557168784029038,0.0027223230490018013,0.03720508166969147
dt15,dt15_node_41,100.0,0.0246055779978404,0.08616138666018822,2.0,0.044444444444444446,0.0,0.03256261433136385,0.01168359624971675,45.0,1158.0,0.10408750719631549,0.3830961006918995,0.04333395684276942,0.9818652849740933,0.09061008947652636,0.36909305951292937,0.0006720068813504676,0.6578669482576558
dt16,dt16_node_0,35.33,0.00731912506670918,0.00731912506670918,31.0,0.7045454545454546,0.5483870967741935,0.01950510001382453,0.014810335685904369,44.0,2083.0,0.16355344127787722,0.24613284175998765,0.01480868279307274,0.9806856591018831,0.15223160739109443,0.24406701193960167,0.015707577195092203,0.34573243787418934
dt16,dt16_node_1,6.329999999999999,0.00383389853972099,0.00383389853972099,12.0,0.2727272727272727,0.3333333333333333,0.0027941726700204538,0.001919553004732386,44.0,2083.0,0.16355344127787722,0.24613284175998765,0.01480868279307274,0.9806856591018831,0.1804688750200032,0.25152294130048686,0.011251514151976364,0.2473534284610688
dt16,dt16_node_2,17.330000000000002,0.00469476432792016,0.01201388939462934,24.0,0.5454545454545454,0.8333333333333334,0.0116913066397887,0.0079931741113006,44.0,2083.0,0.16355344127787722,0.24613284175998765,0.01480868279307274,0.9806856591018831,0.1743647705825403,0.24714408174929972,0.016322815982802292,0.366247788296233
dt16,dt16_node_3,100.0,0.0343154356997289,0.04163456076643808,7.0,0.1590909090909091,0.42857142857142855,0.0429486305868506,0.013530354980376701,44.0,2083.0,0.16355344127787722,0.24613284175998765,0.01480868279307274,0.9806856591018831,0.0763464764489943,0.23351705830635133,0.005949699206739395,0.20757364583624152
dt16,dt16_node_4,14.330000000000002,0.00471372567475284,0.00854762421447383,4.0,0.09090909090909091,0.0,0.01596140358279345,0.0013391140266059498,44.0,2083.0,0.16355344127787722,0.24613284175998765,0.01480868279307274,0.9806856591018831,0.23919827172347577,0.2596797510405608,0.007723953275061696,0.2703737358551883
dt16,dt16_node_5,12.0,0.000874619665288068,0.004708518205009058,8.0,0.18181818181818182,0.5,0.07687477735418236,0.004512710232782949,44.0,2083.0,0.16355344127787722,0.24613284175998765,0.01480868279307274,0.9806856591018831,0.15110417666826692,0.24744453643044986,0.010495950177029924,0.20178494581041775
dt16,dt16_node_6,32.0,0.0036981325284881,0.01571202192311744,22.0,0.5,0.45454545454545453,0.01856815811219675,0.00546167313415815,44.0,2083.0,0.16355344127787722,0.24613284175998765,0.01480868279307274,0.9806856591018831,0.1817056607812673,0.24823604240430158,0.016571552043640646,0.3789732804759967
dt16,dt16_node_7,96.67,0.0196844807510893,0.031698370145718635,2.0,0.045454545454545456,0.0,0.09019650812437721,0.0029324602382847995,44.0,2083.0,0.16355344127787722,0.24613284175998765,0.01480868279307274,0.9806856591018831,0.09361497839654345,0.23513251454427925,0.004363283775048479,0.15859030837004406
dt16,dt16_node_8,100.0,0.0564789855672273,0.09811354633366538,2.0,0.045454545454545456,0.0,0.06653152118676635,0.0004456164897613524,44.0,2083.0,0.16355344127787722,0.24613284175998765,0.01480868279307274,0.9806856591018831,0.10398655139289145,0.22890836613545334,0.0024832196250644395,0.259719222462203
dt16,dt16_node_9,100.0,0.0294182756064739,0.07105283637291199,5.0,0.11363636363636363,0.2,0.032510032880055204,0.0181313600573751,44.0,2083.0,0.16355344127787722,0.24613284175998765,0.01480868279307274,0.9806856591018831,0.06529044647143542,0.2353605351747105,0.005932749164915835,0.14714934344904182
dt16,dt16_node_10,64.0,0.0173005176093994,0.02584814182387323,2.0,0.045454545454545456,0.0,0.179171626913254,0.054293717971469,44.0,2083.0,0.16355344127787722,0.24613284175998765,0.01480868279307274,0.9806856591018831,0.14930388862217955,0.26094396195202646,0.008927832919768397,0.2784565916398714
dt16,dt16_node_11,44.0,0.0146222895561875,0.02316991377066133,2.0,0.045454545454545456,0.0,0.1469078556558105,0.005865027624020497,44.0,2083.0,0.16355344127787722,0.24613284175998765,0.01480868279307274,0.9806856591018831,0.32909265482477196,0.2584155401290951,0.00603458774814275,0.23809523809523808
dt16,dt16_node_12,100.0,0.0813874875869653,0.08609600579197436,2.0,0.045454545454545456,0.0,0.06728348025882935,0.006944787734302949,44.0,2083.0,0.16355344127787722,0.24613284175998765,0.01480868279307274,0.9806856591018831,0.18771003360537686,0.243636491772085,0.001474329609922831,0.12186865267433988
dt16,dt16_node_13,100.0,0.0723620671213994,0.07707058532640847,6.0,0.13636363636363635,0.6666666666666666,0.0776681069137457,0.0343917859897033,44.0,2083.0,0.16355344127787722,0.24613284175998765,0.01480868279307274,0.9806856591018831,0.13890222435589697,0.24871388464990485,0.011820198727168694,0.15403938833266825
dt16,dt16_node_14,98.67,0.0240298312463549,0.03974185316947234,16.0,0.36363636363636365,0.625,0.01390380982936656,0.009741781754669639,44.0,2083.0,0.16355344127787722,0.24613284175998765,0.01480868279307274,0.9806856591018831,0.18329116229235903,0.24537436920741976,0.017672003577043537,0.3834667823407558
dt16,dt16_node_15,70.0,0.0131064849780386,0.02881850690115604,6.0,0.13636363636363635,0.3333333333333333,0.0234414461073665,0.008975435633391201,44.0,2083.0,0.16355344127787722,0.24613284175998765,0.01480868279307274,0.9806856591018831,0.17747765675168933,0.2558671709293197,0.009698217525016786,0.3474274341589302
dt16,dt16_node_16,100.0,0.0506413929374303,0.1216942293103423,2.0,0.045454545454545456,0.0,0.0497332995414836,0.0016709658632593008,44.0,2083.0,0.16355344127787722,0.24613284175998765,0.01480868279307274,0.9806856591018831,0.05208833413346135,0.23321849835763156,0.002878569387565616,0.09243270695784662
dt16,dt16_node_17,100.0,0.0143786728226801,0.08543150919559209,3.0,0.06818181818181818,0.3333333333333333,0.03656463919307278,0.030425649289367713,44.0,2083.0,0.16355344127787722,0.24613284175998765,0.01480868279307274,0.9806856591018831,0.07409185469675149,0.23678855971942983,0.006931109436893489,0.1306883390829602
dt16,dt16_node_18,100.0,0.0432763209240424,0.12034690625045086,5.0,0.11363636363636363,0.2,0.018568759107447298,0.004062184044853199,44.0,2083.0,0.16355344127787722,0.24613284175998765,0.01480868279307274,0.9806856591018831,0.15362457993278927,0.24945820241193511,0.012819378454296055,0.13140697723570458
dt16,dt16_node_19,25.669999999999998,0.00416202807469692,0.04390388124416926,13.0,0.29545454545454547,0.38461538461538464,0.010806154957457702,0.005782392961229001,44.0,2083.0,0.16355344127787722,0.24613284175998765,0.01480868279307274,0.9806856591018831,0.20564747061855096,0.24687756392388774,0.019044223165091346,0.4173290466929315
dt16,dt16_node_20,99.67,0.0236455915840362,0.06338744475350853,3.0,0.06818181818181818,0.3333333333333333,0.0535655246422935,0.028041793236203802,44.0,2083.0,0.16355344127787722,0.24613284175998765,0.01480868279307274,0.9806856591018831,0.08641382621219396,0.2388605254360585,0.006461642997284847,0.17132705685266533
dt16,dt16_node_21,100.0,0.0324168817407577,0.06123538864191374,2.0,0.045454545454545456,0.0,0.09941747471217,0.021243272509157002,44.0,2083.0,0.16355344127787722,0.24613284175998765,0.01480868279307274,0.9806856591018831,0.28372539606337016,0.2688133485037216,0.002673691059716349,0.17189631650750342
dt16,dt16_node_22,76.0,0.0144660104739753,0.04328451737513134,4.0,0.09090909090909091,0.0,0.017032320473178278,0.015761264809508516,44.0,2083.0,0.16355344127787722,0.24613284175998765,0.01480868279307274,0.9806856591018831,0.12435378709584888,0.2493940821421188,0.0034360133092657184,0.4144910183480846
dt16,dt16_node_23,80.0,0.00613898990370507,0.09157049909929715,2.0,0.045454545454545456,0.0,0.0725678641300295,0.006254515060781798,44.0,2083.0,0.16355344127787722,0.24613284175998765,0.01480868279307274,0.9806856591018831,0.07705232837253961,0.24158160310310148,0.001772180127982359,0.13022763366860773
dt16,dt16_node_24,98.67,0.0145065750625941,0.13485348131304495,2.0,0.045454545454545456,0.0,0.07905867225597529,0.006894308357095001,44.0,2083.0,0.16355344127787722,0.24613284175998765,0.01480868279307274,0.9806856591018831,0.08185309649543927,0.2594760649002914,0.010121392726827244,0.14141949152542374
dt16,dt16_node_25,99.33,0.0226309431523005,0.14297784940275135,3.0,0.06818181818181818,0.3333333333333333,0.024758229649312,0.007356785490340202,44.0,2083.0,0.16355344127787722,0.24613284175998765,0.01480868279307274,0.9806856591018831,0.20147223555768926,0.24277962741969758,0.009700032798208358,0.09208837232607486
dt16,dt16_node_26,44.330000000000005,0.0050237619962287,0.04892764324039796,9.0,0.20454545454545456,0.5555555555555556,0.026410638803561818,0.01798130731545598,44.0,2083.0,0.16355344127787722,0.24613284175998765,0.01480868279307274,0.9806856591018831,0.11842386616632915,0.25026232710906826,0.017009450862235622,0.30354652233228824
dt16,dt16_node_27,89.0,0.0165885479186867,0.060492429162855965,4.0,0.09090909090909091,0.5,0.035923997713780395,0.0220532545793475,44.0,2083.0,0.16355344127787722,0.24613284175998765,0.01480868279307274,0.9806856591018831,0.40190058063604994,0.2392618467572315,0.021070552386935393,0.6094698861717296
dt16,dt16_node_28,100.0,0.0255237314060897,0.08891117615959823,2.0,0.045454545454545456,0.0,0.0943782624876051,0.019775937752110895,44.0,2083.0,0.16355344127787722,0.24613284175998765,0.01480868279307274,0.9806856591018831,0.09217474795967354,0.23945321679965087,0.007846999183070538,0.1650273224043716
dt16,dt16_node_29,100.0,0.0327935852826868,0.07607810265781814,2.0,0.045454545454545456,0.0,0.0754383811506224,0.007746497538054703,44.0,2083.0,0.16355344127787722,0.24613284175998765,0.01480868279307274,0.9806856591018831,0.128660585693711,0.249688555709569,0.0038485127680767534,0.1349206349206349
dt16,dt16_node_30,43.33,0.00127105566366976,0.044555573038801095,2.0,0.045454545454545456,0.0,0.1062822053377031,0.0150442320931619,44.0,2083.0,0.16355344127787722,0.24613284175998765,0.01480868279307274,0.9806856591018831,0.12004698849798676,0.24909960857466862,0.0029373278729142305,0.6512396694214876
dt16,dt16_node_31,97.0,0.0174014441589718,0.16037929356172315,2.0,0.045454545454545456,0.0,0.049299845786831206,0.019215972205827204,44.0,2083.0,0.16355344127787722,0.24613284175998765,0.01480868279307274,0.9806856591018831,0.2412385981757081,0.2381442907741609,0.008756535672120092,0.09195402298850575
dt16,dt16_node_32,82.33,0.00842933148810584,0.0573569747285038,7.0,0.1590909090909091,0.14285714285714285,0.008946921400045979,0.0032304614940999203,44.0,2083.0,0.16355344127787722,0.24613284175998765,0.01480868279307274,0.9806856591018831,0.13785695213086707,0.2499387374859738,0.01844365057092927,0.32043000124587884
dt16,dt16_node_33,100.0,0.0443919461190178,0.09331958935941576,2.0,0.045454545454545456,0.0,0.10832428565508431,0.0111598327931847,44.0,2083.0,0.16355344127787722,0.24613284175998765,0.01480868279307274,0.9806856591018831,0.050408065290446474,0.2513948907898992,0.010474174677367193,0.18522319138019497
dt16,dt16_node_34,60.33,0.0138707431344329,0.07436317229728887,3.0,0.06818181818181818,0.3333333333333333,0.10224196084870205,0.05154466731559395,44.0,2083.0,0.16355344127787722,0.24613284175998765,0.01480868279307274,0.9806856591018831,0.4101266111187698,0.23388205082034155,0.021821749545590415,0.5374454860793658
dt16,dt16_node_35,77.33,0.00571645990594606,0.06307343463444985,4.0,0.09090909090909091,0.5,0.06482825805738808,0.055444264918300915,44.0,2083.0,0.16355344127787722,0.24613284175998765,0.01480868279307274,0.9806856591018831,0.175239104539147,0.25734781889055186,0.021454265795354543,0.412927941752502
dt16,dt16_node_36,92.33,0.0121773828941459,0.0695343576226497,3.0,0.06818181818181818,0.3333333333333333,0.0491913750474958,0.038503477657130504,44.0,2083.0,0.16355344127787722,0.24613284175998765,0.01480868279307274,0.9806856591018831,0.0880140822531605,0.24005996227986967,0.0030379320625511935,0.17022911771867888
dt16,dt16_node_37,100.0,0.0506972935331081,0.12506046583039696,2.0,0.045454545454545456,0.0,0.13041164196274702,0.0038025877607390096,44.0,2083.0,0.16355344127787722,0.24613284175998765,0.01480868279307274,0.9806856591018831,0.3890737380895806,0.24915787027082784,0.0037724196736508564,0.6786885245901639
dt16,dt16_node_38,62.33,0.00938399313908717,0.07245742777353702,3.0,0.06818181818181818,0.3333333333333333,0.07186549257532604,0.07022042433662296,44.0,2083.0,0.16355344127787722,0.24613284175998765,0.01480868279307274,0.9806856591018831,0.16180064314613105,0.25173915631755345,0.022088133563656905,0.47865210854294676
dt16,dt16_node_39,93.0,0.0106878973903653,0.080222255013015,2.0,0.045454545454545456,0.0,0.098191881613991,0.016413461810760997,44.0,2083.0,0.16355344127787722,0.24613284175998765,0.01480868279307274,0.9806856591018831,0.09793566970715314,0.24159432260579114,0.0026039896304957677,0.17027176927343315
dt16,dt16_node_40,27.33,0.00164506823870308,0.0741024960122401,2.0,0.045454545454545456,0.0,0.08557585887790176,0.01158178789865115,44.0,2083.0,0.16355344127787722,0.24613284175998765,0.01480868279307274,0.9806856591018831,0.12388195367742988,0.236550799967514,0.006306342889628849,0.62
dt19,dt19_node_0,63.67,0.0105144556925046,0.0105144556925046,39.0,0.7222222222222222,0.48717948717948717,0.03994424359162155,0.01366463084601075,54.0,1011.0,0.0414697585815291,0.3748561339328951,0.02693164380502082,0.7329376854599406,0.05318420451951608,0.36833595879577036,0.018197881780278615,0.2040114735315647
dt19,dt19_node_1,77.66999999999999,0.00872044038450935,0.00872044038450935,13.0,0.24074074074074073,0.23076923076923078,0.01609447991121724,0.01043849220044666,54.0,1011.0,0.0414697585815291,0.3748561339328951,0.02693164380502082,0.7329376854599406,0.0025875328607833123,0.3982934577142227,0.033504579213367386,0.2667675580685417
dt19,dt19_node_2,99.33,0.0459696980196725,0.0459696980196725,2.0,0.037037037037037035,0.0,0.177623047474637,0.025903562651452994,54.0,1011.0,0.0414697585815291,0.3748561339328951,0.02693164380502082,0.7329376854599406,0.06379821958456973,0.3496569445281982,0.02818984636207092,0.27292340884573896
dt19,dt19_node_3,100.0,0.0536088744376323,0.0641233301301369,29.0,0.5370370370370371,0.8620689655172413,0.032441157018561116,0.03140540051881938,54.0,1011.0,0.0414697585815291,0.3748561339328951,0.02693164380502082,0.7329376854599406,0.06582762031447184,0.3658906262754758,0.018615749238789864,0.1645167429037439
dt19,dt19_node_4,100.0,0.0262796127456108,0.0367940684381154,10.0,0.18518518518518517,0.8,0.06912872055941828,0.06136089088569273,54.0,1011.0,0.0414697585815291,0.3748561339328951,0.02693164380502082,0.7329376854599406,0.01651829871414441,0.3754274231046243,0.014796003294809824,0.1810036476945236
dt19,dt19_node_5,52.33,0.00565598771077058,0.01437642809527993,5.0,0.09259259259259259,0.2,0.06703048341136045,0.05518877913192155,54.0,1011.0,0.0414697585815291,0.3748561339328951,0.02693164380502082,0.7329376854599406,0.004747774480712166,0.35920905821534826,0.017112278666570477,0.20516917152396194
dt19,dt19_node_6,98.33,0.0265329721116639,0.035253412496173246,8.0,0.14814814814814814,0.75,0.08189805307889757,0.07515470387657543,54.0,1011.0,0.0414697585815291,0.3748561339328951,0.02693164380502082,0.7329376854599406,0.0012373818483277788,0.42272120740101915,0.009469802681460644,0.2564724213386469
dt19,dt19_node_7,26.669999999999998,0.00103575649974173,0.06515908662987863,27.0,0.5,0.037037037037037035,0.009093843988277865,0.007328040496538335,54.0,1011.0,0.0414697585815291,0.3748561339328951,0.02693164380502082,0.7329376854599406,0.06971462065428435,0.36786367405923975,0.017669292245327192,0.1613737323247494
dt19,dt19_node_8,100.0,0.0638465575373805,0.12796988766751738,2.0,0.037037037037037035,0.0,0.03831310298137435,0.00246869063629495,54.0,1011.0,0.0414697585815291,0.3748561339328951,0.02693164380502082,0.7329376854599406,0.013353115727002967,0.3392544811946636,0.0069374080239318625,0.07317073170731707
dt19,dt19_node_9,36.0,0.00776782967372555,0.04456189811184095,9.0,0.16666666666666666,0.1111111111111111,0.026664799170691,0.009303418375650699,54.0,1011.0,0.0414697585815291,0.3748561339328951,0.02693164380502082,0.7329376854599406,0.018353665237938237,0.374169826089433,0.015080810515591677,0.170227795740478
dt19,dt19_node_10,61.0,0.0118417042794389,0.02621813237471883,3.0,0.05555555555555555,0.3333333333333333,0.08289002678818701,0.07628964294807099,54.0,1011.0,0.0414697585815291,0.3748561339328951,0.02693164380502082,0.7329376854599406,0.004945598417408507,0.3645367994170389,0.020422629782167284,0.23144187814846498
dt19,dt19_node_11,100.0,0.122219262543282,0.13659569063856192,2.0,0.037037037037037035,0.0,0.0001936558377388255,0.0001936558377388255,54.0,1011.0,0.0414697585815291,0.3748561339328951,0.02693164380502082,0.7329376854599406,0.004451038575667656,0.3512174464128124,7.995877680841423e-05,0.0
dt19,dt19_node_12,62.67,0.00674334920232215,0.041996761698495394,7.0,0.12962962962962962,0.7142857142857143,0.10551428473590274,0.044156545454235245,54.0,1011.0,0.0414697585815291,0.3748561339328951,0.02693164380502082,0.7329376854599406,0.0014141506838031756,0.42291495343499264,0.010108802395990539,0.24709935762840204
dt19,dt19_node_13,13.0,0.00176580349173953,0.06692489012161816,14.0,0.25925925925925924,0.5714285714285714,0.010858497157084606,0.008886475425531596,54.0,1011.0,0.0414697585815291,0.3748561339328951,0.02693164380502082,0.7329376854599406,0.05305920587819697,0.3559997822013687,0.016701528013441064,0.16123009318368028
dt19,dt19_node_14,94.33,0.0164218844848162,0.08158097111469483,13.0,0.24074074074074073,0.6923076923076923,0.058112814847872896,0.0175374206596775,54.0,1011.0,0.0414697585815291,0.3748561339328951,0.02693164380502082,0.7329376854599406,0.08765122118237846,0.3806401729831009,0.0057625943303896004,0.07776016326059768
dt19,dt19_node_15,100.0,0.0359682175463417,0.08053011565818265,4.0,0.07407407407407407,0.5,0.07998506224550996,0.01102758049202425,54.0,1011.0,0.0414697585815291,0.3748561339328951,0.02693164380502082,0.7329376854599406,0.01063303659742829,0.36195460743329827,0.008730322807324385,0.0972471939916359
dt19,dt19_node_16,81.67,0.0173613807950403,0.06192327890688125,5.0,0.09259259259259259,0.2,0.113191297153005,0.010144715612448,54.0,1011.0,0.0414697585815291,0.3748561339328951,0.02693164380502082,0.7329376854599406,0.024530168150346192,0.38394200101434084,0.011555779384364825,0.11946322648351007
dt19,dt19_node_17,52.669999999999995,0.00660038384011602,0.03281851621483485,2.0,0.037037037037037035,0.0,0.1298308478608675,0.010229039134276495,54.0,1011.0,0.0414697585815291,0.3748561339328951,0.02693164380502082,0.7329376854599406,0.002967359050445104,0.3501984126984127,0.002976190476190494,0.21428571428571427
dt19,dt19_node_18,100.0,0.0613577392816675,0.1033545009801629,6.0,0.1111111111111111,0.3333333333333333,0.029069279184573346,0.022617917274587757,54.0,1011.0,0.0414697585815291,0.3748561339328951,0.02693164380502082,0.7329376854599406,0.00033101621979476995,0.42078529213477617,0.00935259319222419,0.23221361048368444
dt19,dt19_node_19,21.0,0.00197202173155301,0.06889691185317118,11.0,0.2037037037037037,0.09090909090909091,0.03125815503348005,0.00505748540295725,54.0,1011.0,0.0414697585815291,0.3748561339328951,0.02693164380502082,0.7329376854599406,0.06564157899469471,0.3600428080921971,0.012634500784647631,0.15236665498230612
dt19,dt19_node_20,94.0,0.0197449725826162,0.08666986270423437,3.0,0.05555555555555555,0.3333333333333333,0.07613420133686365,0.012532534992977351,54.0,1011.0,0.0414697585815291,0.3748561339328951,0.02693164380502082,0.7329376854599406,0.006923837784371909,0.3411753539349978,0.02089768853849149,0.11088731029383848
dt19,dt19_node_21,100.0,0.0405753941881954,0.12215636530289023,2.0,0.037037037037037035,0.0,0.0718673176766203,0.004342254108257004,54.0,1011.0,0.0414697585815291,0.3748561339328951,0.02693164380502082,0.7329376854599406,0.16963402571711178,0.3727996529196799,0.0060331858538116845,0.1317365269461078
dt19,dt19_node_22,100.0,0.0756502355075504,0.1572312066222452,11.0,0.2037037037037037,0.09090909090909091,0.02099852099170715,0.0018535158797028488,54.0,1011.0,0.0414697585815291,0.3748561339328951,0.02693164380502082,0.7329376854599406,0.07274525672151787,0.38206572208554107,0.004406577201030613,0.034253002658271275
dt19,dt19_node_23,100.0,0.0689574817534857,0.14948759741166834,3.0,0.05555555555555555,0.3333333333333333,0.019843780715396102,0.0006028983264427992,54.0,1011.0,0.0414697585815291,0.3748561339328951,0.02693164380502082,0.7329376854599406,0.009231783712495879,0.3574388072336882,0.004478270795994482,0.03246989121695933
dt19,dt19_node_24,100.0,0.103046581540557,0.16496986044743825,2.0,0.037037037037037035,0.0,0.00289637402168687,0.00289637402168687,54.0,1011.0,0.0414697585815291,0.3748561339328951,0.02693164380502082,0.7329376854599406,0.03560830860534125,0.3701172091024292,0.0037700312536538827,0.004259850905218318
dt19,dt19_node_25,100.0,0.123336012765453,0.18525929167233424,3.0,0.05555555555555555,0.3333333333333333,0.001548700039164325,0.000907027835695475,54.0,1011.0,0.0414697585815291,0.3748561339328951,0.02693164380502082,0.7329376854599406,0.01714474118034949,0.39315852895561526,0.0008506879375558254,0.002728170768371773
dt19,dt19_node_26,100.0,0.0516871964591611,0.155041697439324,2.0,0.037037037037037035,0.0,0.031259428511701146,0.003750858292591048,54.0,1011.0,0.0414697585815291,0.3748561339328951,0.02693164380502082,0.7329376854599406,0.0,0.4198813056379822,0.009396636993076163,0.06033630069238378
dt19,dt19_node_27,60.67,0.00645136190998559,0.10980586289014849,4.0,0.07407407407407407,0.5,0.047647777794185955,0.03726703596927566,54.0,1011.0,0.0414697585815291,0.3748561339328951,0.02693164380502082,0.7329376854599406,0.0004965243296921549,0.4212372853831732,0.009297591733844,0.2750338318299699
dt19,dt19_node_28,100.0,0.0363156404364373,0.10521255228960848,6.0,0.1111111111111111,0.3333333333333333,0.041829839465360154,0.024306433137060653,54.0,1011.0,0.0414697585815291,0.3748561339328951,0.02693164380502082,0.7329376854599406,0.062149686778766894,0.3699154813431815,0.008242554634500854,0.11218768671799664
dt19,dt19_node_29,99.0,0.0262006696305228,0.09509758148369397,5.0,0.09259259259259259,0.6,0.05371338407018075,0.03020263850245275,54.0,1011.0,0.0414697585815291,0.3748561339328951,0.02693164380502082,0.7329376854599406,0.0698318496538081,0.34819560019101586,0.003512797501713679,0.10056993312603754
dt19,dt19_node_30,100.0,0.0636016663438863,0.15027152904812066,2.0,0.037037037037037035,0.0,0.01611793105801455,0.0008948236603690506,54.0,1011.0,0.0414697585815291,0.3748561339328951,0.02693164380502082,0.7329376854599406,0.0,0.3264094955489614,0.0009891196834816984,0.03165182987141444
dt19,dt19_node_31,100.0,0.02285203687141,0.1800832434936552,5.0,0.09259259259259259,0.6,0.000947166522026775,0.000301315085956445,54.0,1011.0,0.0414697585815291,0.3748561339328951,0.02693164380502082,0.7329376854599406,0.08288822947576657,0.3849069384367517,0.003309776507127476,0.009940956606710103
dt19,dt19_node_32,100.0,0.0191450051120043,0.1763762117342495,6.0,0.1111111111111111,0.3333333333333333,0.001710991722477535,0.00013808319922558503,54.0,1011.0,0.0414697585815291,0.3748561339328951,0.02693164380502082,0.7329376854599406,0.06429277942631058,0.3796980417928655,0.003760009634241301,0.011790372042026879
dt19,dt19_node_33,100.0,0.0192408823889533,0.16872847980062164,2.0,0.037037037037037035,0.0,0.005118244885936745,0.001677732199144055,54.0,1011.0,0.0414697585815291,0.3748561339328951,0.02693164380502082,0.7329376854599406,0.013847675568743818,0.36058946703253025,0.0005499022451909974,0.01017293997965412
dt19,dt19_node_34,89.33,0.0024557278748598,0.18771501954719402,2.0,0.037037037037037035,0.0,0.00064597582492483,0.00064597582492483,54.0,1011.0,0.0414697585815291,0.3748561339328951,0.02693164380502082,0.7329376854599406,0.00791295746785361,0.39281471651034594,0.0008549175153711175,0.0010050251256281408
dt19,dt19_node_35,72.33000000000001,0.0103807418249103,0.12018660471505879,3.0,0.05555555555555555,0.3333333333333333,0.067544342027271,0.003762754851095104,54.0,1011.0,0.0414697585815291,0.3748561339328951,0.02693164380502082,0.7329376854599406,0.0006620324395895399,0.41591941381126024,0.0014633012372326194,0.3058840318683536
dt19,dt19_node_36,98.33,0.0175234063282995,0.12273595861790798,4.0,0.07407407407407407,0.0,0.037282476799782346,0.013508148272453448,54.0,1011.0,0.0414697585815291,0.3748561339328951,0.02693164380502082,0.7329376854599406,0.08803165182987141,0.36472792684868627,0.004313828724376011,0.08308956819212403
dt19,dt19_node_37,100.0,0.0661362726024208,0.1713488248920293,2.0,0.037037037037037035,0.0,0.0185785932100928,0.002001365561146001,54.0,1011.0,0.0414697585815291,0.3748561339328951,0.02693164380502082,0.7329376854599406,0.010385756676557865,0.3802905903321717,0.0022663967837846244,0.036290322580645164
dt19,dt19_node_38,99.33,0.023510745567728,0.11860832705142198,4.0,0.07407407407407407,0.0,0.048051626180445256,0.0014132687945415494,54.0,1011.0,0.0414697585815291,0.3748561339328951,0.02693164380502082,0.7329376854599406,0.002472799208704253,0.3487924044303866,0.0036937523413735894,0.07105966898251764
dt19,dt19_node_39,25.0,0.00064585143607033,0.18072909492972553,4.0,0.07407407407407407,0.5,0.004043385566260105,0.003002016781083645,54.0,1011.0,0.0414697585815291,0.3748561339328951,0.02693164380502082,0.7329376854599406,0.009643916913946587,0.38327313421868137,0.0005888077309219728,0.01128564083157442
dt19,dt19_node_40,53.33,0.00157290852325195,0.17794912025750145,2.0,0.037037037037037035,0.0,0.006799123007279165,0.002356920360276105,54.0,1011.0,0.0414697585815291,0.3748561339328951,0.02693164380502082,0.7329376854599406,0.16963402571711178,0.3835193115253173,0.002708233384862313,0.01347305389221557
dt19,dt19_node_41,44.67,0.00184907492170312,0.1782252866559526,4.0,0.07407407407407407,0.5,0.0039681771037334,0.00218014242130144,54.0,1011.0,0.0414697585815291,0.3748561339328951,0.02693164380502082,0.7329376854599406,0.01162215628090999,0.3777874069266396,0.0025666452549632287,0.007396963898156486
dt19,dt19_node_42,100.0,0.0637815871761759,0.1839681918912347,2.0,0.037037037037037035,0.0,0.0035021936424504997,0.00035962223666677015,54.0,1011.0,0.0414697585815291,0.3748561339328951,0.02693164380502082,0.7329376854599406,0.0009930486593843098,0.4156694273439922,0.0017390790852857552,0.3592039800995025
dt19,dt19_node_43,100.0,0.0237743285273289,0.1465102871452369,2.0,0.037037037037037035,0.0,0.03620468973361155,0.0008018266413283501,54.0,1011.0,0.0414697585815291,0.3748561339328951,0.02693164380502082,0.7329376854599406,0.17210682492581603,0.3689774471760857,0.00095331444607058,0.0693815987933635
dt19,dt19_node_44,100.0,0.0507906250722358,0.1735265836901438,2.0,0.037037037037037035,0.0,0.002999958204412945,0.00019608434880187499,54.0,1011.0,0.0414697585815291,0.3748561339328951,0.02693164380502082,0.7329376854599406,0.003956478733926805,0.3604784065212868,0.00043884173394750925,0.005982053838484547
dt19,dt19_node_45,100.0,0.0466383573859037,0.16524668443732568,2.0,0.037037037037037035,0.0,0.009496594441829745,0.0013363970600538556,54.0,1011.0,0.0414697585815291,0.3748561339328951,0.02693164380502082,0.7329376854599406,0.0,0.3486646884272997,0.004451038575667643,0.018793273986152326
dt19,dt19_node_46,100.0,0.0494648949749868,0.1680732220264088,2.0,0.037037037037037035,0.0,0.00200293527956852,0.00015421677738169004,54.0,1011.0,0.0414697585815291,0.3748561339328951,0.02693164380502082,0.7329376854599406,0.004945598417408506,0.34892012043347354,0.002728231214878113,0.003996003996003996
dt19,dt19_node_47,20.330000000000002,0.00104136878517646,0.181770463714902,3.0,0.05555555555555555,0.3333333333333333,0.00125943279715599,5.213026913503994e-05,54.0,1011.0,0.0414697585815291,0.3748561339328951,0.02693164380502082,0.7329376854599406,0.012858555885262116,0.38343440645576904,0.0005985185495623936,0.009145826593500054
dt19,dt19_node_48,50.67,0.00178803468243196,0.18001332133838457,3.0,0.05555555555555555,0.3333333333333333,0.00229174963417352,0.00119914502476325,54.0,1011.0,0.0414697585815291,0.3748561339328951,0.02693164380502082,0.7329376854599406,0.009561490273656445,0.3764926419310548,0.0014414893610200873,0.004371459225450742
dt19,dt19_node_49,28.67,0.00131156306629103,0.183082026781193,2.0,0.037037037037037035,0.0,0.005660251610422835,0.0030406068650346146,54.0,1011.0,0.0414697585815291,0.3748561339328951,0.02693164380502082,0.7329376854599406,0.019287833827893175,0.3837569509299444,0.0004745859962033139,0.011213047910295617
dt19,dt19_node_50,76.33,0.00109260460941027,0.18110592594779484,2.0,0.037037037037037035,0.0,0.0009974550559541874,0.00038737390252022245,54.0,1011.0,0.0414697585815291,0.3748561339328951,0.02693164380502082,0.7329376854599406,0.0034619188921859545,0.37717576774996947,0.0013102880269229567,0.00199203187250996
dt2,dt2_node_0,78.67,0.00257060875503375,0.00257060875503375,51.0,0.7846153846153846,0.49019607843137253,0.00977157598009251,0.0004182682132570902,65.0,985.0,0.004388910581803984,0.3277942345053575,0.004495024272859002,0.16040609137055836,0.004757639096247637,0.32784445486356306,0.002011813981087495,0.018934102836919348
dt2,dt2_node_1,100.0,0.0139153481969686,0.0139153481969686,12.0,0.18461538461538463,0.8333333333333334,0.000697574543940958,0.000319358165998162,65.0,985.0,0.004388910581803984,0.3277942345053575,0.004495024272859002,0.16040609137055836,0.0030456852791878176,0.33121181262729127,0.001185016975879917,0.0033481454051718816
dt2,dt2_node_2,100.0,0.0777270165360337,0.0777270165360337,2.0,0.03076923076923077,0.0,0.0003974201597084025,8.91551431720365e-05,65.0,985.0,0.004388910581803984,0.3277942345053575,0.004495024272859002,0.16040609137055836,0.003045685279187817,0.3060081466395112,0.0005091649694500822,0.0010183299389002036
dt2,dt2_node_3,100.0,0.0101898441933496,0.01276045294838335,38.0,0.5846153846153846,0.5789473684210527,0.0018589489995726421,0.001699296522780848,65.0,985.0,0.004388910581803984,0.3277942345053575,0.004495024272859002,0.16040609137055836,0.004728827144002136,0.3270585962150124,0.001486195464388322,0.010034875880729684
dt2,dt2_node_4,100.0,0.00935330776683542,0.011923916521869169,13.0,0.2,0.23076923076923078,0.0008013481757599111,0.000157589590057333,65.0,985.0,0.004388910581803984,0.3277942345053575,0.004495024272859002,0.16040609137055836,0.004841858648965248,0.33014158014394224,0.0015296465557954456,0.003846001757924584
dt2,dt2_node_5,29.67,0.000378216377942796,0.014293564574911396,11.0,0.16923076923076924,0.8181818181818182,0.000397377793401732,0.000252074852928598,65.0,985.0,0.004388910581803984,0.3277942345053575,0.004495024272859002,0.16040609137055836,0.0030456852791878176,0.3310498055915571,0.001103163792613679,0.0032956859840770226
dt2,dt2_node_6,33.33,0.000159652476791794,0.012920105425175143,30.0,0.46153846153846156,0.26666666666666666,0.0023802286966208798,2.753833952130096e-06,65.0,985.0,0.004388910581803984,0.3277942345053575,0.004495024272859002,0.16040609137055836,0.004162436548223351,0.32718222497937294,0.0013786987590705204,0.00782664315150861
dt2,dt2_node_7,89.0,0.00355824552235349,0.016318698470736838,8.0,0.12307692307692308,0.75,0.0015031065036321001,0.00131473116834063,65.0,985.0,0.004388910581803984,0.3277942345053575,0.004495024272859002,0.16040609137055836,0.006852791878172589,0.3265949883486602,0.0017582390408749104,0.005429477867612817
dt2,dt2_node_8,51.67,0.000643758585702578,0.012567675107571747,5.0,0.07692307692307693,0.6,0.0007993327557230556,0.00022961083180962454,65.0,985.0,0.004388910581803984,0.3277942345053575,0.004495024272859002,0.16040609137055836,0.0040609137055837565,0.328644240570846,0.000815494393476035,0.0038735983690112137
dt2,dt2_node_9,57.99999999999999,0.000958937765817244,0.012882854287686414,8.0,0.12307692307692308,0.75,0.0007981741886576095,0.0005034312645039105,65.0,985.0,0.004388910581803984,0.3277942345053575,0.004495024272859002,0.16040609137055836,0.00532994923857868,0.33107741737712737,0.0010533296304256878,0.0020417354481357354
dt2,dt2_node_10,16.33,0.000145302940473134,0.01443886751538453,10.0,0.15384615384615385,0.4,0.000599144093961694,0.000174621161917233,65.0,985.0,0.004388910581803984,0.3277942345053575,0.004495024272859002,0.16040609137055836,0.003045685279187817,0.33105906313645617,0.0011566004777597272,0.003394433129667345
dt2,dt2_node_11,77.33,0.00237747486266875,0.015297580287843893,19.0,0.2923076923076923,0.8947368421052632,0.00226589452060538,0.00082488141709828,65.0,985.0,0.004388910581803984,0.3277942345053575,0.004495024272859002,0.16040609137055836,0.004808976756612343,0.32735493342760885,0.001391945608763498,0.004048852408595699
dt2,dt2_node_12,88.67,0.00238298253057301,0.015303087955748152,11.0,0.16923076923076924,0.45454545454545453,0.00039860229963884777,0.0003270071593787972,65.0,985.0,0.004388910581803984,0.3277942345053575,0.004495024272859002,0.16040609137055836,0.0030456852791878176,0.3268839103869654,0.0013026520347593276,0.002703203110535086
dt2,dt2_node_13,27.0,0.00018837533529147,0.016507073806028307,7.0,0.1076923076923077,0.42857142857142855,0.0016271245763961515,0.0008840765751392385,65.0,985.0,0.004388910581803984,0.3277942345053575,0.004495024272859002,0.16040609137055836,0.00725163161711385,0.32636048763073905,0.001758723698893386,0.004898457257362102
dt2,dt2_node_14,39.33,0.000569721923913431,0.013137397031485178,4.0,0.06153846153846154,0.5,0.001596717666246529,0.0012646717417574712,65.0,985.0,0.004388910581803984,0.3277942345053575,0.004495024272859002,0.16040609137055836,0.0040609137055837565,0.32874617737003053,0.0008827985767425364,0.0037376826367652057
dt2,dt2_node_15,37.330000000000005,0.000294742924153699,0.013177597211840112,7.0,0.1076923076923077,0.7142857142857143,0.000398768373922712,4.8506332273628994e-05,65.0,985.0,0.004388910581803984,0.3277942345053575,0.004495024272859002,0.16040609137055836,0.005511240029006527,0.3309007676679329,0.0010091396460201135,0.0017504874504657196
dt2,dt2_node_16,46.67,0.000773765255878927,0.015212632771263456,3.0,0.046153846153846156,0.3333333333333333,0.0003978386788432975,0.00013836500239995049,65.0,985.0,0.004388910581803984,0.3277942345053575,0.004495024272859002,0.16040609137055836,0.0030456852791878168,0.33163611676849963,0.00048004533685441867,0.0013577732518669382
dt2,dt2_node_17,11.33,0.000424522932044461,0.01486339044742899,7.0,0.1076923076923077,0.7142857142857143,0.0011964248317620435,0.0009158017034011866,65.0,985.0,0.004388910581803984,0.3277942345053575,0.004495024272859002,0.16040609137055836,0.0030456852791878176,0.33081175443700905,0.0012682277985279792,0.0034914169333721268
dt2,dt2_node_18,68.33,0.0014410131035071,0.016738593391350993,18.0,0.27692307692307694,0.2222222222222222,0.0007162588704448325,0.00039536817698731754,65.0,985.0,0.004388910581803984,0.3277942345053575,0.004495024272859002,0.16040609137055836,0.00485053581500282,0.32758911565053805,0.0010015823521926104,0.0035582713069962873
dt2,dt2_node_19,70.67,7.15951402600506e-05,0.015374683096008203,3.0,0.046153846153846156,0.3333333333333333,0.00039766080761806735,0.00039687964543176364,65.0,985.0,0.004388910581803984,0.3277942345053575,0.004495024272859002,0.16040609137055836,0.0030456852791878168,0.3265444670739987,0.0009600906737088112,0.002036659877800407
dt2,dt2_node_20,63.33,0.000725609459017645,0.016028697414765796,8.0,0.12307692307692308,0.25,0.0001992082103963663,0.0001391750367589437,65.0,985.0,0.004388910581803984,0.3277942345053575,0.004495024272859002,0.16040609137055836,0.003045685279187817,0.3270112016293279,0.0013885835176471108,0.002145766656968286
dt2,dt2_node_21,96.33,0.00251120115153539,0.019018274957563697,2.0,0.03076923076923077,0.0,0.000812716285765441,3.205109808999902e-05,65.0,985.0,0.004388910581803984,0.3277942345053575,0.004495024272859002,0.16040609137055836,0.013705583756345178,0.32628040884921616,0.001956084524891849,0.002079002079002079
dt2,dt2_node_22,43.0,0.000743048001256913,0.01725012180728522,5.0,0.07692307692307693,0.2,0.0012004662800058682,0.0008538637523751721,65.0,985.0,0.004388910581803984,0.3277942345053575,0.004495024272859002,0.16040609137055836,0.00467005076142132,0.3263925191433482,0.0016722006276043175,0.0030650267442298125
dt2,dt2_node_23,38.0,0.000332045924489058,0.013469442955974235,3.0,0.046153846153846156,0.3333333333333333,0.0003980666613966961,0.00038929594782871987,65.0,985.0,0.004388910581803984,0.3277942345053575,0.004495024272859002,0.16040609137055836,0.0040609137055837565,0.32857628270472305,0.0009610693594108582,0.0020387359836901123
dt2,dt2_node_24,37.669999999999995,0.000350262041649083,0.013527859253489195,6.0,0.09230769230769231,0.6666666666666666,0.00039806955926321877,0.00037924751333089026,65.0,985.0,0.004388910581803984,0.3277942345053575,0.004495024272859002,0.16040609137055836,0.005752961082910322,0.33100502405295534,0.0010545161003854885,0.0017024460282616537
dt2,dt2_node_25,37.330000000000005,0.000259473676443347,0.015472106447706803,2.0,0.03076923076923077,0.0,0.0004122257568163545,0.0004122257568163545,65.0,985.0,0.004388910581803984,0.3277942345053575,0.004495024272859002,0.16040609137055836,0.003045685279187817,0.33146639511201625,0.0005091649694501099,0.0010183299389002036
dt2,dt2_node_26,14.000000000000002,0.000280623128360857,0.015144013575789848,6.0,0.09230769230769231,0.6666666666666666,0.00039782594989392803,0.000207058791552038,65.0,985.0,0.004388910581803984,0.3277942345053575,0.004495024272859002,0.16040609137055836,0.0030456852791878176,0.3307875084860828,0.0013683397400370903,0.0027834351663272236
dt2,dt2_node_27,64.33,0.00111162704743215,0.017850220438783142,11.0,0.16923076923076924,0.6363636363636364,0.0003577121001145725,0.00014961536086593248,65.0,985.0,0.004388910581803984,0.3277942345053575,0.004495024272859002,0.16040609137055836,0.004430087678818643,0.3279876033014737,0.0007801497117306947,0.0027089939140496457
dt2,dt2_node_28,52.33,0.000320890693457515,0.017059484084808507,7.0,0.1076923076923077,0.14285714285714285,0.00020075681643526378,0.0001911795439232512,65.0,985.0,0.004388910581803984,0.3277942345053575,0.004495024272859002,0.16040609137055836,0.005511240029006527,0.32696292077049643,0.0009907056479539706,0.0019476522466913533
dt2,dt2_node_29,35.67,7.81162186303732e-07,0.015375464258194508,2.0,0.03076923076923077,0.0,0.0007954160741713615,6.508889980825485e-07,65.0,985.0,0.004388910581803984,0.3277942345053575,0.004495024272859002,0.16040609137055836,0.003045685279187817,0.3268839103869654,0.001018329938900192,0.002036659877800407
dt2,dt2_node_30,28.999999999999996,6.00331736374226e-05,0.016088730588403218,3.0,0.046153846153846156,0.3333333333333333,0.00039766080761806724,0.00038434860963350873,65.0,985.0,0.004388910581803984,0.3277942345053575,0.004495024272859002,0.16040609137055836,0.0030456852791878168,0.32858112695179903,0.00048004533685441867,0.0013577732518669382
dt2,dt2_node_31,40.33,0.00033838324715531,0.016367080661921107,5.0,0.07692307692307693,0.2,0.000398416925576542,3.151581523528e-05,65.0,985.0,0.004388910581803984,0.3277942345053575,0.004495024272859002,0.16040609137055836,0.003045685279187817,0.32606924643584523,0.0007620483476118128,0.0018329938900203662
dt2,dt2_node_32,95.33,0.00205433003238104,0.01930445183966626,2.0,0.03076923076923077,0.0,0.00040073437287256386,0.00036126480019874416,65.0,985.0,0.004388910581803984,0.3277942345053575,0.004495024272859002,0.16040609137055836,0.007106598984771574,0.3246371023390223,0.0012284781090428631,0.001026694045174538
dt2,dt2_node_33,45.0,0.000346602527630696,0.01759672433491592,3.0,0.046153846153846156,0.3333333333333333,0.00039790951327679997,9.353125335931201e-05,65.0,985.0,0.004388910581803984,0.3277942345053575,0.004495024272859002,0.16040609137055836,0.0030456852791878168,0.32756279701289887,0.00048004533685439254,0.0013577732518669382
dt2,dt2_node_34,68.0,0.000787362609225416,0.014256805565199652,2.0,0.03076923076923077,0.0,0.0007968459445452166,2.6117048285585526e-05,65.0,985.0,0.004388910581803984,0.3277942345053575,0.004495024272859002,0.16040609137055836,0.0040609137055837565,0.32823649337410804,0.0010193679918450438,0.0020387359836901123
dt2,dt2_node_35,28.67,1.88220459323285e-05,0.013546681299421524,5.0,0.07692307692307693,0.6,0.0003981555173531585,0.0003681602916642605,65.0,985.0,0.004388910581803984,0.3277942345053575,0.004495024272859002,0.16040609137055836,0.006091370558375634,0.3311509829919868,0.001098444798734816,0.0016351880371759623
dt2,dt2_node_36,18.33,0.000604884741445966,0.015748898317235815,5.0,0.07692307692307693,0.6,1.40545022109759e-05,1.40545022109759e-05,65.0,985.0,0.004388910581803984,0.3277942345053575,0.004495024272859002,0.16040609137055836,0.003045685279187817,0.3307535641547862,0.0014966332440630396,0.0028513238289205696
dt2,dt2_node_37,34.67,0.00020809673924864,0.01805831717803178,9.0,0.13846153846153847,0.7777777777777778,0.0003883145117483791,0.0002980417968885179,65.0,985.0,0.004388910581803984,0.3277942345053575,0.004495024272859002,0.16040609137055836,0.004512126339537507,0.3280455575066488,0.0008171195070030268,0.0026652769039592593
dt2,dt2_node_38,60.67,0.000507327460980505,0.018357547899763647,2.0,0.03076923076923077,0.0,0.000398874208455324,0.000398874208455324,65.0,985.0,0.004388910581803984,0.3277942345053575,0.004495024272859002,0.16040609137055836,0.0040609137055837565,0.32772680937818555,0.0005096839959225219,0.0010193679918450561
dt2,dt2_node_39,51.0,9.57727251201257e-06,0.01706906135732052,3.0,0.046153846153846156,0.3333333333333333,1.344297076587365e-06,1.344297076587365e-06,65.0,985.0,0.004388910581803984,0.3277942345053575,0.004495024272859002,0.16040609137055836,0.0040609137055837565,0.327896704043493,0.00048053467970542917,0.0013591573224600749
dt2,dt2_node_40,38.67,0.000391936360358515,0.017451420445167024,4.0,0.06153846153846154,0.0,0.0003998508795264035,1.7950134569660485e-05,65.0,985.0,0.004388910581803984,0.3277942345053575,0.004495024272859002,0.16040609137055836,0.006598984771573605,0.326262583315749,0.0006324553790867802,0.0017059454034482142
dt2,dt2_node_41,18.33,1.33121979845585e-05,0.016102042786387775,2.0,0.03076923076923077,0.0,0.0003974201597084019,0.00038901403576719706,65.0,985.0,0.004388910581803984,0.3277942345053575,0.004495024272859002,0.16040609137055836,0.003045685279187817,0.32841140529531565,0.0005091649694501099,0.0010183299389002036
dt2,dt2_node_42,42.33,0.000366901110341262,0.01673398177226237,2.0,0.03076923076923077,0.0,0.00039777558774059524,0.0003941902631003917,65.0,985.0,0.004388910581803984,0.3277942345053575,0.004495024272859002,0.16040609137055836,0.003045685279187817,0.3263747454175153,0.0005091649694501099,0.0010183299389002036
dt2,dt2_node_43,52.33,0.000429932740811822,0.01679701340273293,3.0,0.046153846153846156,0.3333333333333333,0.00039773164210651956,0.0002588216452758845,65.0,985.0,0.004388910581803984,0.3277942345053575,0.004495024272859002,0.16040609137055836,0.0030456852791878168,0.3258655804480652,0.0008314629133683696,0.0013577732518669382
dt2,dt2_node_44,75.33,0.000491440766636112,0.01808816510155203,2.0,0.03076923076923077,0.0,0.0004047500427639315,0.0004047500427639315,65.0,985.0,0.004388910581803984,0.3277942345053575,0.004495024272859002,0.16040609137055836,0.003045685279187817,0.32790224032586557,0.0,0.0010183299389002036
dt2,dt2_node_45,30.0,2.9995225688898e-05,0.013576676525110421,4.0,0.06153846153846154,0.5,0.0003980782528551081,0.00037173364173106793,65.0,985.0,0.004388910581803984,0.3277942345053575,0.004495024272859002,0.16040609137055836,0.006598984771573604,0.33136992140053395,0.001126301951586992,0.0015343010505474248
dt2,dt2_node_46,48.0,2.81090044219518e-05,0.015777007321657766,4.0,0.06153846153846154,0.5,0.00039721718866178216,0.00038675405002014374,65.0,985.0,0.004388910581803984,0.3277942345053575,0.004495024272859002,0.16040609137055836,0.003045685279187817,0.3304480651731161,0.0015274949083503065,0.003394433129667345
dt2,dt2_node_47,18.33,9.02727148598612e-05,0.018148589892891642,8.0,0.12307692307692308,0.5,0.000400308982844657,0.000376621447557915,65.0,985.0,0.004388910581803984,0.3277942345053575,0.004495024272859002,0.16040609137055836,0.004568527918781725,0.32814911152219706,0.0008090945047335385,0.002734474387540787
dt2,dt2_node_48,42.33,2.68859415317473e-06,0.017071749951473696,2.0,0.03076923076923077,0.0,0.0007969405961243731,1.4728064894389543e-06,65.0,985.0,0.004388910581803984,0.3277942345053575,0.004495024272859002,0.16040609137055836,0.0040609137055837565,0.32823649337410804,0.0,0.0020387359836901123
dt2,dt2_node_49,47.67,0.000417801014096064,0.017869221459263087,2.0,0.03076923076923077,0.0,0.0004022886305324823,0.0003282269213839658,65.0,985.0,0.004388910581803984,0.3277942345053575,0.004495024272859002,0.16040609137055836,0.009137055837563452,0.3258177252451575,0.0003800321452604727,0.0010298661174047373
dt2,dt2_node_50,35.67,0.000381900744956743,0.017833321190123767,2.0,0.03076923076923077,0.0,0.0003978728290354553,0.00036931522981408573,65.0,985.0,0.004388910581803984,0.3277942345053575,0.004495024272859002,0.16040609137055836,0.0040609137055837565,0.32670744138634045,0.0005096839959225219,0.0010193679918450561
dt2,dt2_node_51,59.67,0.000656553287382404,0.017453566690115333,2.0,0.03076923076923077,0.0,0.00039742015970840145,0.00037248772167228553,65.0,985.0,0.004388910581803984,0.3277942345053575,0.004495024272859002,0.16040609137055836,0.003045685279187817,0.32535641547861505,0.0005091649694501099,0.0010183299389002036
dt2,dt2_node_52,28.67,2.63446111240402e-05,0.013603021136234461,3.0,0.046153846153846156,0.3333333333333333,0.0003983126768350047,0.0003490504205654333,65.0,985.0,0.004388910581803984,0.3277942345053575,0.004495024272859002,0.16040609137055836,0.007445008460236887,0.3310552400868825,0.001138117216379444,0.0013661560728331957
dt2,dt2_node_53,39.33,1.04631386416384e-05,0.015787470460299404,3.0,0.046153846153846156,0.3333333333333333,0.0015940503281134401,1.3422561674129971e-05,65.0,985.0,0.004388910581803984,0.3277942345053575,0.004495024272859002,0.16040609137055836,0.0030456852791878168,0.3295994568906993,0.00048004533685441867,0.0033944331296673455
dt2,dt2_node_54,15.0,2.3687535286742e-05,0.018172277428178386,6.0,0.09230769230769231,0.6666666666666666,0.0003979055779190574,0.00039319914018267363,65.0,985.0,0.004388910581803984,0.3277942345053575,0.004495024272859002,0.16040609137055836,0.0040609137055837565,0.3280665987088005,0.0009149107725338838,0.002378525314305131
dt2,dt2_node_55,69.33,0.000776930430402572,0.018925520323294216,2.0,0.03076923076923077,0.0,0.000800042143666245,0.000800042143666245,65.0,985.0,0.004388910581803984,0.3277942345053575,0.004495024272859002,0.16040609137055836,0.006091370558375634,0.3283966499623867,0.00016015658827864265,0.0020470829068577278
dt2,dt2_node_56,41.67,4.92622562695714e-05,0.013652283392504032,2.0,0.03076923076923077,0.0,0.0004022886305324837,0.0003158732831444523,65.0,985.0,0.004388910581803984,0.3277942345053575,0.004495024272859002,0.16040609137055836,0.009137055837563452,0.33042587745957963,0.0008687198900636239,0.0010298661174047373
dt2,dt2_node_57,83.33,0.00158062776643931,0.017368098226738713,2.0,0.03076923076923077,0.0,0.0004021956876532905,0.0004021956876532905,65.0,985.0,0.004388910581803984,0.3277942345053575,0.004495024272859002,0.16040609137055836,0.003045685279187817,0.3294297352342159,0.0005091649694501099,0.0010183299389002036
dt2,dt2_node_58,13.669999999999998,4.70643773638375e-06,0.018176983865914768,5.0,0.07692307692307693,0.6,0.0011959419921873545,0.0011952620960564854,65.0,985.0,0.004388910581803984,0.3277942345053575,0.004495024272859002,0.16040609137055836,0.0040609137055837565,0.32823649337410804,0.0009117504495411877,0.0024464831804281344
dt2,dt2_node_59,9.67,6.79896130868904e-07,0.018177663762045635,4.0,0.06153846153846154,0.5,3.02046899574622e-07,3.02046899574622e-07,65.0,985.0,0.004388910581803984,0.3277942345053575,0.004495024272859002,0.16040609137055836,0.0040609137055837565,0.3284913353720693,0.0008452152880620183,0.0015290519877675841
dt2,dt2_node_60,4.0,6.04093799149244e-07,0.018178267855844785,3.0,0.046153846153846156,0.3333333333333333,0.0003980666614043755,0.0003977370583068795,65.0,985.0,0.004388910581803984,0.3277942345053575,0.004495024272859002,0.16040609137055836,0.0040609137055837565,0.32857628270472305,0.0009610693594108583,0.0020387359836901123
dt2,dt2_node_61,18.67,3.29603097495965e-07,0.01817859745894228,2.0,0.03076923076923077,0.0,0.000796322626157046,0.0,65.0,985.0,0.004388910581803984,0.3277942345053575,0.004495024272859002,0.16040609137055836,0.0040609137055837565,0.3292558613659531,0.0,0.0020387359836901123
dt20,dt20_node_0,27.67,0.00168716484757918,0.00168716484757918,36.0,0.5294117647058824,0.9444444444444444,0.035841580113213985,0.030449946219427416,68.0,684.0,0.0,0.2740368077055384,0.007281430263964614,0.3362573099415205,0.0,0.2696150097465887,0.004068179302403505,0.04753550543024227
dt20,dt20_node_1,100.0,0.0258817269012725,0.0258817269012725,31.0,0.45588235294117646,0.8064516129032258,0.03337228404157927,0.02946251874257673,68.0,684.0,0.0,0.2740368077055384,0.007281430263964614,0.3362573099415205,0.0,0.27942840973401245,0.0065775526774612915,0.07019744702257437
dt20,dt20_node_2,46.0,0.00539163389378657,0.00707879874136575,35.0,0.5147058823529411,0.02857142857142857,0.00579022050799875,0.0027362703017105,68.0,684.0,0.0,0.2740368077055384,0.007281430263964614,0.3362573099415205,0.0,0.2691729323308271,0.003160280755117413,0.0448719838812718
dt20,dt20_node_3,100.0,0.062834802784156,0.0887165296854285,3.0,0.04411764705882353,0.3333333333333333,3.532480538937125e-05,3.532480538937125e-05,68.0,684.0,0.0,0.2740368077055384,0.007281430263964614,0.3362573099415205,0.0,0.2768031189083821,0.0006891878958933146,0.0009746588693957114
dt20,dt20_node_4,54.0,0.00390976529900254,0.02979149220027504,28.0,0.4117647058823529,0.21428571428571427,0.01019583582647385,0.00436761124320145,68.0,684.0,0.0,0.2740368077055384,0.007281430263964614,0.3362573099415205,0.0,0.2797096908939015,0.0068579293152362065,0.06399873139639221
dt20,dt20_node_5,93.33,0.00852649080970925,0.015605289551075,18.0,0.2647058823529412,0.7777777777777778,0.016008931351853006,0.011890113554562296,68.0,684.0,0.0,0.2740368077055384,0.007281430263964614,0.3362573099415205,0.0,0.26916829109811563,0.0026642656703795807,0.026143790849673203
dt20,dt20_node_6,38.33,0.00305395020628825,0.010132748947654,17.0,0.25,0.7647058823529411,0.01483362168948653,0.008966064945537871,68.0,684.0,0.0,0.2740368077055384,0.007281430263964614,0.3362573099415205,0.0,0.2691778465772274,0.0036119711042311635,0.03771069831441348
dt20,dt20_node_7,100.0,7.06496107787425e-05,0.08878717929620723,2.0,0.029411764705882353,0.0,0.00080110450479637,0.00080110450479637,68.0,684.0,0.0,0.2740368077055384,0.007281430263964614,0.3362573099415205,0.0,0.277046783625731,0.0007309941520467766,0.0014619883040935672
dt20,dt20_node_8,54.33,0.0058282245832724,0.03561971678354744,11.0,0.16176470588235295,0.6363636363636364,0.019702380721226098,0.0039774414369189,68.0,684.0,0.0,0.2740368077055384,0.007281430263964614,0.3362573099415205,0.0,0.27485380116959063,0.0029239766081871395,0.028708133971291867
dt20,dt20_node_9,85.33,0.0145634470696753,0.044354939269950336,17.0,0.25,0.7647058823529411,0.013335950213825505,0.010887896614657095,68.0,684.0,0.0,0.2740368077055384,0.007281430263964614,0.3362573099415205,0.0,0.28285173718610257,0.006841135810578387,0.060403766769865835
dt20,dt20_node_10,66.33,0.00411881779729071,0.01972410734836571,16.0,0.23529411764705882,0.75,0.012181328030009625,0.009621417202144777,68.0,684.0,0.0,0.2740368077055384,0.007281430263964614,0.3362573099415205,0.0,0.26845760233918126,0.0018546950959598336,0.020796783625730994
dt20,dt20_node_11,100.0,0.0278990449064153,0.0435043344574903,2.0,0.029411764705882353,0.0,0.0007325419667073969,0.000456018401704503,68.0,684.0,0.0,0.2740368077055384,0.007281430263964614,0.3362573099415205,0.0,0.27485380116959063,0.0,0.0014619883040935672
dt20,dt20_node_12,99.67,0.0237996866350244,0.0339324355826784,2.0,0.029411764705882353,0.0,0.01830948906477735,0.00329817784638335,68.0,684.0,0.0,0.2740368077055384,0.007281430263964614,0.3362573099415205,0.0,0.2719298245614035,0.0014619883040935533,0.03508771929824561
dt20,dt20_node_13,66.67,0.00586755674394866,0.01600030569160266,15.0,0.22058823529411764,0.7333333333333333,0.00662270353714349,0.0055279562729736095,68.0,684.0,0.0,0.2740368077055384,0.007281430263964614,0.3362573099415205,0.0,0.2688109161793373,0.0036546458595034434,0.030785296574770256
dt20,dt20_node_14,93.67,0.0157249392843072,0.05134465606785464,9.0,0.1323529411764706,0.7777777777777778,0.01820308820395595,0.0018368455705493492,68.0,684.0,0.0,0.2740368077055384,0.007281430263964614,0.3362573099415205,0.0,0.2753411306042885,0.002841594490665359,0.009340480831708901
dt20,dt20_node_15,99.67,0.023679822158145,0.05929953894169244,2.0,0.029411764705882353,0.0,0.0158661104839758,0.0012204884692446002,68.0,684.0,0.0,0.2740368077055384,0.007281430263964614,0.3362573099415205,0.0,0.27266081871345027,0.00219298245614033,0.03070175438596491
dt20,dt20_node_16,100.0,0.0242238468284826,0.06857878609843293,2.0,0.029411764705882353,0.0,0.00817068779087601,0.0009413832852350301,68.0,684.0,0.0,0.2740368077055384,0.007281430263964614,0.3362573099415205,0.0,0.2748538011695907,0.0014619883040935813,0.01608187134502924
dt20,dt20_node_17,41.33,0.00244805359916841,0.046802992869118744,15.0,0.22058823529411764,0.7333333333333333,0.023698470245991594,0.019965543288353704,68.0,684.0,0.0,0.2740368077055384,0.007281430263964614,0.3362573099415205,0.0,0.2839181286549708,0.006564311204866576,0.05765803397382344
dt20,dt20_node_18,44.0,0.00255991082786485,0.02228401817623056,14.0,0.20588235294117646,0.42857142857142855,0.001387204022287725,0.00015116921871845507,68.0,684.0,0.0,0.2740368077055384,0.007281430263964614,0.3362573099415205,0.0,0.268483709273183,0.0019620190296633163,0.015937279095173833
dt20,dt20_node_19,100.0,0.0218027452321544,0.04152685258052011,2.0,0.029411764705882353,0.0,0.000767710884853955,0.000767710884853955,68.0,684.0,0.0,0.2740368077055384,0.007281430263964614,0.3362573099415205,0.0,0.26827485380116955,0.0007309941520467766,0.0014619883040935672
dt20,dt20_node_20,97.67,0.0121506598101171,0.02815096550171976,2.0,0.029411764705882353,0.0,0.01748167299759175,0.0005674743439026495,68.0,684.0,0.0,0.2740368077055384,0.007281430263964614,0.3362573099415205,0.0,0.26900584795321636,0.004385964912280688,0.033625730994152045
dt20,dt20_node_21,31.330000000000002,0.00109474726416988,0.01709505295577254,13.0,0.19117647058823528,0.38461538461538464,0.006450473950153661,0.00448834160329354,68.0,684.0,0.0,0.2740368077055384,0.007281430263964614,0.3362573099415205,0.0,0.2687809266756636,0.0035277523934678636,0.0258659469185785
dt20,dt20_node_22,100.0,0.0163662426334066,0.06771089870126124,8.0,0.11764705882352941,0.75,0.0021998204121581257,0.0013161110257515945,68.0,684.0,0.0,0.2740368077055384,0.007281430263964614,0.3362573099415205,0.0,0.2763157894736842,0.0007309941520467906,0.0014619883040935672
dt20,dt20_node_23,100.0,0.0436640135343453,0.09046700640346404,2.0,0.029411764705882353,0.0,0.0,0.0,68.0,684.0,0.0,0.2740368077055384,0.007281430263964614,0.3362573099415205,0.0,0.27485380116959063,0.0,0.0
dt20,dt20_node_24,40.67,0.00373292695763789,0.050535919826756634,13.0,0.19117647058823528,0.23076923076923078,0.00608426884964709,0.0017920989194741598,68.0,684.0,0.0,0.2740368077055384,0.007281430263964614,0.3362573099415205,0.0,0.28531264057579847,0.005927433177284957,0.05167566351776877
dt20,dt20_node_25,32.67,0.00123603480356927,0.02352005297979983,10.0,0.14705882352941177,0.8,0.0150339100315281,0.003975489144698499,68.0,684.0,0.0,0.2740368077055384,0.007281430263964614,0.3362573099415205,0.0,0.26915204678362575,0.0019005847953216398,0.0076348278102664055
dt20,dt20_node_26,24.67,0.00153837324100618,0.02382239141723674,4.0,0.058823529411764705,0.0,0.00937617485943722,0.00014938707335299985,68.0,684.0,0.0,0.2740368077055384,0.007281430263964614,0.3362573099415205,0.0,0.26681286549707606,0.0007309941520467766,0.014376218323586744
dt20,dt20_node_27,99.67,0.0109388155534472,0.02803386850921974,4.0,0.058823529411764705,0.0,0.00222270824466811,0.0015989274054618301,68.0,684.0,0.0,0.2740368077055384,0.007281430263964614,0.3362573099415205,0.0,0.26571637426900585,0.003165297528451904,0.008771929824561403
dt20,dt20_node_28,37.330000000000005,0.00196213234686012,0.01905718530263266,9.0,0.1323529411764706,0.1111111111111111,0.008208138507077245,0.004438679482450955,68.0,684.0,0.0,0.2740368077055384,0.007281430263964614,0.3362573099415205,0.0,0.2701429499675114,0.0027375405370943314,0.021604938271604937
dt20,dt20_node_29,69.0,0.000883709386406531,0.06859460808766776,7.0,0.10294117647058823,0.7142857142857143,1.46870848801504e-06,1.46870848801504e-06,68.0,684.0,0.0,0.2740368077055384,0.007281430263964614,0.3362573099415205,0.0,0.2765246449456976,0.0005115893364208761,0.0004177109440267335
dt20,dt20_node_30,70.67,0.00787636776912125,0.05841228759587788,5.0,0.07352941176470588,0.6,0.0347087566242292,0.0015620457808885012,68.0,684.0,0.0,0.2740368077055384,0.007281430263964614,0.3362573099415205,0.0,0.2818713450292398,0.0014324501419784735,0.028362573099415207
dt20,dt20_node_31,39.33,0.00429216993017293,0.054828089756929564,8.0,0.11764705882352941,0.0,0.026004580283502998,0.014243256396814,68.0,684.0,0.0,0.2740368077055384,0.007281430263964614,0.3362573099415205,0.0,0.28746345029239767,0.006616910449646094,0.034252297410192145
dt20,dt20_node_32,100.0,0.0110584208868296,0.03457847386662943,9.0,0.1323529411764706,0.3333333333333333,0.0007283808109776505,0.0002839739709488395,68.0,684.0,0.0,0.2740368077055384,0.007281430263964614,0.3362573099415205,0.0,0.2686809616634178,0.0013395404891545378,0.001949317738791423
dt20,dt20_node_33,98.67,0.00922678778608422,0.03304917920332096,2.0,0.029411764705882353,0.0,0.002201860257923215,0.000148350019155285,68.0,684.0,0.0,0.2740368077055384,0.007281430263964614,0.3362573099415205,0.0,0.26608187134502925,0.0,0.0043859649122807015
dt20,dt20_node_34,100.0,0.00952556193279022,0.03334795335002696,2.0,0.029411764705882353,0.0,0.0,0.0,68.0,684.0,0.0,0.2740368077055384,0.007281430263964614,0.3362573099415205,0.0,0.2675438596491228,0.0,0.0
dt20,dt20_node_35,95.33,0.00382163565012994,0.03185550415934968,2.0,0.029411764705882353,0.0,0.0007318454292747175,0.00036779160742251253,68.0,684.0,0.0,0.2740368077055384,0.007281430263964614,0.3362573099415205,0.0,0.26535087719298245,0.0007309941520467766,0.0014619883040935672
dt20,dt20_node_36,48.67,0.00062378083920628,0.028657649348426018,2.0,0.029411764705882353,0.0,0.005172040570678635,0.003860183207524935,68.0,684.0,0.0,0.2740368077055384,0.007281430263964614,0.3362573099415205,0.0,0.26608187134502925,0.004385964912280715,0.01023391812865497
dt20,dt20_node_37,63.0,0.00376945902462629,0.02282664432725895,4.0,0.058823529411764705,0.0,0.00651195147411476,0.0013194613104788298,68.0,684.0,0.0,0.2740368077055384,0.007281430263964614,0.3362573099415205,0.0,0.2679093567251462,0.0028074363113554783,0.023635477582846
dt20,dt20_node_38,100.0,0.0126468179895282,0.03170400329216086,5.0,0.07352941176470588,0.2,0.00146413520490746,0.0002232688450345701,68.0,684.0,0.0,0.2740368077055384,0.007281430263964614,0.3362573099415205,0.0,0.2719298245614035,0.0,0.0017543859649122805
dt20,dt20_node_39,72.0,2.93741697603008e-06,0.0685975455046438,6.0,0.08823529411764706,0.6666666666666666,2.876220789029455e-06,2.876220789029455e-06,68.0,684.0,0.0,0.2740368077055384,0.007281430263964614,0.3362573099415205,0.0,0.27655945419103317,0.0005448508717104699,0.0004873294346978557
dt20,dt20_node_40,100.0,0.0331467108433407,0.09155899843921858,4.0,0.058823529411764705,0.5,0.00294058287782072,0.0005105634518581901,68.0,684.0,0.0,0.2740368077055384,0.007281430263964614,0.3362573099415205,0.0,0.2825292397660819,0.0006330595056903731,0.0029239766081871343
dt20,dt20_node_41,99.0,0.011761323886689,0.06658941364361856,4.0,0.058823529411764705,0.5,0.00818529779503137,0.0038900177303567303,68.0,684.0,0.0,0.2740368077055384,0.007281430263964614,0.3362573099415205,0.0,0.2810672514619883,0.002396724606835527,0.009746588693957114
dt20,dt20_node_42,100.0,0.040247836680317,0.09507592643724656,4.0,0.058823529411764705,0.5,0.0,0.0,68.0,684.0,0.0,0.2740368077055384,0.007281430263964614,0.3362573099415205,0.0,0.29385964912280704,0.0,0.0
dt20,dt20_node_43,69.33,0.000444406840028811,0.035022880706658245,6.0,0.08823529411764706,0.6666666666666666,1.96906931406153e-06,1.96906931406153e-06,68.0,684.0,0.0,0.2740368077055384,0.007281430263964614,0.3362573099415205,0.0,0.26851851851851855,0.0016162888841887953,0.0017543859649122805
dt20,dt20_node_44,64.67,0.00101235478192649,0.03559082864855592,3.0,0.04411764705882353,0.3333333333333333,0.0,0.0,68.0,684.0,0.0,0.2740368077055384,0.007281430263964614,0.3362573099415205,0.0,0.26900584795321636,0.0,0.0
dt20,dt20_node_45,96.33,0.00783141278459359,0.030658057111852537,2.0,0.029411764705882353,0.0,0.00442169196468261,0.00287129579278489,68.0,684.0,0.0,0.2740368077055384,0.007281430263964614,0.3362573099415205,0.0,0.26681286549707606,0.00219298245614033,0.008771929824561403
dt20,dt20_node_46,89.67,0.00519249016363593,0.028019134490894878,2.0,0.029411764705882353,0.0,0.011213316155885505,0.001694906501747995,68.0,684.0,0.0,0.2740368077055384,0.007281430263964614,0.3362573099415205,0.0,0.26900584795321636,0.0029239766081871343,0.021929824561403508
dt20,dt20_node_47,99.67,0.00168740404994203,0.03339140734210289,2.0,0.029411764705882353,0.0,0.0,0.0,68.0,684.0,0.0,0.2740368077055384,0.007281430263964614,0.3362573099415205,0.0,0.2719298245614035,0.0,0.0
dt20,dt20_node_48,58.67,0.00124086635987289,0.03294486965203375,3.0,0.04411764705882353,0.3333333333333333,0.0,0.0,68.0,684.0,0.0,0.2740368077055384,0.007281430263964614,0.3362573099415205,0.0,0.2719298245614035,0.0,0.0
dt20,dt20_node_49,46.67,5.75244157805891e-06,0.06860329794622186,5.0,0.07352941176470588,0.6,5.63504481114165e-06,5.63504481114165e-06,68.0,684.0,0.0,0.2740368077055384,0.007281430263964614,0.3362573099415205,0.0,0.27660818713450297,0.0005847953216374213,0.0005847953216374269
dt20,dt20_node_50,88.67,0.00243001942596253,0.09398901786518112,3.0,0.04411764705882353,0.3333333333333333,0.0,0.0,68.0,684.0,0.0,0.2740368077055384,0.007281430263964614,0.3362573099415205,0.0,0.2821637426900585,0.0,0.0
dt20,dt20_node_51,99.67,0.00429528006467464,0.0708846937082932,3.0,0.04411764705882353,0.3333333333333333,0.00083797753846135,0.00083797753846135,68.0,684.0,0.0,0.2740368077055384,0.007281430263964614,0.3362573099415205,0.0,0.27972709551656916,0.0006891878958933146,0.001949317738791423
dt20,dt20_node_52,100.0,0.0,0.09507592643724656,3.0,0.04411764705882353,0.3333333333333333,0.0,0.0,68.0,684.0,0.0,0.2740368077055384,0.007281430263964614,0.3362573099415205,0.0,0.29385964912280704,0.0,0.0
dt20,dt20_node_53,4.67,3.93813862812306e-06,0.03502681884528637,5.0,0.07352941176470588,0.6,1.96906931406153e-06,1.96906931406153e-06,68.0,684.0,0.0,0.2740368077055384,0.007281430263964614,0.3362573099415205,0.0,0.2687134502923977,0.0017049566943992153,0.002046783625730994
dt20,dt20_node_54,64.67,0.0,0.03559082864855592,2.0,0.029411764705882353,0.0,0.0,0.0,68.0,684.0,0.0,0.2740368077055384,0.007281430263964614,0.3362573099415205,0.0,0.26900584795321636,0.0,0.0
dt20,dt20_node_55,58.67,0.0,0.03294486965203375,2.0,0.029411764705882353,0.0,0.0,0.0,68.0,684.0,0.0,0.2740368077055384,0.007281430263964614,0.3362573099415205,0.0,0.2719298245614035,0.0,0.0
dt20,dt20_node_56,46.67,1.12700896222833e-05,0.06861456803584415,4.0,0.058823529411764705,0.5,1.104468782983315e-05,1.104468782983315e-05,68.0,684.0,0.0,0.2740368077055384,0.007281430263964614,0.3362573099415205,0.0,0.27668128654970764,0.0006330595056903731,0.0007309941520467836
dt20,dt20_node_57,90.67,0.0,0.09398901786518112,2.0,0.029411764705882353,0.0,0.0,0.0,68.0,684.0,0.0,0.2740368077055384,0.007281430263964614,0.3362573099415205,0.0,0.2821637426900585,0.0,0.0
dt20,dt20_node_58,62.0,0.0016759550769227,0.0725606487852159,2.0,0.029411764705882353,0.0,0.000793344679098105,0.000793344679098105,68.0,684.0,0.0,0.2740368077055384,0.007281430263964614,0.3362573099415205,0.0,0.2799707602339181,0.0007309941520467766,0.0014619883040935672
dt20,dt20_node_59,100.0,0.0,0.09507592643724656,2.0,0.029411764705882353,0.0,0.0,0.0,68.0,684.0,0.0,0.2740368077055384,0.007281430263964614,0.3362573099415205,0.0,0.29385964912280704,0.0,0.0
dt20,dt20_node_60,4.67,3.93813862812306e-06,0.035030756983914495,4.0,0.058823529411764705,0.5,1.96906931406153e-06,1.96906931406153e-06,68.0,684.0,0.0,0.2740368077055384,0.007281430263964614,0.3362573099415205,0.0,0.2690058479532164,0.001790562677473089,0.0024366471734892786
dt20,dt20_node_61,46.67,2.20893756596663e-05,0.06863665741150382,3.0,0.04411764705882353,0.3333333333333333,2.16562506467273e-05,2.16562506467273e-05,68.0,684.0,0.0,0.2740368077055384,0.007281430263964614,0.3362573099415205,0.0,0.2768031189083821,0.0006891878958933146,0.0009746588693957114
dt20,dt20_node_62,28.33,3.93813862812306e-06,0.03503469512254262,3.0,0.04411764705882353,0.3333333333333333,0.000737352259042395,0.000737352259042395,68.0,684.0,0.0,0.2740368077055384,0.007281430263964614,0.3362573099415205,0.0,0.2694931773879143,0.0018234197791296082,0.0029239766081871343
dt20,dt20_node_63,47.0,4.33125012934546e-05,0.06867996991279728,2.0,0.029411764705882353,0.0,0.00077400491124212,0.00077400491124212,68.0,684.0,0.0,0.2740368077055384,0.007281430263964614,0.3362573099415205,0.0,0.277046783625731,0.0007309941520467766,0.0014619883040935672
dt20,dt20_node_64,63.0,0.00147470451808479,0.03650939964062741,2.0,0.029411764705882353,0.0,0.001470506721532375,0.001470506721532375,68.0,684.0,0.0,0.2740368077055384,0.007281430263964614,0.3362573099415205,0.0,0.27046783625730997,0.0014619883040935813,0.0029239766081871343
dt5,dt5_node_0,27.33,0.00330979147812717,0.00330979147812717,48.0,0.4948453608247423,0.5416666666666666,0.005823362853610705,0.003642776194943425,97.0,634.0,0.002195193339620801,0.3817638400298915,0.012734552040584473,0.3832807570977918,0.0015444269190325972,0.3826004555930555,0.01288250609425109,0.09136551796504008
dt5,dt5_node_1,98.67,0.0184131972260338,0.0184131972260338,28.0,0.28865979381443296,0.6428571428571429,0.00537781482232309,0.00318004115970685,97.0,634.0,0.002195193339620801,0.3817638400298915,0.012734552040584473,0.3832807570977918,0.003323569175304191,0.38316179911733306,0.010634755069869987,0.06055652449942418
dt5,dt5_node_2,98.0,0.0282991404863243,0.0282991404863243,21.0,0.21649484536082475,0.8095238095238095,0.07185308947123314,5.5537193224951265e-05,97.0,634.0,0.002195193339620801,0.3817638400298915,0.012734552040584473,0.3832807570977918,0.002103049421661409,0.37798763043559475,0.014158673898130716,0.04419250357117782
dt5,dt5_node_3,16.33,0.00218058665866728,0.00549037813679445,37.0,0.38144329896907214,0.6216216216216216,0.01573858666744442,0.01437955325550558,97.0,634.0,0.002195193339620801,0.3817638400298915,0.012734552040584473,0.3832807570977918,0.0020035808679341803,0.3776237132154431,0.009460081305605968,0.08071106757080701
dt5,dt5_node_4,79.67,0.00946613904855413,0.0127759305266813,11.0,0.1134020618556701,0.6363636363636364,0.024650685906674068,0.016631092274789636,97.0,634.0,0.002195193339620801,0.3817638400298915,0.012734552040584473,0.3832807570977918,0.0,0.39934040722684255,0.007721773454451532,0.06595927731574418
dt5,dt5_node_5,43.33,0.00219777366261624,0.020610970888650038,5.0,0.05154639175257732,0.6,0.02305954025453965,0.00796724747799235,97.0,634.0,0.002195193339620801,0.3817638400298915,0.012734552040584473,0.3832807570977918,0.0,0.39022082018927445,0.005607693638684918,0.04826498422712934
dt5,dt5_node_6,87.67,0.00855785598202994,0.026971053208063738,23.0,0.23711340206185566,0.391304347826087,0.0044150844491396704,0.00320137027632838,97.0,634.0,0.002195193339620801,0.3817638400298915,0.012734552040584473,0.3832807570977918,0.004046084213413798,0.381627229319085,0.010847162714944764,0.0538657928096892
dt5,dt5_node_7,100.0,0.0719086266644581,0.1002077671507824,2.0,0.020618556701030927,0.0,0.0370724409980836,0.003336858191761098,97.0,634.0,0.002195193339620801,0.3817638400298915,0.012734552040584473,0.3832807570977918,0.0015772870662460567,0.3356976001277802,0.0034191191151219935,0.06962025316455696
dt5,dt5_node_8,100.0,0.0717975522780082,0.1000966927643325,19.0,0.1958762886597938,0.8947368421052632,0.00527872604420776,0.0031030620948441297,97.0,634.0,0.002195193339620801,0.3817638400298915,0.012734552040584473,0.3832807570977918,0.002158392827494604,0.3824392125732594,0.003502178364721253,0.018271160375322854
dt5,dt5_node_9,23.330000000000002,0.00135903341193884,0.006849411548733289,30.0,0.30927835051546393,0.8666666666666667,0.024483535711040248,0.00994954293456405,97.0,634.0,0.002195193339620801,0.3817638400298915,0.012734552040584473,0.3832807570977918,0.002471083070452156,0.3775655659625586,0.01012025801706995,0.07355716762653508
dt5,dt5_node_10,100.0,0.03011813992295,0.03560851805974445,7.0,0.07216494845360824,0.14285714285714285,0.008183738301229405,0.005009311498546795,97.0,634.0,0.002195193339620801,0.3817638400298915,0.012734552040584473,0.3832807570977918,0.0,0.37787291572780524,0.005832437632061643,0.030719543337839862
dt5,dt5_node_11,100.0,0.0412817781814637,0.054057708708145004,2.0,0.020618556701030927,0.0,0.0031762036926212397,0.00121148604631813,97.0,634.0,0.002195193339620801,0.3817638400298915,0.012734552040584473,0.3832807570977918,0.0,0.3911671924290221,0.001577287066246047,0.006309148264984227
dt5,dt5_node_12,84.67,0.00801959363188443,0.020795524158565733,9.0,0.09278350515463918,0.5555555555555556,0.021739439834855198,0.0030940015432730002,97.0,634.0,0.002195193339620801,0.3817638400298915,0.012734552040584473,0.3832807570977918,0.0,0.4011566771819138,0.007360672975814925,0.05362776025236593
dt5,dt5_node_13,99.0,0.0150922927765473,0.03570326366519734,4.0,0.041237113402061855,0.5,0.02017534472518795,0.0018207347837971496,97.0,634.0,0.002195193339620801,0.3817638400298915,0.012734552040584473,0.3832807570977918,0.0,0.39235015772870663,0.004078896069711606,0.0352260778128286
dt5,dt5_node_14,88.67,0.00761645472546805,0.03458750793353179,7.0,0.07216494845360824,0.14285714285714285,0.01285970224054867,0.0033360122712696293,97.0,634.0,0.002195193339620801,0.3817638400298915,0.012734552040584473,0.3832807570977918,0.0,0.37435134024904826,0.003947702424676592,0.028932117447075505
dt5,dt5_node_15,34.33,0.00121371417281129,0.02818476738087503,16.0,0.16494845360824742,0.5,0.002120458088590025,0.0005160167625154551,97.0,634.0,0.002195193339620801,0.3817638400298915,0.012734552040584473,0.3832807570977918,0.005816246056782334,0.384810430787226,0.011358963524024445,0.05302530363052186
dt5,dt5_node_16,23.669999999999998,0.00217566394936363,0.10227235671369612,18.0,0.18556701030927836,0.3333333333333333,0.00314739346856325,0.0008780283834428201,97.0,634.0,0.002195193339620801,0.3817638400298915,0.012734552040584473,0.3832807570977918,0.002278303540133193,0.38265534127738193,0.003472626605492069,0.017960448991267298
dt5,dt5_node_17,90.67,0.0145339927764762,0.02138340432520949,28.0,0.28865979381443296,0.7142857142857143,0.01674903590152672,0.012599836812083778,97.0,634.0,0.002195193339620801,0.3817638400298915,0.012734552040584473,0.3832807570977918,0.002365930599369085,0.3775014180214045,0.010472490918968914,0.07006764032318151
dt5,dt5_node_18,100.0,0.0344330786456043,0.041282490194337586,2.0,0.020618556701030927,0.0,0.0146756524228101,0.0019997952096224006,97.0,634.0,0.002195193339620801,0.3817638400298915,0.012734552040584473,0.3832807570977918,0.003943217665615142,0.378463637138716,8.525876033760316e-05,0.028616852146263912
dt5,dt5_node_19,62.33,0.00317442680268261,0.03878294486242706,3.0,0.030927835051546393,0.3333333333333333,0.013942422446289831,0.005056208901607969,97.0,634.0,0.002195193339620801,0.3817638400298915,0.012734552040584473,0.3832807570977918,0.0,0.38170347003154576,0.0012878494967314212,0.029442691903259727
dt5,dt5_node_20,99.67,0.0131930497997762,0.04880156785952065,4.0,0.041237113402061855,0.5,0.007628661497561895,0.003435108402159905,97.0,634.0,0.002195193339620801,0.3817638400298915,0.012734552040584473,0.3832807570977918,0.0,0.375,0.0062472316710389785,0.012618296529968454
dt5,dt5_node_21,99.33,0.0186454382915822,0.03944096245014793,2.0,0.020618556701030927,0.0,0.02983691660441635,0.001411003393402851,97.0,634.0,0.002195193339620801,0.3817638400298915,0.012734552040584473,0.3832807570977918,0.0,0.39274447949526814,0.001577287066246047,0.056782334384858045
dt5,dt5_node_22,100.0,0.0248334413781282,0.04562896553669393,7.0,0.07216494845360824,0.7142857142857143,0.015294498803401335,0.0076487310296882655,97.0,634.0,0.002195193339620801,0.3817638400298915,0.012734552040584473,0.3832807570977918,0.0,0.4035601622352411,0.006553870920346538,0.029517800811176206
dt5,dt5_node_23,100.0,0.0183546099413908,0.05405787360658814,3.0,0.030927835051546393,0.3333333333333333,0.008934271079910875,0.008358438875018125,97.0,634.0,0.002195193339620801,0.3817638400298915,0.012734552040584473,0.3832807570977918,0.0,0.39379600420609884,0.0037177012680680763,0.022082018927444796
dt5,dt5_node_24,100.0,0.00952368996927904,0.04411119790281083,4.0,0.041237113402061855,0.0,0.00803131373758528,0.00491059360348002,97.0,634.0,0.002195193339620801,0.3817638400298915,0.012734552040584473,0.3832807570977918,0.0,0.37278046057779035,0.004593484622874856,0.01921150597276003
dt5,dt5_node_25,100.0,0.0161957145118183,0.05078322244535009,3.0,0.030927835051546393,0.3333333333333333,0.003191312724222985,0.002136090569307955,97.0,634.0,0.002195193339620801,0.3817638400298915,0.012734552040584473,0.3832807570977918,0.0,0.37644584647739227,0.00074354025361361,0.007360672975814932
dt5,dt5_node_26,53.669999999999995,0.00263647485110548,0.03082124223198051,4.0,0.041237113402061855,0.5,0.0066988639248825,0.004722636149120401,97.0,634.0,0.002195193339620801,0.3817638400298915,0.012734552040584473,0.3832807570977918,0.0,0.37736593059936907,0.005156426195040225,0.03075709779179811
dt5,dt5_node_27,35.0,0.00160444132607457,0.0297892087069496,12.0,0.12371134020618557,0.6666666666666666,0.0057869626328285895,0.0020902512010668,97.0,634.0,0.002195193339620801,0.3817638400298915,0.012734552040584473,0.3832807570977918,0.007754994742376446,0.387291930849845,0.011770320974471334,0.05434160327081363
dt5,dt5_node_28,31.669999999999998,0.00402542185200607,0.10629777856570219,6.0,0.061855670103092786,0.6666666666666666,0.006000039936567935,0.0031085347702499745,97.0,634.0,0.002195193339620801,0.3817638400298915,0.012734552040584473,0.3832807570977918,0.00473186119873817,0.38270463763365964,0.004835251354202001,0.010662733691124858
dt5,dt5_node_29,20.0,0.00226936508512043,0.10454172179881656,12.0,0.12371134020618557,0.8333333333333334,0.006838530050577325,0.004708081713563875,97.0,634.0,0.002195193339620801,0.3817638400298915,0.012734552040584473,0.3832807570977918,0.0010515247108307045,0.3826306930992431,0.0025292395862282838,0.016036591716135362
dt5,dt5_node_30,41.33,0.00414919908944294,0.02553260341465243,24.0,0.24742268041237114,0.08333333333333333,0.01200042669353581,0.00873899896997729,97.0,634.0,0.002195193339620801,0.3817638400298915,0.012734552040584473,0.3832807570977918,0.0027602523659305996,0.37864124426366796,0.01087361599142604,0.06767854495680105
dt5,dt5_node_31,100.0,0.0293488727136105,0.05073227703881999,4.0,0.041237113402061855,0.5,0.006453001022601305,0.0028825630279514453,97.0,634.0,0.002195193339620801,0.3817638400298915,0.012734552040584473,0.3832807570977918,0.0,0.37066246056782337,0.0019317742450971542,0.015247108307045216
dt5,dt5_node_32,99.33,0.00888621354468186,0.04766915840710892,2.0,0.020618556701030927,0.0,0.008815326272297254,0.0025235708360645446,97.0,634.0,0.002195193339620801,0.3817638400298915,0.012734552040584473,0.3832807570977918,0.0,0.38091482649842273,0.0007886435331230235,0.017350157728706624
dt5,dt5_node_33,96.33,0.00419355309540199,0.05299512095492264,3.0,0.030927835051546393,0.3333333333333333,0.0023825423341460048,0.001156901737679345,97.0,634.0,0.002195193339620801,0.3817638400298915,0.012734552040584473,0.3832807570977918,0.0,0.37854889589905366,0.0012878494967314437,0.006309148264984227
dt5,dt5_node_34,91.67,0.00764576777371307,0.053274733310407,6.0,0.061855670103092786,0.3333333333333333,0.009217106148687655,0.006742447252177045,97.0,634.0,0.002195193339620801,0.3817638400298915,0.012734552040584473,0.3832807570977918,0.0,0.4037854889589905,0.007053842200314785,0.024290220820189275
dt5,dt5_node_35,35.33,0.000575832204892751,0.054633705811480894,2.0,0.020618556701030927,0.0,0.008015453695772105,0.0026722149080595954,97.0,634.0,0.002195193339620801,0.3817638400298915,0.012734552040584473,0.3832807570977918,0.0,0.3911671924290221,0.0,0.015772870662460567
dt5,dt5_node_36,84.67,0.00312072013410526,0.04723191803691609,2.0,0.020618556701030927,0.0,0.0023810136440018,0.00017219435668876,97.0,634.0,0.002195193339620801,0.3817638400298915,0.012734552040584473,0.3832807570977918,0.0,0.36858931232277325,0.0026587129536880527,0.017377567140600316
dt5,dt5_node_37,100.0,0.0129419073410653,0.057053105243876134,2.0,0.020618556701030927,0.0,0.0,0.0,97.0,634.0,0.002195193339620801,0.3817638400298915,0.012734552040584473,0.3832807570977918,0.0,0.37697160883280756,0.0,0.0
dt5,dt5_node_38,65.33,0.00105522215491503,0.05183844460026512,2.0,0.020618556701030927,0.0,0.00238094768853411,0.00082735281252632,97.0,634.0,0.002195193339620801,0.3817638400298915,0.012734552040584473,0.3832807570977918,0.0,0.37618296529968454,0.0007886435331230235,0.00473186119873817
dt5,dt5_node_39,70.0,0.0019762277757621,0.03279747000774261,3.0,0.030927835051546393,0.3333333333333333,0.016412055584968242,0.011645909148637858,97.0,634.0,0.002195193339620801,0.3817638400298915,0.012734552040584473,0.3832807570977918,0.0,0.379074658254469,0.004875719503415192,0.031545741324921134
dt5,dt5_node_40,94.67,0.00787721383389539,0.03766642254084499,2.0,0.020618556701030927,0.0,0.00878748140884481,0.0006596048440463097,97.0,634.0,0.002195193339620801,0.3817638400298915,0.012734552040584473,0.3832807570977918,0.0,0.3746056782334385,0.0039432176656151174,0.017350157728706624
dt5,dt5_node_41,52.669999999999995,0.00369671143176179,0.03348592013871139,10.0,0.10309278350515463,0.0,0.002844036149845025,0.001361193552720965,97.0,634.0,0.002195193339620801,0.3817638400298915,0.012734552040584473,0.3832807570977918,0.009305993690851735,0.3898291813731262,0.01115853541426763,0.05602535896716816
dt5,dt5_node_42,33.0,0.00289150516631796,0.10918928373202015,5.0,0.05154639175257732,0.6,0.008040662845377234,0.003511345603300765,97.0,634.0,0.002195193339620801,0.3817638400298915,0.012734552040584473,0.3832807570977918,0.0,0.383596214511041,0.0048255705175956985,0.008201892744479494
dt5,dt5_node_43,8.67,0.00213044833701345,0.10667217013583001,11.0,0.1134020618556701,0.6363636363636364,0.0022276093963829757,0.0019905779020515735,97.0,634.0,0.002195193339620801,0.3817638400298915,0.012734552040584473,0.3832807570977918,0.0011471178663607685,0.3828583758386925,0.00252121597421905,0.01516797672047065
dt5,dt5_node_44,39.33,0.00326142772355852,0.02879403113821095,13.0,0.13402061855670103,0.38461538461538464,0.008188938384422424,0.0016196612571967054,97.0,634.0,0.002195193339620801,0.3817638400298915,0.012734552040584473,0.3832807570977918,0.003882552778451832,0.3811685355680501,0.013968246414760662,0.07318839131185982
dt5,dt5_node_45,100.0,0.0207394256635131,0.046272029078165536,11.0,0.1134020618556701,0.45454545454545453,0.0032635131372625303,0.00192894881019363,97.0,634.0,0.002195193339620801,0.3817638400298915,0.012734552040584473,0.3832807570977918,0.0014338973329509606,0.37565444544939813,0.003303352768447563,0.023995536534968706
dt5,dt5_node_46,87.33,0.00357043799464986,0.054302715033469846,3.0,0.030927835051546393,0.3333333333333333,0.004009952672713025,0.0018690496286167249,97.0,634.0,0.002195193339620801,0.3817638400298915,0.012734552040584473,0.3832807570977918,0.0,0.37118822292323866,0.0019672226008275264,0.011566771819137749
dt5,dt5_node_47,83.0,0.00353944407182535,0.05653456502674799,2.0,0.020618556701030927,0.0,0.00237435793116047,0.0010454243680464398,97.0,634.0,0.002195193339620801,0.3817638400298915,0.012734552040584473,0.3832807570977918,0.0,0.37933753943217663,0.0007886435331230512,0.00473186119873817
dt5,dt5_node_48,100.0,0.0159595534008647,0.0692342867112717,2.0,0.020618556701030927,0.0,0.004765084668292015,7.753263246850503e-05,97.0,634.0,0.002195193339620801,0.3817638400298915,0.012734552040584473,0.3832807570977918,0.0,0.41324921135646686,0.001577287066246047,0.00946372239747634
dt5,dt5_node_49,54.669999999999995,0.00247465889651061,0.05574939220691762,4.0,0.041237113402061855,0.5,0.0068402872658655505,0.0050297456104366495,97.0,634.0,0.002195193339620801,0.3817638400298915,0.012734552040584473,0.3832807570977918,0.0,0.3990536277602523,0.002493909826631216,0.01708727655099895
dt5,dt5_node_50,94.33,0.00476614643633038,0.03756361644407299,2.0,0.020618556701030927,0.0,0.00802537432386611,0.00301211979497299,97.0,634.0,0.002195193339620801,0.3817638400298915,0.012734552040584473,0.3832807570977918,0.0,0.3777602523659306,0.005520504731861192,0.015772870662460567
dt5,dt5_node_51,56.99999999999999,0.00420522970256599,0.03769114984127738,5.0,0.05154639175257732,0.2,0.016365498744450833,0.011983072934664765,97.0,634.0,0.002195193339620801,0.3817638400298915,0.012734552040584473,0.3832807570977918,0.011041009463722398,0.38604477004814874,0.007188069699235961,0.03825095618997699
dt5,dt5_node_52,24.67,0.00148284259712406,0.03496876273583545,5.0,0.05154639175257732,0.2,0.01596866512256873,0.00757211407643437,97.0,634.0,0.002195193339620801,0.3817638400298915,0.012734552040584473,0.3832807570977918,0.007570977917981073,0.3936135926981037,0.012988993072159989,0.05536860675774481
dt5,dt5_node_53,68.0,0.00452931724207647,0.11371860097409663,4.0,0.041237113402061855,0.5,0.001583597866423859,0.000764306106854621,97.0,634.0,0.002195193339620801,0.3817638400298915,0.012734552040584473,0.3832807570977918,0.0,0.3813091482649842,0.0017188087316800879,0.002365930599369085
dt5,dt5_node_54,78.0,0.00421818729843455,0.11089035743426456,2.0,0.020618556701030927,0.0,0.004783336713462655,0.0025447711607789747,97.0,634.0,0.002195193339620801,0.3817638400298915,0.012734552040584473,0.3832807570977918,0.0,0.3824921135646688,0.0007886435331230235,0.00946372239747634
dt5,dt5_node_55,4.33,0.000237031494331402,0.10690920163016142,9.0,0.09278350515463918,0.1111111111111111,0.002031692927631,0.00013100881306706003,97.0,634.0,0.002195193339620801,0.3817638400298915,0.012734552040584473,0.3832807570977918,0.0014020329477742726,0.3829397674551422,0.0027558018628735543,0.014048885260624708
dt5,dt5_node_56,70.33,0.00656927712722572,0.03536330826543667,9.0,0.09278350515463918,0.5555555555555556,0.00755984637240981,0.0013467175456602695,97.0,634.0,0.002195193339620801,0.3817638400298915,0.012734552040584473,0.3832807570977918,0.0012267788293024886,0.37693303615601476,0.014705569994617862,0.061294988179431145
dt5,dt5_node_57,84.33,0.00980859964161913,0.03860263077983008,4.0,0.041237113402061855,0.5,0.02609455139658385,0.01265823304256175,97.0,634.0,0.002195193339620801,0.3817638400298915,0.012734552040584473,0.3832807570977918,0.009858044164037854,0.3906984092451296,0.004044800252088497,0.05397611018735787
dt5,dt5_node_58,66.33,0.00519246194745616,0.05146449102562169,3.0,0.030927835051546393,0.3333333333333333,0.00977154301606724,0.0011317190337615593,97.0,634.0,0.002195193339620801,0.3817638400298915,0.012734552040584473,0.3832807570977918,0.005257623554153522,0.37845115802529056,0.0033184871449019383,0.019112809727951683
dt5,dt5_node_59,36.0,0.0013345643270689,0.04760659340523444,8.0,0.08247422680412371,0.25,0.00316914221122154,0.00078905218713267,97.0,634.0,0.002195193339620801,0.3817638400298915,0.012734552040584473,0.3832807570977918,0.0,0.3746056782334385,0.002615634692709304,0.01988508337088779
dt5,dt5_node_60,75.67,0.0021409030440963,0.05644361807756615,2.0,0.020618556701030927,0.0,0.004785894859411095,0.0007493643559875448,97.0,634.0,0.002195193339620801,0.3817638400298915,0.012734552040584473,0.3832807570977918,0.0,0.3714511041009464,0.0023659305993690982,0.00946372239747634
dt5,dt5_node_61,48.67,0.0018105416554289,0.057559933862346514,3.0,0.030927835051546393,0.3333333333333333,0.00480964358269214,0.0029209168867362504,97.0,634.0,0.002195193339620801,0.3817638400298915,0.012734552040584473,0.3832807570977918,0.0,0.398527865404837,0.002680872509775388,0.013669821240799159
dt5,dt5_node_62,72.33000000000001,0.00438242580978607,0.042073575651063455,3.0,0.030927835051546393,0.3333333333333333,0.0209656933767806,0.007151771816645201,97.0,634.0,0.002195193339620801,0.3817638400298915,0.012734552040584473,0.3832807570977918,0.013669821240799159,0.3876476977143173,0.008922121320196551,0.0279017239470917
dt5,dt5_node_63,100.0,0.0283485716791156,0.06603972152039297,2.0,0.020618556701030927,0.0,0.00080219643355473,0.00058273623562696,97.0,634.0,0.002195193339620801,0.3817638400298915,0.012734552040584473,0.3832807570977918,0.007097791798107256,0.3836403785488959,0.00035962145110410293,0.0016
dt5,dt5_node_64,99.33,0.00839655104613436,0.04336531378196981,2.0,0.020618556701030927,0.0,0.015415342590580201,0.000744776451541901,97.0,634.0,0.002195193339620801,0.3817638400298915,0.012734552040584473,0.3832807570977918,0.0,0.3785488958990536,0.0031545741324921217,0.02996845425867508
dt5,dt5_node_65,99.67,0.0235407791990031,0.05850954193483855,3.0,0.030927835051546393,0.3333333333333333,0.02046546264667565,0.01028699591897645,97.0,634.0,0.002195193339620801,0.3817638400298915,0.012734552040584473,0.3832807570977918,0.012618296529968454,0.4036567238974704,0.004732279122178742,0.03976207280874242
dt5,dt5_node_66,85.67,0.00234790397327848,0.11606650494737511,3.0,0.030927835051546393,0.3333333333333333,0.0007907793775777626,0.0006379929346855376,97.0,634.0,0.002195193339620801,0.3817638400298915,0.012734552040584473,0.3832807570977918,0.0,0.3822292323869611,0.00074354025361361,0.0010515247108307045
dt5,dt5_node_67,9.0,0.00190068411456394,0.10880988574472536,4.0,0.041237113402061855,0.0,0.00322717567641849,0.0010824247499074597,97.0,634.0,0.002195193339620801,0.3817638400298915,0.012734552040584473,0.3832807570977918,0.0,0.3813091482649842,0.0025857407430213007,0.013669821240799159
dt5,dt5_node_68,28.67,0.00216270174069806,0.10907190337085948,5.0,0.05154639175257732,0.6,0.00361382347842119,0.00233993687090387,97.0,634.0,0.002195193339620801,0.3817638400298915,0.012734552040584473,0.3832807570977918,0.0025236593059936906,0.38424426280726864,0.0021195073962801754,0.00887110591507846
dt5,dt5_node_69,64.33,0.00621312882674954,0.04157643709218621,7.0,0.07216494845360824,0.42857142857142855,0.004293525892946973,0.003433236386929807,97.0,634.0,0.002195193339620801,0.3817638400298915,0.012734552040584473,0.3832807570977918,0.001577287066246057,0.3739927679824741,0.014460483157710652,0.04828017371600304
dt5,dt5_node_70,71.67,0.00890656391807008,0.044269872183506746,2.0,0.020618556701030927,0.0,0.0379542451258881,0.0127630291839808,97.0,634.0,0.002195193339620801,0.3817638400298915,0.012734552040584473,0.3832807570977918,0.0,0.387223974763407,0.010252365930599389,0.07097791798107256
dt5,dt5_node_71,92.0,0.0134363183540221,0.05203894913385218,3.0,0.030927835051546393,0.3333333333333333,0.022222260129480052,0.00712043888280965,97.0,634.0,0.002195193339620801,0.3817638400298915,0.012734552040584473,0.3832807570977918,0.013144058885383806,0.39106791053924744,0.0046116975125190625,0.03492995878506593
dt5,dt5_node_72,98.0,0.00863982398230568,0.06010431500792737,2.0,0.020618556701030927,0.0,0.00484367557274265,0.0007229518022131001,97.0,634.0,0.002195193339620801,0.3817638400298915,0.012734552040584473,0.3832807570977918,0.007886435331230283,0.3807682196877781,0.0006420367224783396,0.009615384615384616
dt5,dt5_node_73,88.33,0.00395819439835421,0.05156478780358865,3.0,0.030927835051546393,0.3333333333333333,0.011388291976306579,0.00478290371476512,97.0,634.0,0.002195193339620801,0.3817638400298915,0.012734552040584473,0.3832807570977918,0.0,0.37749737118822296,0.0019672226008275316,0.021030494216614088
dt5,dt5_node_74,38.33,0.00238009002408887,0.04998668342932331,5.0,0.05154639175257732,0.2,0.0012094294173622935,0.00039836467795302646,97.0,634.0,0.002195193339620801,0.3817638400298915,0.012734552040584473,0.3832807570977918,0.0,0.3728706624605678,0.0007727096980388526,0.01167192429022082
dt5,dt5_node_75,60.67,0.00188872669595589,0.059448660558302405,2.0,0.020618556701030927,0.0,0.005565021769894725,0.00015961745962343472,97.0,634.0,0.002195193339620801,0.3817638400298915,0.012734552040584473,0.3832807570977918,0.0,0.3998422712933754,0.0023659305993690705,0.011041009463722398
dt5,dt5_node_76,99.67,0.0138139215601354,0.05588749721119886,2.0,0.020618556701030927,0.0,0.0008246866797253595,0.0001603933851107665,97.0,634.0,0.002195193339620801,0.3817638400298915,0.012734552040584473,0.3832807570977918,0.02050473186119874,0.3937743856881952,0.002607193259173163,0.001644736842105263
dt5,dt5_node_77,97.0,0.0101784667276992,0.06868800866253776,2.0,0.020618556701030927,0.0,0.010697660981200625,0.0036355813390168746,97.0,634.0,0.002195193339620801,0.3817638400298915,0.012734552040584473,0.3832807570977918,0.011829652996845425,0.4054850858462056,0.004854171019707171,0.0210016155088853
dt5,dt5_node_78,55.33,0.000152786442892225,0.11621929139026733,2.0,0.020618556701030927,0.0,0.0,0.0,97.0,634.0,0.002195193339620801,0.3817638400298915,0.012734552040584473,0.3832807570977918,0.0,0.38170347003154576,0.0,0.0
dt5,dt5_node_79,33.33,0.00214475092651103,0.1109546366712364,2.0,0.020618556701030927,0.0,0.00396543873404505,0.00109676122485251,97.0,634.0,0.002195193339620801,0.3817638400298915,0.012734552040584473,0.3832807570977918,0.0,0.3824921135646688,0.0007886435331230235,0.007886435331230283
dt5,dt5_node_80,84.33,0.00430960042632595,0.1131194861710513,2.0,0.020618556701030927,0.0,0.005598180821351406,0.002437314776529995,97.0,634.0,0.002195193339620801,0.3817638400298915,0.012734552040584473,0.3832807570977918,0.0,0.38012618296529965,0.0031545741324921217,0.011041009463722398
dt5,dt5_node_81,20.330000000000002,0.00127388660751732,0.1103457899783768,4.0,0.041237113402061855,0.0,0.0023807078455746985,0.0021169163434231514,97.0,634.0,0.002195193339620801,0.3817638400298915,0.012734552040584473,0.3832807570977918,0.0031545741324921135,0.38409081746807633,0.0023447093941486117,0.007141465348397349
dt5,dt5_node_82,33.67,0.000860289506017166,0.04243672659820338,5.0,0.05154639175257732,0.6,0.031936986021799146,0.015593982367037951,97.0,634.0,0.002195193339620801,0.3817638400298915,0.012734552040584473,0.3832807570977918,0.0,0.3659305993690852,0.007854826244787855,0.029652996845425866
dt5,dt5_node_83,77.0,0.00772676227987678,0.04930319937206299,2.0,0.020618556701030927,0.0,0.03393321050824715,0.002411629772709152,97.0,634.0,0.002195193339620801,0.3817638400298915,0.012734552040584473,0.3832807570977918,0.005520504731861199,0.39414818951594643,0.002980997086924369,0.06379585326953748
dt5,dt5_node_84,100.0,0.0151018212466704,0.06714077038052257,2.0,0.020618556701030927,0.0,0.004962100014205575,0.0005992893441485749,97.0,634.0,0.002195193339620801,0.3817638400298915,0.012734552040584473,0.3832807570977918,0.01971608832807571,0.388652338994991,0.003794294830953171,0.009852216748768473
dt5,dt5_node_85,97.33000000000001,0.00660538826154146,0.05817017606513011,2.0,0.020618556701030927,0.0,0.00477254897808326,0.00221641176930607,97.0,634.0,0.002195193339620801,0.3817638400298915,0.012734552040584473,0.3832807570977918,0.0,0.37618296529968454,0.0007886435331230235,0.00946372239747634
dt5,dt5_node_86,29.330000000000002,0.000811064739409267,0.05079774816873258,2.0,0.020618556701030927,0.0,0.00556693834641153,0.00209640914464675,97.0,634.0,0.002195193339620801,0.3817638400298915,0.012734552040584473,0.3832807570977918,0.0,0.37302839116719244,0.0007886435331230235,0.011041009463722398
dt5,dt5_node_87,48.0,0.00160779409531532,0.05159447752463863,3.0,0.030927835051546393,0.3333333333333333,0.0039845972124933505,0.0020057346173773002,97.0,634.0,0.002195193339620801,0.3817638400298915,0.012734552040584473,0.3832807570977918,0.0,0.3727655099894848,0.00074354025361361,0.008412197686645638
dt5,dt5_node_88,12.33,0.000263791502151547,0.11060958148052834,2.0,0.020618556701030927,0.0,0.00401639798147909,0.0024057874970548,97.0,634.0,0.002195193339620801,0.3817638400298915,0.012734552040584473,0.3832807570977918,0.006309148264984227,0.3849008778383608,0.0031117404581691155,0.007987220447284345
dt5,dt5_node_89,98.0,0.00449762418899785,0.11484341416737465,2.0,0.020618556701030927,0.0,0.0,0.0,97.0,634.0,0.002195193339620801,0.3817638400298915,0.012734552040584473,0.3832807570977918,0.0,0.3832807570977918,0.0,0.0
dt5,dt5_node_90,100.0,0.0163430036547612,0.058779730252964575,4.0,0.041237113402061855,0.5,0.00318211431699871,0.00203858072719238,97.0,634.0,0.002195193339620801,0.3817638400298915,0.012734552040584473,0.3832807570977918,0.0,0.3623817034700315,0.003761589910950104,0.006572029442691903
dt5,dt5_node_91,72.67,0.00197886259511605,0.05357334011975468,2.0,0.020618556701030927,0.0,0.002373545090400941,0.001681644477031009,97.0,634.0,0.002195193339620801,0.3817638400298915,0.012734552040584473,0.3832807570977918,0.0,0.37302839116719244,0.0007886435331230235,0.00473186119873817
dt5,dt5_node_92,59.330000000000005,0.00114353358980633,0.059923263842770906,3.0,0.030927835051546393,0.3333333333333333,0.00237734910204033,0.0007907448555472699,97.0,634.0,0.002195193339620801,0.3817638400298915,0.012734552040584473,0.3832807570977918,0.0,0.36067297581493163,0.002680872509775395,0.004206098843322818
dt5,dt5_node_93,86.67,0.0031680939575876,0.0630913578003585,2.0,0.020618556701030927,0.0,0.0007898241788973366,4.894190315024653e-05,97.0,634.0,0.002195193339620801,0.3817638400298915,0.012734552040584473,0.3832807570977918,0.0,0.3588328075709779,0.0007886435331230235,0.0015772870662460567
dt7,dt7_node_0,82.67,0.0103516085148336,0.0103516085148336,26.0,0.896551724137931,0.07692307692307693,0.0112491490007756,0.0002604022793864999,29.0,1401.0,0.017819783898200794,0.3619300659828591,0.029184235463852834,0.9628836545324768,0.015732171686073403,0.3624531319871615,0.028818458724018548,0.1769620698279766
dt7,dt7_node_1,100.0,0.132780508596079,0.132780508596079,2.0,0.06896551724137931,0.0,0.004579507058737989,0.0038534753903943096,29.0,1401.0,0.017819783898200794,0.3619300659828591,0.029184235463852834,0.9628836545324768,0.04518496691895272,0.3349458156310003,0.0026195316430848714,0.6274056966897613
dt7,dt7_node_2,91.0,0.0109887467213891,0.0213403552362227,14.0,0.4827586206896552,0.7142857142857143,0.06178236283690976,0.002876563020613652,29.0,1401.0,0.017819783898200794,0.3619300659828591,0.029184235463852834,0.9628836545324768,0.02126338767395278,0.3691269915873981,0.023699794566749893,0.1513690236491745
dt7,dt7_node_3,88.67,0.0115095512801621,0.0218611597949957,12.0,0.41379310344827586,0.5,0.0637290049703732,0.0033157020119569014,29.0,1401.0,0.017819783898200794,0.3619300659828591,0.029184235463852834,0.9628836545324768,0.009279086366880797,0.35466696245355217,0.032117635484362084,0.0741499963380038
dt7,dt7_node_4,100.0,0.0589057998162961,0.08024615505251881,12.0,0.41379310344827586,0.8333333333333334,0.00460879795526966,0.00203091005005341,29.0,1401.0,0.017819783898200794,0.3619300659828591,0.029184235463852834,0.9628836545324768,0.016004049835647745,0.3595013530952425,0.0025407753185713307,0.12951012761354475
dt7,dt7_node_5,100.0,0.0646589258575234,0.0859992810937461,2.0,0.06896551724137931,0.0,0.001807051338792595,0.0001699727695083249,29.0,1401.0,0.017819783898200794,0.3619300659828591,0.029184235463852834,0.9628836545324768,0.05281941470378301,0.4268808225403318,0.001267325607816422,0.005417956656346749
dt7,dt7_node_6,100.0,0.0670447069823301,0.0889058667773258,3.0,0.10344827586206896,0.3333333333333333,0.00338361863812154,0.0007161104309271102,29.0,1401.0,0.017819783898200794,0.3619300659828591,0.029184235463852834,0.9628836545324768,0.007137758743754461,0.4102564102564103,0.0012219073840385336,0.013419602204648934
dt7,dt7_node_7,100.0,0.0604133029584163,0.08227446275341199,9.0,0.3103448275862069,0.7777777777777778,0.0025537072475850502,0.0005041723858274902,29.0,1401.0,0.017819783898200794,0.3619300659828591,0.029184235463852834,0.9628836545324768,0.009992862241256246,0.3361371465192662,0.0012149123518467597,0.0030441400304414
dt7,dt7_node_8,74.33,0.00257788790521625,0.08282404295773506,11.0,0.3793103448275862,0.45454545454545453,0.00013311357899785584,3.686285959345615e-05,29.0,1401.0,0.017819783898200794,0.3619300659828591,0.029184235463852834,0.9628836545324768,0.016096300424171688,0.3593110940222145,0.002570607757476174,0.13885193372891513
dt7,dt7_node_9,98.67,0.00266750820719443,0.09157337498452023,2.0,0.06896551724137931,0.0,0.0033643538269795947,0.0008038745245508648,29.0,1401.0,0.017819783898200794,0.3619300659828591,0.029184235463852834,0.9628836545324768,0.007137758743754461,0.41049604601006473,0.0014378145219266782,0.010064701653486701
dt7,dt7_node_10,95.67,0.00305787963341254,0.08533234238682454,8.0,0.27586206896551724,0.75,0.0002390346611819595,0.00011426411660623251,29.0,1401.0,0.017819783898200794,0.3619300659828591,0.029184235463852834,0.9628836545324768,0.009992862241256246,0.3365176640230714,0.0005978054777136625,0.0015707075908950457
dt7,dt7_node_11,9.0,0.000169976438591312,0.08299401939632638,8.0,0.27586206896551724,0.75,0.003608236378073447,0.003356073747763423,29.0,1401.0,0.017819783898200794,0.3619300659828591,0.029184235463852834,0.9628836545324768,0.016957537994014088,0.35997265920006477,0.0026239477698013747,0.18646518258095604
dt7,dt7_node_12,16.0,9.62507194043997e-05,0.08292029367713946,3.0,0.10344827586206896,0.3333333333333333,0.0021727862284221335,0.0014046914059190866,29.0,1401.0,0.017819783898200794,0.3619300659828591,0.029184235463852834,0.9628836545324768,0.013799666904591959,0.35754692021461376,0.0012608430955743696,0.009228761223941463
dt7,dt7_node_13,38.67,0.000124770544575727,0.08545711293140026,7.0,0.2413793103448276,0.7142857142857143,0.0002387900751631915,4.460287938003051e-05,29.0,1401.0,0.017819783898200794,0.3619300659828591,0.029184235463852834,0.9628836545324768,0.009992862241256244,0.3365949119373777,0.0006005718297296633,0.0015792906924846362
dt7,dt7_node_14,13.33,0.000252162630310024,0.0832461820266364,7.0,0.2413793103448276,0.7142857142857143,0.0010938821161063312,0.000917734775824889,29.0,1401.0,0.017819783898200794,0.3619300659828591,0.029184235463852834,0.9628836545324768,0.018564299565301305,0.36022308626043703,0.0027142177848567613,0.20993227308334017
dt7,dt7_node_15,69.0,0.000768094822503047,0.08368838849964251,2.0,0.06896551724137931,0.0,0.0024494194134702,0.0009746809963779699,29.0,1401.0,0.017819783898200794,0.3619300659828591,0.029184235463852834,0.9628836545324768,0.017487508922198428,0.357441069977093,0.0015332889972659303,0.007352941176470588
dt7,dt7_node_16,26.669999999999998,0.000194187195783161,0.08565130012718343,6.0,0.20689655172413793,0.3333333333333333,0.00023920502203485347,2.5141333565716493e-05,29.0,1401.0,0.017819783898200794,0.3619300659828591,0.029184235463852834,0.9628836545324768,0.009992862241256244,0.3364575823119442,0.0005373871611390987,0.0015861571737563085
dt7,dt7_node_17,11.0,0.000176147340281442,0.08342232936691785,6.0,0.20689655172413793,0.3333333333333333,0.000898227689552619,0.00043800587442945104,29.0,1401.0,0.017819783898200794,0.3619300659828591,0.029184235463852834,0.9628836545324768,0.02070664832701759,0.3609159265524673,0.002287927924800285,0.2433745021562719
dt7,dt7_node_18,59.0,0.00026434635560057,0.085915646482784,2.0,0.06896551724137931,0.0,0.000477625801186244,0.000281973420055965,29.0,1401.0,0.017819783898200794,0.3619300659828591,0.029184235463852834,0.9628836545324768,0.009992862241256246,0.33597692862292716,0.0,0.0014419610670511895
dt7,dt7_node_19,24.33,0.000214063688469137,0.08586536381565257,4.0,0.13793103448275862,0.5,0.000238857723728192,9.1479930245686e-05,29.0,1401.0,0.017819783898200794,0.3619300659828591,0.029184235463852834,0.9628836545324768,0.009992862241256246,0.33669790915645276,0.0005098102243594431,0.0010814708002883922
dt7,dt7_node_20,59.330000000000005,0.00133623356398207,0.08475856293089992,4.0,0.13793103448275862,0.5,0.002306272027608242,0.001661341788982728,29.0,1401.0,0.017819783898200794,0.3619300659828591,0.029184235463852834,0.9628836545324768,0.0162384011420414,0.36059548178540424,0.0027249389358690946,0.010592306572767688
dt7,dt7_node_21,38.33,0.000460221815123168,0.08388255118204102,2.0,0.06896551724137931,0.0,0.0044798017134721054,0.002842490866163495,29.0,1401.0,0.017819783898200794,0.3619300659828591,0.029184235463852834,0.9628836545324768,0.029643142696969976,0.3615568160865934,0.0004869795338445504,0.7137518684603886
dt7,dt7_node_22,34.67,0.000147377793482506,0.08601274160913508,3.0,0.10344827586206896,0.3333333333333333,0.0002391713731469555,6.447176534855749e-05,29.0,1401.0,0.017819783898200794,0.3619300659828591,0.029184235463852834,0.9628836545324768,0.009992862241256246,0.3364575823119442,0.00033987348290629533,0.0009613073780341264
dt7,dt7_node_23,54.669999999999995,0.000644930238625514,0.08540349316952543,3.0,0.10344827586206896,0.3333333333333333,0.0022003879169949212,0.001957714120175719,29.0,1401.0,0.017819783898200794,0.3619300659828591,0.029184235463852834,0.9628836545324768,0.019271948608137045,0.36145537039395864,0.0026349109907422537,0.009281784455488974
dt7,dt7_node_24,48.0,0.000174699607798398,0.08618744121693347,2.0,0.06896551724137931,0.0,0.0002718187642209315,0.0002718187642209315,29.0,1401.0,0.017819783898200794,0.3619300659828591,0.029184235463852834,0.9628836545324768,0.009992862241256246,0.33669790915645276,0.0,0.0007209805335255948
dt7,dt7_node_25,42.33,0.000242673796819202,0.08564616696634464,2.0,0.06896551724137931,0.0,0.0024496874203457104,0.00034717153123761993,29.0,1401.0,0.017819783898200794,0.3619300659828591,0.029184235463852834,0.9628836545324768,0.02462526766595289,0.35967765602290336,0.0009660894050410318,0.0073475385745775165
dt8,dt8_node_0,41.699999999999996,0.0167116522690757,0.0167116522690757,18.0,0.8571428571428571,0.8888888888888888,0.08263237587197879,0.0723375674132712,21.0,563.0,0.049395246553328255,0.20545037075631564,0.024089087199839706,0.8431372549019608,0.05704099821746881,0.20980030668001792,0.016578190878660637,0.17051594185028585
dt8,dt8_node_1,100.0,0.146230053916948,0.146230053916948,2.0,0.09523809523809523,0.0,0.07407988006463215,0.010538865479405746,21.0,563.0,0.049395246553328255,0.20545037075631564,0.024089087199839706,0.8431372549019608,0.0,0.14884135472370766,0.0008912655971479444,0.12834224598930483
dt8,dt8_node_2,28.799999999999997,0.0102948084587076,0.027006460727783302,17.0,0.8095238095238095,0.6470588235294118,0.02193937128738153,0.01235296435527867,21.0,563.0,0.049395246553328255,0.20545037075631564,0.024089087199839706,0.8431372549019608,0.06060606060606061,0.20854116809350834,0.01628070572638833,0.16252943470372713
dt8,dt8_node_3,96.3,0.0342923356426602,0.061298796370443505,14.0,0.6666666666666666,0.8571428571428571,0.048992069322864984,0.044308014187977925,21.0,563.0,0.049395246553328255,0.20545037075631564,0.024089087199839706,0.8431372549019608,0.05662964486493898,0.21174754245617883,0.015929325208693834,0.14093545741103952
dt8,dt8_node_4,33.6,0.00958640693210286,0.03659286765988616,3.0,0.14285714285714285,0.3333333333333333,0.07775183230007125,0.05538668452965175,21.0,563.0,0.049395246553328255,0.20545037075631564,0.024089087199839706,0.8431372549019608,0.07783719548425432,0.19464687918860282,0.008746678886224383,0.17114786718069894
dt8,dt8_node_5,38.9,0.00468405513488706,0.06598285150533056,13.0,0.6190476190476191,0.6923076923076923,0.0113807656628532,0.0072904613991925,21.0,563.0,0.049395246553328255,0.20545037075631564,0.024089087199839706,0.8431372549019608,0.06134878193701723,0.21156785905123474,0.016567104920087766,0.13700423503309236
dt8,dt8_node_6,68.8,0.0223651477704195,0.05895801543030566,2.0,0.09523809523809523,0.0,0.07854252840511,0.0009347422851974999,21.0,563.0,0.049395246553328255,0.20545037075631564,0.024089087199839706,0.8431372549019608,0.11675579322638147,0.18947477511089,0.005874062098412305,0.1372093023255814
dt8,dt8_node_7,25.2,0.0040903042636607,0.07007315576899126,11.0,0.5238095238095238,0.6363636363636364,0.016152485037549725,0.013749660568166275,21.0,563.0,0.049395246553328255,0.20545037075631564,0.024089087199839706,0.8431372549019608,0.07361853832442068,0.21003116348180254,0.01746500566886592,0.12318698793575088
dt8,dt8_node_8,89.60000000000001,0.0186712270620457,0.08465407856737626,2.0,0.09523809523809523,0.0,0.07964865166762469,0.016658178381181006,21.0,563.0,0.049395246553328255,0.20545037075631564,0.024089087199839706,0.8431372549019608,0.0,0.2192513368983957,0.007130124777183597,0.14260249554367202
dt8,dt8_node_9,22.2,0.00240282446938345,0.0724759802383747,9.0,0.42857142857142855,0.7777777777777778,0.05032752526375635,0.035193520028300146,21.0,563.0,0.049395246553328255,0.20545037075631564,0.024089087199839706,0.8431372549019608,0.08179837591602297,0.20682805053137499,0.015372668020250446,0.11235405134013218
dt8,dt8_node_10,96.89999999999999,0.029902145605716,0.09997530137470725,2.0,0.09523809523809523,0.0,0.07746299887315644,0.0019343135915137546,21.0,563.0,0.049395246553328255,0.20545037075631564,0.024089087199839706,0.8431372549019608,0.0,0.23885918003565063,0.0,0.0
dt8,dt8_node_11,85.1,0.0151340052354562,0.0876099854738309,8.0,0.38095238095238093,0.0,0.020021670241948175,0.018160217459888627,21.0,563.0,0.049395246553328255,0.20545037075631564,0.024089087199839706,0.8431372549019608,0.06283422459893048,0.20419318475477358,0.014261000258470215,0.10227536162130431
dt8,dt8_node_12,39.5,0.00186145278205955,0.08947143825589046,4.0,0.19047619047619047,0.5,0.0444459087831609,0.0105209470189641,21.0,563.0,0.049395246553328255,0.20545037075631564,0.024089087199839706,0.8431372549019608,0.03253119429590018,0.210044137734195,0.018215530775328198,0.10568082200159018
dt8,dt8_node_13,100.0,0.0381818877018368,0.1257918731756677,4.0,0.19047619047619047,0.0,0.017972654199962253,0.00196525029414075,21.0,563.0,0.049395246553328255,0.20545037075631564,0.024089087199839706,0.8431372549019608,0.09313725490196079,0.19834223177535215,0.0025454653371132564,0.039832956782036924
dt8,dt8_node_14,99.8,0.0339249617641968,0.12339640002008725,3.0,0.14285714285714285,0.3333333333333333,0.027437490133087702,0.0232270909467936,21.0,563.0,0.049395246553328255,0.20545037075631564,0.024089087199839706,0.8431372549019608,0.032679738562091505,0.21989924319132692,0.0073426834979549395,0.08728217116425308
dt8,dt8_node_15,100.0,0.019937904494103,0.1457297776697707,2.0,0.09523809523809523,0.0,0.00933687644156899,0.00275411214514201,21.0,563.0,0.049395246553328255,0.20545037075631564,0.024089087199839706,0.8431372549019608,0.016042780748663103,0.2002196157217282,0.0023586531548832473,0.01841620626151013
dt8,dt8_node_16,97.8,0.0160074039058215,0.1417992770814892,2.0,0.09523809523809523,0.0,0.007825759460185804,0.002066276914429915,21.0,563.0,0.049395246553328255,0.20545037075631564,0.024089087199839706,0.8431372549019608,0.17023172905525846,0.1964648478289761,0.0005885591691822817,0.015463917525773196
dt8,dt8_node_17,45.2,0.0042103991862941,0.12760679920638135,2.0,0.09523809523809523,0.0,0.04172958427998185,0.0014933939307463506,21.0,563.0,0.049395246553328255,0.20545037075631564,0.024089087199839706,0.8431372549019608,0.03208556149732621,0.22191528545119704,0.00828729281767955,0.07918968692449356
