dataset_id,node_id,target_bootstrap,branch_length,depth,n_leaves_subtree,subtree_fraction,subtree_balance,mean_child_branch_length,std_child_branch_length,taxa_count,alignment_length,gap_fraction_global,gc_mean_global,gc_std_global,variable_site_fraction_global,gap_fraction_clade,gc_mean_clade,gc_std_clade,mean_pairwise_pdist_clade
dt001,dt001_node_0,63.0,0.0514832598,0.0514832598,25.0,12.5,0.92,0.0581573203,0.028684904000000004,2.0,8.0,0.4375,0.5625,0.4375,1.0,,,,
dt001,dt001_node_1,72.0,0.0294724163,0.0809556761,24.0,12.0,0.9166666666666666,0.0506580212,0.0006692395000000018,2.0,8.0,0.4375,0.5625,0.4375,1.0,,,,
dt001,dt001_node_2,97.0,0.0499887817,0.1309444578,23.0,11.5,0.9130434782608695,0.02905553795,0.01119790885,2.0,8.0,0.4375,0.5625,0.4375,1.0,,,,
dt001,dt001_node_3,64.0,0.0178576291,0.1488020869,22.0,11.0,0.09090909090909091,0.02194719325,0.0004941727500000007,2.0,8.0,0.4375,0.5625,0.4375,1.0,,,,
dt001,dt001_node_4,89.0,0.0214530205,0.1702551074,12.0,6.0,0.8333333333333334,0.0104743623,0.0104715029,2.0,8.0,0.4375,0.5625,0.4375,1.0,,,,
dt001,dt001_node_5,94.0,0.022441366,0.17124345289999998,10.0,5.0,0.8,0.0068642835,0.00010540149999999993,2.0,8.0,0.4375,0.5625,0.4375,1.0,,,,
dt001,dt001_node_6,69.0,2.8594e-06,0.1702579668,11.0,5.5,0.8181818181818182,0.0009403175,0.0009374974000000001,2.0,8.0,0.4375,0.5625,0.4375,1.0,,,,
dt001,dt001_node_7,66.0,0.006969685,0.17821313789999998,9.0,4.5,0.5555555555555556,0.008251548550000001,0.00824916375,2.0,8.0,0.4375,0.5625,0.4375,1.0,,,,
dt001,dt001_node_8,61.0,0.0018778149,0.1721357817,10.0,5.0,0.8,2.8201e-06,0.0,2.0,8.0,0.4375,0.5625,0.4375,1.0,,,,
dt001,dt001_node_9,37.0,2.3848e-06,0.1782155227,7.0,3.5,0.7142857142857143,0.0024000669,0.00046293980000000016,2.0,8.0,0.4375,0.5625,0.4375,1.0,,,,
dt001,dt001_node_10,98.0,0.0165007123,0.19471385019999998,2.0,1.0,0.0,2.41065e-06,4.0944999999999995e-07,2.0,8.0,0.4375,0.5625,0.4375,1.0,,,,
dt001,dt001_node_11,30.0,2.8201e-06,0.17213860179999999,9.0,4.5,0.3333333333333333,0.0053010835000000004,0.0034008394000000003,2.0,8.0,0.4375,0.5625,0.4375,1.0,,,,
dt001,dt001_node_12,61.0,0.0028630067,0.1810785294,6.0,3.0,0.6666666666666666,0.0013916711500000002,0.00138885105,2.0,8.0,0.4375,0.5625,0.4375,1.0,,,,
dt001,dt001_node_13,67.0,0.0019002441,0.1740388459,6.0,3.0,0.6666666666666666,0.00397522585,0.0021172599500000003,2.0,8.0,0.4375,0.5625,0.4375,1.0,,,,
dt001,dt001_node_14,88.0,0.0087019229,0.18084052469999998,3.0,1.5,0.3333333333333333,0.00165205105,0.00028074565,2.0,8.0,0.4375,0.5625,0.4375,1.0,,,,
dt001,dt001_node_15,53.0,0.0027805222,0.1838590516,5.0,2.5,0.2,0.00999247645,0.0020175246500000006,2.0,8.0,0.4375,0.5625,0.4375,1.0,,,,
dt001,dt001_node_16,58.0,0.0018579659,0.1758968118,5.0,2.5,0.6,2.8201e-06,0.0,2.0,8.0,0.4375,0.5625,0.4375,1.0,,,,
dt001,dt001_node_17,97.0,0.0013713054,0.18221183009999997,2.0,1.0,0.0,2.8711e-06,5.100000000000002e-08,2.0,8.0,0.4375,0.5625,0.4375,1.0,,,,
dt001,dt001_node_18,93.0,0.0079749518,0.19183400339999998,2.0,1.0,0.0,0.00495351605,0.004950682749999999,2.0,8.0,0.4375,0.5625,0.4375,1.0,,,,
dt001,dt001_node_19,98.0,0.0120100011,0.1958690527,3.0,1.5,0.3333333333333333,2.60245e-06,2.1764999999999994e-07,2.0,8.0,0.4375,0.5625,0.4375,1.0,,,,
dt001,dt001_node_20,66.0,2.8201e-06,0.1758996319,4.0,2.0,0.5,0.0018678725000000002,0.0018650524,2.0,8.0,0.4375,0.5625,0.4375,1.0,,,,
dt001,dt001_node_21,63.0,2.3848e-06,0.1958714375,2.0,1.0,0.0,2.8267e-06,6.600000000000072e-09,2.0,8.0,0.4375,0.5625,0.4375,1.0,,,,
dt001,dt001_node_22,99.0,0.0037329249,0.17963255679999998,3.0,1.5,0.3333333333333333,3.4442e-06,6.240999999999999e-07,2.0,8.0,0.4375,0.5625,0.4375,1.0,,,,
dt001,dt001_node_23,44.0,4.0683e-06,0.17963662509999997,2.0,1.0,0.0,0.0013412567,0.0012531118,2.0,8.0,0.4375,0.5625,0.4375,1.0,,,,
dt002,dt002_node_0,96.0,0.0316819818,0.0316819818,10.0,5.0,0.2,0.02106527395,0.011316894550000001,2.0,16.0,0.25,0.3125,0.1875,0.75,,,,
dt002,dt002_node_1,99.0,0.0361745249,0.0361745249,2.0,1.0,0.0,0.00164881515,0.00164679435,2.0,16.0,0.25,0.3125,0.1875,0.75,,,,
dt002,dt002_node_2,98.0,0.0323821685,0.06406415030000001,4.0,2.0,0.5,2.5948e-06,0.0,2.0,16.0,0.25,0.3125,0.1875,0.75,,,,
dt002,dt002_node_3,63.0,0.0097483794,0.0414303612,6.0,3.0,0.6666666666666666,0.05664782075,0.04568996445,2.0,16.0,0.25,0.3125,0.1875,0.75,,,,
dt002,dt002_node_4,47.0,0.0109578563,0.0523882175,5.0,2.5,0.6,0.08096731474999999,0.040592193549999996,2.0,16.0,0.25,0.3125,0.1875,0.75,,,,
dt002,dt002_node_5,56.0,0.0403751212,0.0927633387,4.0,2.0,0.5,0.16055125985,0.12670525594999998,2.0,16.0,0.25,0.3125,0.1875,0.75,,,,
dt002,dt002_node_6,93.0,0.0338460039,0.1266093426,3.0,1.5,0.3333333333333333,0.0008227854,0.0008201905999999999,2.0,16.0,0.25,0.3125,0.1875,0.75,,,,
dt002,dt002_node_7,56.0,2.5948e-06,0.1266119374,2.0,1.0,0.0,0.00165151365,0.00164891885,2.0,16.0,0.25,0.3125,0.1875,0.75,,,,
dt003,dt003_node_0,100.0,0.1679220018,0.1679220018,2.0,1.0,0.0,0.2297898773,0.011422628600000012,2.0,8.0,0.4375,0.5625,0.4375,1.0,,,,
dt003,dt003_node_1,31.0,0.018147641,0.018147641,34.0,17.0,0.9411764705882353,0.062262154900000005,0.044037053900000005,2.0,8.0,0.4375,0.5625,0.4375,1.0,,,,
dt003,dt003_node_2,32.0,0.018225101,0.036372742,33.0,16.5,0.5151515151515151,0.0146069469,0.0049555732000000005,2.0,8.0,0.4375,0.5625,0.4375,1.0,,,,
dt003,dt003_node_3,62.0,0.0195625201,0.0559352621,8.0,4.0,0.25,0.0227968722,0.006172742600000001,2.0,8.0,0.4375,0.5625,0.4375,1.0,,,,
dt003,dt003_node_4,27.0,0.0096513737,0.0460241157,25.0,12.5,0.68,0.011455486,0.0066702856,2.0,8.0,0.4375,0.5625,0.4375,1.0,,,,
dt003,dt003_node_5,36.0,0.0166241296,0.0725593917,5.0,2.5,0.6,0.052871887199999995,0.0416788117,2.0,8.0,0.4375,0.5625,0.4375,1.0,,,,
dt003,dt003_node_6,59.0,0.0289696148,0.08490487690000001,3.0,1.5,0.3333333333333333,0.046768359950000005,0.01325179105,2.0,8.0,0.4375,0.5625,0.4375,1.0,,,,
dt003,dt003_node_7,17.0,0.0047852004,0.0508093161,4.0,2.0,0.0,0.2017058531,0.1476984575,2.0,8.0,0.4375,0.5625,0.4375,1.0,,,,
dt003,dt003_node_8,30.0,0.0181257716,0.0641498873,21.0,10.5,0.8095238095238095,0.0117135789,0.0053631899,2.0,8.0,0.4375,0.5625,0.4375,1.0,,,,
dt003,dt003_node_9,60.0,0.0111930755,0.0837524672,4.0,2.0,0.5,0.06622198385,0.045892616149999996,2.0,8.0,0.4375,0.5625,0.4375,1.0,,,,
dt003,dt003_node_10,62.0,0.0335165689,0.11842144580000001,2.0,1.0,0.0,0.1788647432,0.1534599786,2.0,8.0,0.4375,0.5625,0.4375,1.0,,,,
dt003,dt003_node_11,57.0,0.3494043106,0.4002136267,2.0,1.0,0.0,4.98086928615,4.98086688455,2.0,8.0,0.4375,0.5625,0.4375,1.0,,,,
dt003,dt003_node_12,96.0,0.0540073956,0.10481671170000001,2.0,1.0,0.0,0.09820135890000001,0.016606886300000005,2.0,8.0,0.4375,0.5625,0.4375,1.0,,,,
dt003,dt003_node_13,26.0,0.006350389,0.0705002763,19.0,9.5,0.47368421052631576,0.0329107976,0.0181911949,2.0,8.0,0.4375,0.5625,0.4375,1.0,,,,
dt003,dt003_node_14,38.0,0.0170767688,0.0812266561,2.0,1.0,0.0,0.11252192650000001,0.0377276177,2.0,8.0,0.4375,0.5625,0.4375,1.0,,,,
dt003,dt003_node_15,53.0,0.0203293677,0.1040818349,3.0,1.5,0.3333333333333333,0.1227378761,0.04258532000000001,2.0,8.0,0.4375,0.5625,0.4375,1.0,,,,
dt003,dt003_node_16,80.0,0.0511019925,0.1216022688,14.0,7.0,0.42857142857142855,0.0470293432,0.024878149199999998,2.0,8.0,0.4375,0.5625,0.4375,1.0,,,,
dt003,dt003_node_17,57.0,0.0147196027,0.085219879,5.0,2.5,0.6,0.0595591105,0.009864547099999996,2.0,8.0,0.4375,0.5625,0.4375,1.0,,,,
dt003,dt003_node_18,100.0,0.0801525561,0.184234391,2.0,1.0,0.0,0.007681906949999999,0.00541038355,2.0,8.0,0.4375,0.5625,0.4375,1.0,,,,
dt003,dt003_node_19,100.0,0.0719074924,0.1935097612,4.0,2.0,0.0,0.007444384700000001,0.0002792414000000001,2.0,8.0,0.4375,0.5625,0.4375,1.0,,,,
dt003,dt003_node_20,59.0,0.022151194,0.1437534628,10.0,5.0,0.2,0.0451508172,0.026784685099999997,2.0,8.0,0.4375,0.5625,0.4375,1.0,,,,
dt003,dt003_node_21,94.0,0.0496945634,0.1349144424,4.0,2.0,0.5,0.0963462272,0.0271583975,2.0,8.0,0.4375,0.5625,0.4375,1.0,,,,
dt003,dt003_node_22,91.0,0.0077236261,0.20123338729999998,2.0,1.0,0.0,0.0057212154,0.0020014075,2.0,8.0,0.4375,0.5625,0.4375,1.0,,,,
dt003,dt003_node_23,100.0,0.0071651433,0.2006749045,2.0,1.0,0.0,0.0009462083499999999,0.00094365415,2.0,8.0,0.4375,0.5625,0.4375,1.0,,,,
dt003,dt003_node_24,80.0,0.0183661321,0.1621195949,6.0,3.0,0.0,0.032786041599999996,0.0099625648,2.0,8.0,0.4375,0.5625,0.4375,1.0,,,,
dt003,dt003_node_25,100.0,0.0719355023,0.21568896510000002,4.0,2.0,0.5,0.0009297255999999999,0.0009271714,2.0,8.0,0.4375,0.5625,0.4375,1.0,,,,
dt003,dt003_node_26,99.0,0.1235046247,0.2584190671,3.0,1.5,0.3333333333333333,0.00193147465,0.0019291143500000001,2.0,8.0,0.4375,0.5625,0.4375,1.0,,,,
dt003,dt003_node_27,100.0,0.0427486064,0.2048682013,3.0,1.5,0.3333333333333333,0.0019270022,0.0019244479999999998,2.0,8.0,0.4375,0.5625,0.4375,1.0,,,,
dt003,dt003_node_28,88.0,0.0228234768,0.1849430717,3.0,1.5,0.3333333333333333,0.0129774369,0.0054908814000000005,2.0,8.0,0.4375,0.5625,0.4375,1.0,,,,
dt003,dt003_node_29,63.0,0.001856897,0.21754586210000001,3.0,1.5,0.3333333333333333,0.0018509211,1.3053600000000054e-05,2.0,8.0,0.4375,0.5625,0.4375,1.0,,,,
dt003,dt003_node_30,81.0,0.003860589,0.26227965610000004,2.0,1.0,0.0,0.00096967785,0.0009671236500000001,2.0,8.0,0.4375,0.5625,0.4375,1.0,,,,
dt003,dt003_node_31,97.0,0.0038514502,0.2087196515,2.0,1.0,0.0,2.5542e-06,0.0,2.0,8.0,0.4375,0.5625,0.4375,1.0,,,,
dt003,dt003_node_32,77.0,0.0074865555,0.19242962719999998,2.0,1.0,0.0,0.0046840016,0.0046814419000000005,2.0,8.0,0.4375,0.5625,0.4375,1.0,,,,
dt003,dt003_node_33,74.0,0.0018378675,0.21938372960000002,2.0,1.0,0.0,0.00091910005,0.00091654585,2.0,8.0,0.4375,0.5625,0.4375,1.0,,,,
dt004,dt004_node_0,39.0,0.0611448577,0.0611448577,2.0,1.0,0.0,0.1873750923,0.1137328818,2.0,8.0,0.4375,0.5625,0.4375,1.0,,,,
dt004,dt004_node_1,7.0,0.0020176134,0.0020176134,25.0,12.5,0.76,0.044298189700000004,0.0188559906,2.0,8.0,0.4375,0.5625,0.4375,1.0,,,,
dt004,dt004_node_2,4.0,0.0254421991,0.0274598125,22.0,11.0,0.8181818181818182,0.02957100185,0.000361938249999999,2.0,8.0,0.4375,0.5625,0.4375,1.0,,,,
dt004,dt004_node_3,84.0,0.0631541803,0.06517179370000001,3.0,1.5,0.3333333333333333,0.0566777857,0.0456337591,2.0,8.0,0.4375,0.5625,0.4375,1.0,,,,
dt004,dt004_node_4,23.0,0.0299329401,0.0573927526,20.0,10.0,0.9,0.047195942049999995,0.035479922049999994,2.0,8.0,0.4375,0.5625,0.4375,1.0,,,,
dt004,dt004_node_5,24.0,0.0292090636,0.0566688761,2.0,1.0,0.0,0.13587414775,0.07076511325,2.0,8.0,0.4375,0.5625,0.4375,1.0,,,,
dt004,dt004_node_6,71.0,0.0110440266,0.07621582030000001,2.0,1.0,0.0,0.052646759599999995,0.0209405549,2.0,8.0,0.4375,0.5625,0.4375,1.0,,,,
dt004,dt004_node_7,25.0,0.01171602,0.0691087726,19.0,9.5,0.6842105263157895,0.0052854785,0.005283459,2.0,8.0,0.4375,0.5625,0.4375,1.0,,,,
dt004,dt004_node_8,18.0,0.0105689375,0.07967771010000001,16.0,8.0,0.875,0.0546303868,0.025484427,2.0,8.0,0.4375,0.5625,0.4375,1.0,,,,
dt004,dt004_node_9,15.0,2.0195e-06,0.06911079210000001,3.0,1.5,0.3333333333333333,0.05252085615,0.03123421655,2.0,8.0,0.4375,0.5625,0.4375,1.0,,,,
dt004,dt004_node_10,38.0,0.0291459598,0.1088236699,15.0,7.5,0.4666666666666667,0.02563675695,0.01801274245,2.0,8.0,0.4375,0.5625,0.4375,1.0,,,,
dt004,dt004_node_11,44.0,0.0212866396,0.09039743170000002,2.0,1.0,0.0,0.08039803855,0.024201268849999995,2.0,8.0,0.4375,0.5625,0.4375,1.0,,,,
dt004,dt004_node_12,16.0,0.0076240145,0.1164476844,11.0,5.5,0.6363636363636364,0.0577590115,0.037052434300000006,2.0,8.0,0.4375,0.5625,0.4375,1.0,,,,
dt004,dt004_node_13,55.0,0.0436494994,0.1524731693,4.0,2.0,0.0,0.0565976919,0.001063518599999997,2.0,8.0,0.4375,0.5625,0.4375,1.0,,,,
dt004,dt004_node_14,35.0,0.0207065772,0.1371542616,9.0,4.5,0.7777777777777778,0.0478357882,0.0478336802,2.0,8.0,0.4375,0.5625,0.4375,1.0,,,,
dt004,dt004_node_15,39.0,0.0948114458,0.2112591302,2.0,1.0,0.0,0.29869279195,0.09756157765,2.0,8.0,0.4375,0.5625,0.4375,1.0,,,,
dt004,dt004_node_16,69.0,0.0576612105,0.2101343798,2.0,1.0,0.0,0.22711261185,0.008784881150000007,2.0,8.0,0.4375,0.5625,0.4375,1.0,,,,
dt004,dt004_node_17,96.0,0.0555341733,0.20800734259999998,2.0,1.0,0.0,0.06875442705000001,0.00522682285,2.0,8.0,0.4375,0.5625,0.4375,1.0,,,,
dt004,dt004_node_18,18.0,2.108e-06,0.1371563696,8.0,4.0,0.25,0.1060111811,0.0264694954,2.0,8.0,0.4375,0.5625,0.4375,1.0,,,,
dt004,dt004_node_19,35.0,0.0795416857,0.2166980553,5.0,2.5,0.6,0.06516937055,0.0017098932500000039,2.0,8.0,0.4375,0.5625,0.4375,1.0,,,,
dt004,dt004_node_20,56.0,0.1324806765,0.2696370461,3.0,1.5,0.3333333333333333,0.2435967161,0.2003028195,2.0,8.0,0.4375,0.5625,0.4375,1.0,,,,
dt004,dt004_node_21,34.0,0.0634594773,0.2801575326,4.0,2.0,0.5,0.2040567421,0.12516779979999998,2.0,8.0,0.4375,0.5625,0.4375,1.0,,,,
dt004,dt004_node_22,56.0,0.0432938966,0.3129309427,2.0,1.0,0.0,0.43000795435,0.33560210975,2.0,8.0,0.4375,0.5625,0.4375,1.0,,,,
dt004,dt004_node_23,94.0,0.0788889423,0.35904647489999997,3.0,1.5,0.3333333333333333,0.06909295535,0.02104037655,2.0,8.0,0.4375,0.5625,0.4375,1.0,,,,
dt004,dt004_node_24,100.0,0.0901333319,0.44917980679999997,2.0,1.0,0.0,0.10614088105,0.03219778065,2.0,8.0,0.4375,0.5625,0.4375,1.0,,,,
dt005,dt005_node_0,98.0,0.038504901,0.038504901,52.0,26.0,0.9230769230769231,0.0604678303,0.008346356199999998,2.0,8.0,0.3125,0.22916666666666666,0.10416666666666666,1.0,,,,
dt005,dt005_node_1,98.0,0.0521214741,0.0906263751,50.0,25.0,0.92,0.11478236455,0.003917636449999998,2.0,8.0,0.3125,0.22916666666666666,0.10416666666666666,1.0,,,,
dt005,dt005_node_2,100.0,0.0688141865,0.1073190875,2.0,1.0,0.0,0.0030975036,0.0026740398,2.0,8.0,0.3125,0.22916666666666666,0.10416666666666666,1.0,,,,
dt005,dt005_node_3,100.0,0.118700001,0.2093263761,48.0,24.0,0.375,0.02051234355,0.00621320025,2.0,8.0,0.3125,0.22916666666666666,0.10416666666666666,1.0,,,,
dt005,dt005_node_4,100.0,0.1108647281,0.20149110320000002,2.0,1.0,0.0,0.0207187771,0.0033680463,2.0,8.0,0.3125,0.22916666666666666,0.10416666666666666,1.0,,,,
dt005,dt005_node_5,47.0,0.0267255438,0.2360519199,33.0,16.5,0.8181818181818182,0.05680457805,0.019986494549999997,2.0,8.0,0.3125,0.22916666666666666,0.10416666666666666,1.0,,,,
dt005,dt005_node_6,61.0,0.0142991433,0.2236255194,15.0,7.5,0.7333333333333333,0.11972213239999999,0.050588186,2.0,8.0,0.3125,0.22916666666666666,0.10416666666666666,1.0,,,,
dt005,dt005_node_7,70.0,0.0368180835,0.2728700034,30.0,15.0,0.6666666666666666,0.17066700499999998,0.10582833709999999,2.0,8.0,0.3125,0.22916666666666666,0.10416666666666666,1.0,,,,
dt005,dt005_node_8,99.0,0.0767910726,0.3128429925,3.0,1.5,0.3333333333333333,0.1328247417,0.027833816799999994,2.0,8.0,0.3125,0.22916666666666666,0.10416666666666666,1.0,,,,
dt005,dt005_node_9,86.0,0.0691339464,0.2927594658,13.0,6.5,0.6923076923076923,0.15251534985,0.011716033850000002,2.0,8.0,0.3125,0.22916666666666666,0.10416666666666666,1.0,,,,
dt005,dt005_node_10,100.0,0.1703103184,0.39393583779999997,2.0,1.0,0.0,0.04941747515,0.007156150649999998,2.0,8.0,0.3125,0.22916666666666666,0.10416666666666666,1.0,,,,
dt005,dt005_node_11,100.0,0.2764953421,0.5493653455,25.0,12.5,0.04,0.0977906429,0.008025375099999996,2.0,8.0,0.3125,0.22916666666666666,0.10416666666666666,1.0,,,,
dt005,dt005_node_12,97.0,0.0648386679,0.3377086713,5.0,2.5,0.6,0.10410050409999999,0.041108869099999994,2.0,8.0,0.3125,0.22916666666666666,0.10416666666666666,1.0,,,,
dt005,dt005_node_13,100.0,0.1049909249,0.4178339174,2.0,1.0,0.0,0.018285837149999998,5.21849500000008e-05,2.0,8.0,0.3125,0.22916666666666666,0.10416666666666666,1.0,,,,
dt005,dt005_node_14,100.0,0.140799316,0.4335587818,2.0,1.0,0.0,0.10389998115,0.024920833150000002,2.0,8.0,0.3125,0.22916666666666666,0.10416666666666666,1.0,,,,
dt005,dt005_node_15,100.0,0.1642313837,0.4569908495,11.0,5.5,0.09090909090909091,0.026815237800000002,0.0007135603000000008,2.0,8.0,0.3125,0.22916666666666666,0.10416666666666666,1.0,,,,
dt005,dt005_node_16,95.0,0.0897652678,0.6391306133000001,13.0,6.5,0.5384615384615384,0.054350287649999995,0.028860726449999995,2.0,8.0,0.3125,0.22916666666666666,0.10416666666666666,1.0,,,,
dt005,dt005_node_17,93.0,0.105816018,0.6551813635,12.0,6.0,0.6666666666666666,0.23538553774999998,0.07964022585000001,2.0,8.0,0.3125,0.22916666666666666,0.10416666666666666,1.0,,,,
dt005,dt005_node_18,89.0,0.062991635,0.4007003063,4.0,2.0,0.0,0.06558162270000001,0.018135083000000003,2.0,8.0,0.3125,0.22916666666666666,0.10416666666666666,1.0,,,,
dt005,dt005_node_19,99.0,0.0261016775,0.483092527,5.0,2.5,0.6,0.0042911477,0.0023875697,2.0,8.0,0.3125,0.22916666666666666,0.10416666666666666,1.0,,,,
dt005,dt005_node_20,98.0,0.0275287981,0.4845196476,6.0,3.0,0.6666666666666666,0.0031592756000000002,0.0026184734,2.0,8.0,0.3125,0.22916666666666666,0.10416666666666666,1.0,,,,
dt005,dt005_node_21,45.0,0.0254895612,0.6646201745000001,10.0,5.0,0.6,0.24357938435,0.07398079025000001,2.0,8.0,0.3125,0.22916666666666666,0.10416666666666666,1.0,,,,
dt005,dt005_node_22,72.0,0.0832110141,0.7223416274000001,3.0,1.5,0.3333333333333333,0.25868832795,0.14969048715000002,2.0,8.0,0.3125,0.22916666666666666,0.10416666666666666,1.0,,,,
dt005,dt005_node_23,91.0,0.1557453119,0.8109266754,10.0,5.0,0.2,0.10308150769999999,0.031357863199999995,2.0,8.0,0.3125,0.22916666666666666,0.10416666666666666,1.0,,,,
dt005,dt005_node_24,100.0,0.3150257636,0.9702071271,2.0,1.0,0.0,0.68278569545,0.15442231615000002,2.0,8.0,0.3125,0.22916666666666666,0.10416666666666666,1.0,,,,
dt005,dt005_node_25,100.0,0.0837167057,0.484417012,2.0,1.0,0.0,0.0021041105,0.00021912579999999997,2.0,8.0,0.3125,0.22916666666666666,0.10416666666666666,1.0,,,,
dt005,dt005_node_26,100.0,0.0474465397,0.448146846,2.0,1.0,0.0,0.010242659,0.0042967461,2.0,8.0,0.3125,0.22916666666666666,0.10416666666666666,1.0,,,,
dt005,dt005_node_27,64.0,0.001903578,0.484996105,4.0,2.0,0.5,0.0041438094,0.0041408721999999995,2.0,8.0,0.3125,0.22916666666666666,0.10416666666666666,1.0,,,,
dt005,dt005_node_28,59.0,0.0005408022,0.4850604498,5.0,2.5,0.2,0.0026845359499999997,0.0006263187500000001,2.0,8.0,0.3125,0.22916666666666666,0.10416666666666666,1.0,,,,
dt005,dt005_node_29,99.0,0.1695985941,0.8342187686000001,8.0,4.0,0.5,0.14985993305,0.10788776765000002,2.0,8.0,0.3125,0.22916666666666666,0.10416666666666666,1.0,,,,
dt005,dt005_node_30,100.0,0.3175601746,0.9821803491000001,2.0,1.0,0.0,2.9351e-06,2.099999999999946e-09,2.0,8.0,0.3125,0.22916666666666666,0.10416666666666666,1.0,,,,
dt005,dt005_node_31,95.0,0.1089978408,0.8313394682,2.0,1.0,0.0,0.33811752154999997,0.10915582345,2.0,8.0,0.3125,0.22916666666666666,0.10416666666666666,1.0,,,,
dt005,dt005_node_32,74.0,0.0717236445,0.8826503199,6.0,3.0,0.0,0.1690604208,0.09017359339999999,2.0,8.0,0.3125,0.22916666666666666,0.10416666666666666,1.0,,,,
dt005,dt005_node_33,100.0,0.1344393709,0.9453660463,4.0,2.0,0.5,0.14919356335,0.011432757749999994,2.0,8.0,0.3125,0.22916666666666666,0.10416666666666666,1.0,,,,
dt005,dt005_node_34,63.0,2.9372e-06,0.4849990422,3.0,1.5,0.3333333333333333,0.00135336745,0.00135043445,2.0,8.0,0.3125,0.22916666666666666,0.10416666666666666,1.0,,,,
dt005,dt005_node_35,87.0,0.0020582172,0.487118667,3.0,1.5,0.3333333333333333,0.0022924874499999997,0.0019585537499999996,2.0,8.0,0.3125,0.22916666666666666,0.10416666666666666,1.0,,,,
dt005,dt005_node_36,84.0,0.0033108547,0.4883713045,2.0,1.0,0.0,0.00743563935,0.0028217610500000006,2.0,8.0,0.3125,0.22916666666666666,0.10416666666666666,1.0,,,,
dt005,dt005_node_37,100.0,0.2577477007,1.0919664693000002,6.0,3.0,0.6666666666666666,0.075901256,0.034295532899999995,2.0,8.0,0.3125,0.22916666666666666,0.10416666666666666,1.0,,,,
dt005,dt005_node_38,47.0,0.0419721654,0.8761909340000001,2.0,1.0,0.0,0.37550760225,0.03899059985,2.0,8.0,0.3125,0.22916666666666666,0.10416666666666666,1.0,,,,
dt005,dt005_node_39,82.0,0.0788868274,0.9615371473,3.0,1.5,0.3333333333333333,0.2519631065,0.05088298449999999,2.0,8.0,0.3125,0.22916666666666666,0.10416666666666666,1.0,,,,
dt005,dt005_node_40,100.0,0.2592340142,1.1418843341,3.0,1.5,0.3333333333333333,0.00158158945,0.00140737855,2.0,8.0,0.3125,0.22916666666666666,0.10416666666666666,1.0,,,,
dt005,dt005_node_41,100.0,0.1606263211,1.1059923674,3.0,1.5,0.3333333333333333,0.024110440099999998,0.0056484317,2.0,8.0,0.3125,0.22916666666666666,0.10416666666666666,1.0,,,,
dt005,dt005_node_42,92.0,0.0027038019,0.48770284410000003,2.0,1.0,0.0,0.00618928555,0.00480384165,2.0,8.0,0.3125,0.22916666666666666,0.10416666666666666,1.0,,,,
dt005,dt005_node_43,86.0,0.0003339337,0.4874526007,2.0,1.0,0.0,0.00134359445,0.00036270735,2.0,8.0,0.3125,0.22916666666666666,0.10416666666666666,1.0,,,,
dt005,dt005_node_44,73.0,0.0416057231,1.1335721924000002,5.0,2.5,0.2,0.04634225855,0.024557105349999997,2.0,8.0,0.3125,0.22916666666666666,0.10416666666666666,1.0,,,,
dt005,dt005_node_45,100.0,0.201080122,1.1626172692999999,2.0,1.0,0.0,0.00228325645,0.00228032345,2.0,8.0,0.3125,0.22916666666666666,0.10416666666666666,1.0,,,,
dt005,dt005_node_46,97.0,0.002988968,1.1448733021,2.0,1.0,0.0,0.0005112260500000001,0.00050829305,2.0,8.0,0.3125,0.22916666666666666,0.10416666666666666,1.0,,,,
dt005,dt005_node_47,99.0,0.0297588718,1.1357512392,2.0,1.0,0.0,0.0056366829,0.00022498359999999998,2.0,8.0,0.3125,0.22916666666666666,0.10416666666666666,1.0,,,,
dt005,dt005_node_48,100.0,0.0708993639,1.2044715563000001,2.0,1.0,0.0,0.00351493215,0.00351247665,2.0,8.0,0.3125,0.22916666666666666,0.10416666666666666,1.0,,,,
dt005,dt005_node_49,63.0,0.0217851532,1.1553573456000001,3.0,1.5,0.3333333333333333,0.10536025885,0.00036846235000000116,2.0,8.0,0.3125,0.22916666666666666,0.10416666666666666,1.0,,,,
dt005,dt005_node_50,100.0,0.1057287212,1.2610860668000001,2.0,1.0,0.0,0.03536073815,0.00864218915,2.0,8.0,0.3125,0.22916666666666666,0.10416666666666666,1.0,,,,
dt007,dt007_node_0,100.0,0.3488772354,0.3488793775,109.0,54.5,0.926605504587156,0.029756536899999998,0.009429736,2.0,8.0,0.375,0.3125,0.1875,0.5,,,,
dt007,dt007_node_1,95.0,0.0391862729,0.38806565039999996,105.0,52.5,0.2,0.0369811784,0.0165408764,2.0,8.0,0.375,0.3125,0.1875,0.5,,,,
dt007,dt007_node_2,91.0,0.0203268009,0.3692061784,4.0,2.0,0.0,0.10605389015,0.00028607424999999714,2.0,8.0,0.375,0.3125,0.1875,0.5,,,,
dt007,dt007_node_3,72.0,0.020440302,0.4085059524,63.0,31.5,0.1746031746031746,0.05580607875,0.014392448350000003,2.0,8.0,0.375,0.3125,0.1875,0.5,,,,
dt007,dt007_node_4,100.0,0.0535220548,0.44158770519999996,42.0,21.0,0.5238095238095238,0.0070923524,0.0014665894000000005,2.0,8.0,0.375,0.3125,0.1875,0.5,,,,
dt007,dt007_node_5,100.0,0.1057678159,0.4749739943,2.0,1.0,0.0,2.1421e-06,0.0,2.0,8.0,0.375,0.3125,0.1875,0.5,,,,
dt007,dt007_node_6,100.0,0.1063399644,0.47554614279999996,2.0,1.0,0.0,2.1421e-06,0.0,2.0,8.0,0.375,0.3125,0.1875,0.5,,,,
dt007,dt007_node_7,100.0,0.0414136304,0.4499195828,26.0,13.0,0.5384615384615384,0.0031490718999999997,0.0005650169999999999,2.0,8.0,0.375,0.3125,0.1875,0.5,,,,
dt007,dt007_node_8,100.0,0.0701985271,0.4787044795,37.0,18.5,0.8918918918918919,0.001202429,0.0005789885,2.0,8.0,0.375,0.3125,0.1875,0.5,,,,
dt007,dt007_node_9,92.0,0.0085589418,0.45014664699999996,32.0,16.0,0.8125,0.0006250264499999999,0.0006228843499999999,2.0,8.0,0.375,0.3125,0.1875,0.5,,,,
dt007,dt007_node_10,100.0,0.005625763,0.44721346819999996,10.0,5.0,0.8,2.1421e-06,0.0,2.0,8.0,0.375,0.3125,0.1875,0.5,,,,
dt007,dt007_node_11,92.0,0.0025840549,0.4525036377,20.0,10.0,0.8,0.00061527985,0.0006131377500000001,2.0,8.0,0.375,0.3125,0.1875,0.5,,,,
dt007,dt007_node_12,92.0,0.0037140889,0.4536336717,6.0,3.0,0.3333333333333333,0.00374450375,0.00120484235,2.0,8.0,0.375,0.3125,0.1875,0.5,,,,
dt007,dt007_node_13,99.0,0.0006234405,0.47932792,2.0,1.0,0.0,2.1421e-06,0.0,2.0,8.0,0.375,0.3125,0.1875,0.5,,,,
dt007,dt007_node_14,91.0,0.0017814175,0.480485897,35.0,17.5,0.6571428571428571,0.00060075435,0.00059861225,2.0,8.0,0.375,0.3125,0.1875,0.5,,,,
dt007,dt007_node_15,62.0,0.0012479108,0.45139455779999993,29.0,14.5,0.6551724137931034,0.0006251016,0.0006229595,2.0,8.0,0.375,0.3125,0.1875,0.5,,,,
dt007,dt007_node_16,97.0,2.1421e-06,0.45014878909999995,3.0,1.5,0.3333333333333333,2.1421e-06,0.0,2.0,8.0,0.375,0.3125,0.1875,0.5,,,,
dt007,dt007_node_17,68.0,0.0012284176,0.4537320553,18.0,9.0,0.4444444444444444,0.00061553735,0.00061339525,2.0,8.0,0.375,0.3125,0.1875,0.5,,,,
dt007,dt007_node_18,95.0,2.1421e-06,0.4525057798,2.0,1.0,0.0,2.1421e-06,0.0,2.0,8.0,0.375,0.3125,0.1875,0.5,,,,
dt007,dt007_node_19,100.0,0.0049493461,0.4585830178,4.0,2.0,0.5,2.1421e-06,0.0,2.0,8.0,0.375,0.3125,0.1875,0.5,,,,
dt007,dt007_node_20,100.0,0.0025396614,0.4561733331,2.0,1.0,0.0,2.1421e-06,0.0,2.0,8.0,0.375,0.3125,0.1875,0.5,,,,
dt007,dt007_node_21,74.0,0.0011993666,0.48168526359999997,29.0,14.5,0.034482758620689655,2.1421e-06,0.0,2.0,8.0,0.375,0.3125,0.1875,0.5,,,,
dt007,dt007_node_22,93.0,2.1421e-06,0.4804880391,6.0,3.0,0.6666666666666666,2.1421e-06,0.0,2.0,8.0,0.375,0.3125,0.1875,0.5,,,,
dt007,dt007_node_23,92.0,2.1421e-06,0.4513966998999999,24.0,12.0,0.9166666666666666,2.1421e-06,0.0,2.0,8.0,0.375,0.3125,0.1875,0.5,,,,
dt007,dt007_node_24,94.0,0.0012480611,0.4526426188999999,5.0,2.5,0.6,2.1421e-06,0.0,2.0,8.0,0.375,0.3125,0.1875,0.5,,,,
dt007,dt007_node_25,53.0,2.1421e-06,0.4537341974,13.0,6.5,0.38461538461538464,2.1421e-06,0.0,2.0,8.0,0.375,0.3125,0.1875,0.5,,,,
dt007,dt007_node_26,92.0,0.0012289326,0.4549609879,5.0,2.5,0.6,2.1421e-06,0.0,2.0,8.0,0.375,0.3125,0.1875,0.5,,,,
dt007,dt007_node_27,59.0,2.1421e-06,0.48168740569999996,14.0,7.0,0.5714285714285714,0.0018004272500000001,0.00060121535,2.0,8.0,0.375,0.3125,0.1875,0.5,,,,
dt007,dt007_node_28,46.0,2.1421e-06,0.48168740569999996,15.0,7.5,0.7333333333333333,2.1421e-06,0.0,2.0,8.0,0.375,0.3125,0.1875,0.5,,,,
dt007,dt007_node_29,74.0,2.1421e-06,0.4537363395,4.0,2.0,0.5,2.1421e-06,0.0,2.0,8.0,0.375,0.3125,0.1875,0.5,,,,
dt007,dt007_node_30,85.0,2.1421e-06,0.4537363395,9.0,4.5,0.7777777777777778,2.1421e-06,0.0,2.0,8.0,0.375,0.3125,0.1875,0.5,,,,
dt007,dt007_node_31,72.0,0.0011992119,0.48288661759999996,11.0,5.5,0.45454545454545453,0.0006005569999999999,0.0005984148999999999,2.0,8.0,0.375,0.3125,0.1875,0.5,,,,
dt007,dt007_node_32,97.0,0.0024016426,0.48408904829999994,3.0,1.5,0.3333333333333333,2.1421e-06,0.0,2.0,8.0,0.375,0.3125,0.1875,0.5,,,,
dt007,dt007_node_33,36.0,2.1421e-06,0.48168954779999995,13.0,6.5,0.8461538461538461,2.1421e-06,0.0,2.0,8.0,0.375,0.3125,0.1875,0.5,,,,
dt007,dt007_node_34,51.0,2.1421e-06,0.48168954779999995,2.0,1.0,0.0,2.1421e-06,0.0,2.0,8.0,0.375,0.3125,0.1875,0.5,,,,
dt007,dt007_node_35,88.0,2.1421e-06,0.48288875969999995,8.0,4.0,0.75,2.1421e-06,0.0,2.0,8.0,0.375,0.3125,0.1875,0.5,,,,
dt007,dt007_node_36,87.0,0.0011989719,0.48408558949999997,3.0,1.5,0.3333333333333333,2.1421e-06,0.0,2.0,8.0,0.375,0.3125,0.1875,0.5,,,,
dt008,dt008_node_0,42.0,0.0582383448,0.0582383448,39.0,19.5,0.8461538461538461,0.03611437,0.0023518168999999978,2.0,8.0,0.375,0.3125,0.1875,1.0,,,,
dt008,dt008_node_1,47.0,0.0337625531,0.0920008979,36.0,18.0,0.8333333333333334,0.0468739535,0.0080339979,2.0,8.0,0.375,0.3125,0.1875,1.0,,,,
dt008,dt008_node_2,35.0,0.0384661869,0.0967045317,3.0,1.5,0.3333333333333333,0.22480179560000002,0.1798722934,2.0,8.0,0.375,0.3125,0.1875,1.0,,,,
dt008,dt008_node_3,49.0,0.0388399556,0.13084085350000002,3.0,1.5,0.3333333333333333,0.28296808305,0.09922385404999999,2.0,8.0,0.375,0.3125,0.1875,1.0,,,,
dt008,dt008_node_4,95.0,0.0549079514,0.1469088493,33.0,16.5,0.8181818181818182,0.023539479949999997,0.0007909847499999994,2.0,8.0,0.375,0.3125,0.1875,1.0,,,,
dt008,dt008_node_5,61.0,0.0449295022,0.1416340339,2.0,1.0,0.0,0.2520205599,0.0458539565,2.0,8.0,0.375,0.3125,0.1875,1.0,,,,
dt008,dt008_node_6,100.0,0.3821919371,0.5130327906000001,2.0,1.0,0.0,0.0017255929999999999,0.00172314,2.0,8.0,0.375,0.3125,0.1875,1.0,,,,
dt008,dt008_node_7,87.0,0.0243304647,0.171239314,30.0,15.0,0.9333333333333333,0.1772575746,0.1772550346,2.0,8.0,0.375,0.3125,0.1875,1.0,,,,
dt008,dt008_node_8,87.0,0.0227484952,0.1696573445,3.0,1.5,0.3333333333333333,0.15961043435,0.07076427824999999,2.0,8.0,0.375,0.3125,0.1875,1.0,,,,
dt008,dt008_node_9,66.0,2.54e-06,0.171241854,29.0,14.5,0.7931034482758621,0.10434666845,0.06264613664999999,2.0,8.0,0.375,0.3125,0.1875,1.0,,,,
dt008,dt008_node_10,86.0,0.0888461561,0.2585035006,2.0,1.0,0.0,0.303431459,0.044160931099999995,2.0,8.0,0.375,0.3125,0.1875,1.0,,,,
dt008,dt008_node_11,89.0,0.0417005318,0.2129423858,26.0,13.0,0.6153846153846154,0.018385781849999998,0.007027488449999999,2.0,8.0,0.375,0.3125,0.1875,1.0,,,,
dt008,dt008_node_12,100.0,0.1669928051,0.3382346591,3.0,1.5,0.3333333333333333,0.07374767315,0.04092578425,2.0,8.0,0.375,0.3125,0.1875,1.0,,,,
dt008,dt008_node_13,32.0,0.0113582934,0.2243006792,5.0,2.5,0.6,0.20039177395,0.07727360365,2.0,8.0,0.375,0.3125,0.1875,1.0,,,,
dt008,dt008_node_14,46.0,0.0254132703,0.23835565609999998,21.0,10.5,0.9047619047619048,0.12107008025,0.08324600805,2.0,8.0,0.375,0.3125,0.1875,1.0,,,,
dt008,dt008_node_15,73.0,0.0328218889,0.371056548,2.0,1.0,0.0,0.09065489755,0.032174107349999995,2.0,8.0,0.375,0.3125,0.1875,1.0,,,,
dt008,dt008_node_16,99.0,0.1231181703,0.3474188495,4.0,2.0,0.0,0.08471546215,0.0028354180500000034,2.0,8.0,0.375,0.3125,0.1875,1.0,,,,
dt008,dt008_node_17,63.0,0.0378240722,0.2761797283,20.0,10.0,0.4,0.1322140145,0.0967384744,2.0,8.0,0.375,0.3125,0.1875,1.0,,,,
dt008,dt008_node_18,100.0,0.0818800441,0.4292988936,2.0,1.0,0.0,0.0017002561499999999,0.00169780315,2.0,8.0,0.375,0.3125,0.1875,1.0,,,,
dt008,dt008_node_19,100.0,0.0875508802,0.43496972970000003,2.0,1.0,0.0,0.00339374685,0.00099528235,2.0,8.0,0.375,0.3125,0.1875,1.0,,,,
dt008,dt008_node_20,100.0,0.2289524889,0.5051322172,6.0,3.0,0.6666666666666666,0.0003438566,0.0003414001,2.0,8.0,0.375,0.3125,0.1875,1.0,,,,
dt008,dt008_node_21,66.0,0.0354755401,0.31165526839999996,14.0,7.0,0.7142857142857143,0.14861213975,0.04458931075000001,2.0,8.0,0.375,0.3125,0.1875,1.0,,,,
dt008,dt008_node_22,62.0,0.0006852567,0.5058174739,5.0,2.5,0.6,0.01879693205,0.01614213985,2.0,8.0,0.375,0.3125,0.1875,1.0,,,,
dt008,dt008_node_23,100.0,0.1932014505,0.5048567189,2.0,1.0,0.0,0.00244073355,0.0024382805499999997,2.0,8.0,0.375,0.3125,0.1875,1.0,,,,
dt008,dt008_node_24,98.0,0.104022829,0.41567809739999995,12.0,6.0,0.5,0.05289354815,0.02774323425,2.0,8.0,0.375,0.3125,0.1875,1.0,,,,
dt008,dt008_node_25,93.0,0.0026547922,0.5084722661,4.0,2.0,0.5,2.453e-06,0.0,2.0,8.0,0.375,0.3125,0.1875,1.0,,,,
dt008,dt008_node_26,100.0,0.0806367824,0.49631487979999994,3.0,1.5,0.3333333333333333,0.0045011549,0.0044987019,2.0,8.0,0.375,0.3125,0.1875,1.0,,,,
dt008,dt008_node_27,71.0,0.0251503139,0.44082841129999994,9.0,4.5,0.5555555555555556,0.06432395675,0.029607093149999996,2.0,8.0,0.375,0.3125,0.1875,1.0,,,,
dt008,dt008_node_28,80.0,2.453e-06,0.5084747191,3.0,1.5,0.3333333333333333,2.453e-06,0.0,2.0,8.0,0.375,0.3125,0.1875,1.0,,,,
dt008,dt008_node_29,100.0,0.0089998568,0.5053147365999999,2.0,1.0,0.0,0.00088230645,0.0008798534499999999,2.0,8.0,0.375,0.3125,0.1875,1.0,,,,
dt008,dt008_node_30,100.0,0.0939310499,0.5347594612,7.0,3.5,0.42857142857142855,0.00527904535,0.00427043375,2.0,8.0,0.375,0.3125,0.1875,1.0,,,,
dt008,dt008_node_31,99.0,0.0347168636,0.4755452748999999,2.0,1.0,0.0,0.0017277851,0.0017253321,2.0,8.0,0.375,0.3125,0.1875,1.0,,,,
dt008,dt008_node_32,67.0,0.0010086116,0.5357680727999999,5.0,2.5,0.2,0.0035459678,0.0017521317000000001,2.0,8.0,0.375,0.3125,0.1875,1.0,,,,
dt008,dt008_node_33,100.0,0.0095494791,0.5443089403,2.0,1.0,0.0,2.453e-06,0.0,2.0,8.0,0.375,0.3125,0.1875,1.0,,,,
dt008,dt008_node_34,73.0,0.0017938361,0.5375619088999999,3.0,1.5,0.3333333333333333,0.00170507275,1.5746949999999966e-05,2.0,8.0,0.375,0.3125,0.1875,1.0,,,,
dt008,dt008_node_35,95.0,0.0052980995,0.5410661723,2.0,1.0,0.0,0.0053019816,5.572079999999983e-05,2.0,8.0,0.375,0.3125,0.1875,1.0,,,,
dt008,dt008_node_36,66.0,0.0017208197,0.5392827285999999,2.0,1.0,0.0,0.0011353380999999999,0.0011328851,2.0,8.0,0.375,0.3125,0.1875,1.0,,,,
dt009,dt009_node_0,99.0,0.0107113157,0.0107113157,61.0,30.5,0.9672131147540983,0.0088033181,0.0069164623000000005,2.0,8.0,0.3125,0.5625,0.4375,1.0,,,,
dt009,dt009_node_1,88.0,0.0018868558,0.0125981715,60.0,30.0,0.9666666666666667,0.01252885305,0.0002650267499999994,2.0,8.0,0.3125,0.5625,0.4375,1.0,,,,
dt009,dt009_node_2,99.0,0.0122638263,0.0248619978,59.0,29.5,0.2542372881355932,0.0198222967,0.0032581178,2.0,8.0,0.3125,0.5625,0.4375,1.0,,,,
dt009,dt009_node_3,99.0,0.0165641789,0.0414261767,37.0,18.5,0.9459459459459459,0.0252301056,0.002352654499999999,2.0,8.0,0.3125,0.5625,0.4375,1.0,,,,
dt009,dt009_node_4,100.0,0.0230804145,0.0479424123,22.0,11.0,0.9090909090909091,0.006982146599999999,0.0022204835,2.0,8.0,0.3125,0.5625,0.4375,1.0,,,,
dt009,dt009_node_5,100.0,0.0275827601,0.0690089368,36.0,18.0,0.1111111111111111,0.01484657285,0.01171967565,2.0,8.0,0.3125,0.5625,0.4375,1.0,,,,
dt009,dt009_node_6,84.0,0.0047616631,0.0527040754,21.0,10.5,0.9047619047619048,0.0011957984499999998,0.00119372725,2.0,8.0,0.3125,0.5625,0.4375,1.0,,,,
dt009,dt009_node_7,100.0,0.0265662485,0.0955751853,20.0,10.0,0.9,0.00056882665,0.00056675545,2.0,8.0,0.3125,0.5625,0.4375,1.0,,,,
dt009,dt009_node_8,53.0,0.0031268972,0.07213583400000001,16.0,8.0,0.75,0.02479030415,0.00897159045,2.0,8.0,0.3125,0.5625,0.4375,1.0,,,,
dt009,dt009_node_9,91.0,0.0023895257,0.0550936011,20.0,10.0,0.9,0.00059020475,0.00058813355,2.0,8.0,0.3125,0.5625,0.4375,1.0,,,,
dt009,dt009_node_10,60.0,0.0011355821,0.09671076740000001,19.0,9.5,0.2631578947368421,0.0005707337,0.0005686625,2.0,8.0,0.3125,0.5625,0.4375,1.0,,,,
dt009,dt009_node_11,100.0,0.0158187137,0.08795454770000001,14.0,7.0,0.0,0.00662599915,0.0028799332499999998,2.0,8.0,0.3125,0.5625,0.4375,1.0,,,,
dt009,dt009_node_12,100.0,0.0337618946,0.10589772860000002,2.0,1.0,0.0,0.0017013636,0.0001433541999999999,2.0,8.0,0.3125,0.5625,0.4375,1.0,,,,
dt009,dt009_node_13,66.0,0.0011783383,0.0562719394,19.0,9.5,0.8947368421052632,0.0005901851,0.0005881139,2.0,8.0,0.3125,0.5625,0.4375,1.0,,,,
dt009,dt009_node_14,11.0,2.0712e-06,0.0967128386,12.0,6.0,0.6666666666666666,1.78407e-05,1.57695e-05,2.0,8.0,0.3125,0.5625,0.4375,1.0,,,,
dt009,dt009_node_15,68.0,0.0011393962,0.09785016360000001,7.0,3.5,0.7142857142857143,0.00086797605,0.00086590485,2.0,8.0,0.3125,0.5625,0.4375,1.0,,,,
dt009,dt009_node_16,83.0,0.0037460659,0.09170061360000001,7.0,3.5,0.42857142857142855,0.007775583250000001,0.0017352405499999998,2.0,8.0,0.3125,0.5625,0.4375,1.0,,,,
dt009,dt009_node_17,100.0,0.0095059324,0.09746048010000001,7.0,3.5,0.7142857142857143,0.0005816779,0.0005796067,2.0,8.0,0.3125,0.5625,0.4375,1.0,,,,
dt009,dt009_node_18,19.0,2.0712e-06,0.0562740106,18.0,9.0,0.8888888888888888,0.0005909706,0.0005888994,2.0,8.0,0.3125,0.5625,0.4375,1.0,,,,
dt009,dt009_node_19,5.0,2.0712e-06,0.0967149098,10.0,5.0,0.2,2.0712e-06,0.0,2.0,8.0,0.3125,0.5625,0.4375,1.0,,,,
dt009,dt009_node_20,39.0,3.36102e-05,0.09674644880000001,2.0,1.0,0.0,0.0005551163,0.0005530451,2.0,8.0,0.3125,0.5625,0.4375,1.0,,,,
dt009,dt009_node_21,85.0,0.0017338809,0.09958404450000001,6.0,3.0,0.6666666666666666,0.0016323886499999998,0.00010894704999999999,2.0,8.0,0.3125,0.5625,0.4375,1.0,,,,
dt009,dt009_node_22,98.0,0.0095108238,0.1012114374,5.0,2.5,0.6,0.0011414027,3.886470000000002e-05,2.0,8.0,0.3125,0.5625,0.4375,1.0,,,,
dt009,dt009_node_23,98.0,0.0060403427,0.09774095630000001,2.0,1.0,0.0,0.00094503045,0.0009429513499999999,2.0,8.0,0.3125,0.5625,0.4375,1.0,,,,
dt009,dt009_node_24,63.0,0.0011612846,0.09862176470000002,6.0,3.0,0.6666666666666666,0.0005809144,0.0005788432,2.0,8.0,0.3125,0.5625,0.4375,1.0,,,,
dt009,dt009_node_25,15.0,2.0712e-06,0.0562760818,17.0,8.5,0.6470588235294118,2.0712e-06,0.0,2.0,8.0,0.3125,0.5625,0.4375,1.0,,,,
dt009,dt009_node_26,3.0,2.0712e-06,0.096716981,4.0,2.0,0.5,2.0712e-06,0.0,2.0,8.0,0.3125,0.5625,0.4375,1.0,,,,
dt009,dt009_node_27,9.0,2.0712e-06,0.096716981,6.0,3.0,0.6666666666666666,0.0005860587,0.0005839875,2.0,8.0,0.3125,0.5625,0.4375,1.0,,,,
dt009,dt009_node_28,83.0,0.0017413357,0.10132538020000001,5.0,2.5,0.2,2.0712e-06,0.0,2.0,8.0,0.3125,0.5625,0.4375,1.0,,,,
dt009,dt009_node_29,81.0,0.0011802674,0.10239170480000001,4.0,2.0,0.5,0.0005722471,0.0005701759,2.0,8.0,0.3125,0.5625,0.4375,1.0,,,,
dt009,dt009_node_30,18.0,2.0712e-06,0.09862383590000001,5.0,2.5,0.2,2.0712e-06,0.0,2.0,8.0,0.3125,0.5625,0.4375,1.0,,,,
dt009,dt009_node_31,11.0,2.0712e-06,0.056278153000000004,3.0,1.5,0.3333333333333333,0.00059568595,0.0005936147499999999,2.0,8.0,0.3125,0.5625,0.4375,1.0,,,,
dt009,dt009_node_32,3.0,2.0712e-06,0.056278153000000004,14.0,7.0,0.2857142857142857,2.0712e-06,0.0,2.0,8.0,0.3125,0.5625,0.4375,1.0,,,,
dt009,dt009_node_33,10.0,2.0712e-06,0.09671905219999999,3.0,1.5,0.3333333333333333,0.0005701158,0.0005680446,2.0,8.0,0.3125,0.5625,0.4375,1.0,,,,
dt009,dt009_node_34,23.0,2.0712e-06,0.09671905219999999,5.0,2.5,0.2,0.0005757995000000001,0.0005737283,2.0,8.0,0.3125,0.5625,0.4375,1.0,,,,
dt009,dt009_node_35,35.0,2.0712e-06,0.1013274514,3.0,1.5,0.3333333333333333,2.0712e-06,0.0,2.0,8.0,0.3125,0.5625,0.4375,1.0,,,,
dt009,dt009_node_36,49.0,2.0712e-06,0.1013274514,2.0,1.0,0.0,0.0018033064,0.0006504891,2.0,8.0,0.3125,0.5625,0.4375,1.0,,,,
dt009,dt009_node_37,34.0,2.0712e-06,0.102393776,3.0,1.5,0.3333333333333333,0.0005739756,0.0005719044,2.0,8.0,0.3125,0.5625,0.4375,1.0,,,,
dt009,dt009_node_38,14.0,2.0712e-06,0.09862590710000001,2.0,1.0,0.0,0.0005816988,0.0005796276,2.0,8.0,0.3125,0.5625,0.4375,1.0,,,,
dt009,dt009_node_39,21.0,2.0712e-06,0.09862590710000001,3.0,1.5,0.3333333333333333,0.0005834985000000001,0.0005814273,2.0,8.0,0.3125,0.5625,0.4375,1.0,,,,
dt009,dt009_node_40,22.0,2.0712e-06,0.056280224200000006,2.0,1.0,0.0,0.0011947483500000002,3.7468499999999657e-06,2.0,8.0,0.3125,0.5625,0.4375,1.0,,,,
dt009,dt009_node_41,10.0,2.0712e-06,0.056280224200000006,9.0,4.5,0.3333333333333333,2.0712e-06,0.0,2.0,8.0,0.3125,0.5625,0.4375,1.0,,,,
dt009,dt009_node_42,7.0,2.0712e-06,0.056280224200000006,5.0,2.5,0.2,2.0712e-06,0.0,2.0,8.0,0.3125,0.5625,0.4375,1.0,,,,
dt009,dt009_node_43,21.0,2.0712e-06,0.09672112339999998,2.0,1.0,0.0,0.00113406585,3.668499999999811e-07,2.0,8.0,0.3125,0.5625,0.4375,1.0,,,,
dt009,dt009_node_44,32.0,2.0712e-06,0.09672112339999998,3.0,1.5,0.3333333333333333,0.0005869456000000001,0.0005848744,2.0,8.0,0.3125,0.5625,0.4375,1.0,,,,
dt009,dt009_node_45,70.0,0.0011495278,0.09786857999999998,2.0,1.0,0.0,0.0017130375500000001,0.00057015275,2.0,8.0,0.3125,0.5625,0.4375,1.0,,,,
dt009,dt009_node_46,27.0,2.0712e-06,0.1013295226,2.0,1.0,0.0,0.00113965465,1.524999999999617e-08,2.0,8.0,0.3125,0.5625,0.4375,1.0,,,,
dt009,dt009_node_47,67.0,2.0712e-06,0.1023958472,2.0,1.0,0.0,0.0006156644000000001,0.0006135932,2.0,8.0,0.3125,0.5625,0.4375,1.0,,,,
dt009,dt009_node_48,64.0,2.0712e-06,0.0986279783,2.0,1.0,0.0,0.0011996442,1.0743199999999975e-05,2.0,8.0,0.3125,0.5625,0.4375,1.0,,,,
dt009,dt009_node_49,20.0,2.0712e-06,0.05628229540000001,3.0,1.5,0.3333333333333333,0.00062805315,0.00055911675,2.0,8.0,0.3125,0.5625,0.4375,1.0,,,,
dt009,dt009_node_50,7.0,2.0712e-06,0.05628229540000001,6.0,3.0,0.6666666666666666,2.0712e-06,0.0,2.0,8.0,0.3125,0.5625,0.4375,1.0,,,,
dt009,dt009_node_51,16.0,2.0712e-06,0.05628229540000001,2.0,1.0,0.0,0.00117747,8.61299999999998e-07,2.0,8.0,0.3125,0.5625,0.4375,1.0,,,,
dt009,dt009_node_52,16.0,2.0712e-06,0.05628229540000001,3.0,1.5,0.3333333333333333,0.00059105585,0.00058898465,2.0,8.0,0.3125,0.5625,0.4375,1.0,,,,
dt009,dt009_node_53,28.0,2.0712e-06,0.09672319459999998,2.0,1.0,0.0,0.0011717343,1.8134000000000596e-06,2.0,8.0,0.3125,0.5625,0.4375,1.0,,,,
dt009,dt009_node_54,34.0,6.89364e-05,0.056351231800000005,2.0,1.0,0.0,0.0017861516,0.0006770391,2.0,8.0,0.3125,0.5625,0.4375,1.0,,,,
dt009,dt009_node_55,8.0,2.0712e-06,0.05628436660000001,5.0,2.5,0.6,0.0005911136,0.0005890423999999999,2.0,8.0,0.3125,0.5625,0.4375,1.0,,,,
dt009,dt009_node_56,18.0,2.0712e-06,0.05628436660000001,2.0,1.0,0.0,0.0017729799500000002,0.0005946749500000001,2.0,8.0,0.3125,0.5625,0.4375,1.0,,,,
dt009,dt009_node_57,9.0,2.0712e-06,0.05628643780000001,4.0,2.0,0.0,2.0712e-06,0.0,2.0,8.0,0.3125,0.5625,0.4375,1.0,,,,
dt009,dt009_node_58,11.0,2.0712e-06,0.056288509000000014,2.0,1.0,0.0,0.0011792176,8.645999999999307e-07,2.0,8.0,0.3125,0.5625,0.4375,1.0,,,,
dt009,dt009_node_59,19.0,2.0712e-06,0.056288509000000014,2.0,1.0,0.0,0.0011801005,1.8541999999999864e-06,2.0,8.0,0.3125,0.5625,0.4375,1.0,,,,
dt010,dt010_node_0,94.0,0.0852743192,0.0852743192,15.0,7.5,0.7333333333333333,0.05748683985,0.00028957574999999985,2.0,8.0,0.0625,0.20535714285714285,0.08035714285714285,0.8571428571428571,,,,
dt010,dt010_node_1,73.0,0.0571972641,0.1424715833,13.0,6.5,0.8461538461538461,0.1675552011,0.1264505494,2.0,8.0,0.0625,0.20535714285714285,0.08035714285714285,0.8571428571428571,,,,
dt010,dt010_node_2,51.0,0.0577764156,0.1430507348,2.0,1.0,0.0,0.23978473215,0.03253463475000001,2.0,8.0,0.0625,0.20535714285714285,0.08035714285714285,0.8571428571428571,,,,
dt010,dt010_node_3,77.0,0.0411046517,0.183576235,12.0,6.0,0.16666666666666666,0.08711547705,0.02448374825,2.0,8.0,0.0625,0.20535714285714285,0.08035714285714285,0.8571428571428571,,,,
dt010,dt010_node_4,93.0,0.0626317288,0.24620796379999998,5.0,2.5,0.2,0.1776405969,0.021499956799999997,2.0,8.0,0.0625,0.20535714285714285,0.08035714285714285,0.8571428571428571,,,,
dt010,dt010_node_5,100.0,0.1115992253,0.29517546029999997,7.0,3.5,0.14285714285714285,0.1255527903,0.0123812664,2.0,8.0,0.0625,0.20535714285714285,0.08035714285714285,0.8571428571428571,,,,
dt010,dt010_node_6,100.0,0.1991405537,0.4453485175,3.0,1.5,0.3333333333333333,0.0015616062,0.0015591204,2.0,8.0,0.0625,0.20535714285714285,0.08035714285714285,0.8571428571428571,,,,
dt010,dt010_node_7,100.0,0.1561406401,0.4023486039,2.0,1.0,0.0,0.0549215696,0.002363037000000002,2.0,8.0,0.0625,0.20535714285714285,0.08035714285714285,0.8571428571428571,,,,
dt010,dt010_node_8,100.0,0.1379340567,0.433109517,3.0,1.5,0.3333333333333333,0.0294926752,0.008113114900000001,2.0,8.0,0.0625,0.20535714285714285,0.08035714285714285,0.8571428571428571,,,,
dt010,dt010_node_9,100.0,0.1131715239,0.4083469842,4.0,2.0,0.5,0.00080033555,0.0007978497499999999,2.0,8.0,0.0625,0.20535714285714285,0.08035714285714285,0.8571428571428571,,,,
dt010,dt010_node_10,87.0,0.0031207266,0.4484692441,2.0,1.0,0.0,2.4858e-06,0.0,2.0,8.0,0.0625,0.20535714285714285,0.08035714285714285,0.8571428571428571,,,,
dt010,dt010_node_11,97.0,0.0376057901,0.4707153071,2.0,1.0,0.0,0.0030583857,0.0014461661,2.0,8.0,0.0625,0.20535714285714285,0.08035714285714285,0.8571428571428571,,,,
dt010,dt010_node_12,69.0,2.4858e-06,0.40834947,3.0,1.5,0.3333333333333333,0.0008034472000000001,0.0008009614,2.0,8.0,0.0625,0.20535714285714285,0.08035714285714285,0.8571428571428571,,,,
dt010,dt010_node_13,92.0,2.4858e-06,0.4083519558,2.0,1.0,0.0,2.4858e-06,0.0,2.0,8.0,0.0625,0.20535714285714285,0.08035714285714285,0.8571428571428571,,,,
dt011,dt011_node_0,93.0,0.0681691633,0.0681691633,42.0,21.0,0.6666666666666666,0.04009165965,0.023035175650000003,2.0,8.0,0.125,0.3958333333333333,0.2708333333333333,0.8333333333333334,,,,
dt011,dt011_node_1,48.0,0.017056484,0.0852256473,7.0,3.5,0.42857142857142855,0.03771264155,0.00961959705,2.0,8.0,0.125,0.3958333333333333,0.2708333333333333,0.8333333333333334,,,,
dt011,dt011_node_2,98.0,0.0631268353,0.13129599860000002,35.0,17.5,0.4857142857142857,0.059079736849999995,0.01683815225,2.0,8.0,0.125,0.3958333333333333,0.2708333333333333,0.8333333333333334,,,,
dt011,dt011_node_3,66.0,0.0280930445,0.1133186918,5.0,2.5,0.6,0.07197710835,0.04182177055,2.0,8.0,0.125,0.3958333333333333,0.2708333333333333,0.8333333333333334,,,,
dt011,dt011_node_4,79.0,0.0473322386,0.1325578859,2.0,1.0,0.0,0.1316082875,0.016309035899999998,2.0,8.0,0.125,0.3958333333333333,0.2708333333333333,0.8333333333333334,,,,
dt011,dt011_node_5,96.0,0.0422415846,0.1735375832,9.0,4.5,0.1111111111111111,0.015229372250000001,0.00828312295,2.0,8.0,0.125,0.3958333333333333,0.2708333333333333,0.8333333333333334,,,,
dt011,dt011_node_6,100.0,0.0759178891,0.20721388770000002,26.0,13.0,0.6153846153846154,0.0269648668,0.0017731776000000001,2.0,8.0,0.125,0.3958333333333333,0.2708333333333333,0.8333333333333334,,,,
dt011,dt011_node_7,70.0,0.0301553378,0.1434740296,4.0,2.0,0.0,0.05741725455,0.021224785749999996,2.0,8.0,0.125,0.3958333333333333,0.2708333333333333,0.8333333333333334,,,,
dt011,dt011_node_8,84.0,0.0069462493,0.18048383250000002,4.0,2.0,0.0,0.0108650713,0.0033773094,2.0,8.0,0.125,0.3958333333333333,0.2708333333333333,0.8333333333333334,,,,
dt011,dt011_node_9,99.0,0.0235124952,0.19705007840000002,5.0,2.5,0.6,0.0009688894500000001,0.00096644185,2.0,8.0,0.125,0.3958333333333333,0.2708333333333333,0.8333333333333334,,,,
dt011,dt011_node_10,97.0,0.0251916892,0.23240557690000002,21.0,10.5,0.3333333333333333,0.0249397404,0.0104393458,2.0,8.0,0.125,0.3958333333333333,0.2708333333333333,0.8333333333333334,,,,
dt011,dt011_node_11,93.0,0.0287380444,0.2359519321,5.0,2.5,0.6,0.02669168435,0.001639668950000001,2.0,8.0,0.125,0.3958333333333333,0.2708333333333333,0.8333333333333334,,,,
dt011,dt011_node_12,100.0,0.0786420403,0.2221160699,2.0,1.0,0.0,0.03034478275,0.0031126773500000007,2.0,8.0,0.125,0.3958333333333333,0.2708333333333333,0.8333333333333334,,,,
dt011,dt011_node_13,85.0,0.0361924688,0.17966649839999999,2.0,1.0,0.0,0.06270468174999999,0.017803787349999996,2.0,8.0,0.125,0.3958333333333333,0.2708333333333333,0.8333333333333334,,,,
dt011,dt011_node_14,100.0,0.0142423807,0.19472621320000003,2.0,1.0,0.0,0.0030242283500000002,0.00302178075,2.0,8.0,0.125,0.3958333333333333,0.2708333333333333,0.8333333333333334,,,,
dt011,dt011_node_15,95.0,0.0074877619,0.18797159440000002,2.0,1.0,0.0,0.006995546050000001,0.0014138405500000004,2.0,8.0,0.125,0.3958333333333333,0.2708333333333333,0.8333333333333334,,,,
dt011,dt011_node_16,62.0,0.0019353313,0.19898540970000003,4.0,2.0,0.5,0.000974406,0.0009719584,2.0,8.0,0.125,0.3958333333333333,0.2708333333333333,0.8333333333333334,,,,
dt011,dt011_node_17,100.0,0.0353790862,0.26778466310000004,14.0,7.0,0.8571428571428571,0.015008744899999999,0.0002694251000000007,2.0,8.0,0.125,0.3958333333333333,0.2708333333333333,0.8333333333333334,,,,
dt011,dt011_node_18,80.0,0.0145003946,0.24690597150000002,7.0,3.5,0.7142857142857143,0.00084388925,0.00084144165,2.0,8.0,0.125,0.3958333333333333,0.2708333333333333,0.8333333333333334,,,,
dt011,dt011_node_19,100.0,0.0283313533,0.2642832854,4.0,2.0,0.5,2.4539000000000003e-06,6.30000000000005e-09,2.0,8.0,0.125,0.3958333333333333,0.2708333333333333,0.8333333333333334,,,,
dt011,dt011_node_20,22.0,2.4476e-06,0.19898785730000004,3.0,1.5,0.3333333333333333,2.4476e-06,0.0,2.0,8.0,0.125,0.3958333333333333,0.2708333333333333,0.8333333333333334,,,,
dt011,dt011_node_21,98.0,0.0147393198,0.2825239829,13.0,6.5,0.8461538461538461,0.0008787988,0.0008763512,2.0,8.0,0.125,0.3958333333333333,0.2708333333333333,0.8333333333333334,,,,
dt011,dt011_node_22,52.0,0.0016853309,0.24859130240000002,6.0,3.0,0.6666666666666666,0.0016980367999999998,0.0016955891999999998,2.0,8.0,0.125,0.3958333333333333,0.2708333333333333,0.8333333333333334,,,,
dt011,dt011_node_23,100.0,2.4602e-06,0.2642857456,3.0,1.5,0.3333333333333333,2.4476e-06,0.0,2.0,8.0,0.125,0.3958333333333333,0.2708333333333333,0.8333333333333334,,,,
dt011,dt011_node_24,27.0,2.4476e-06,0.19899030490000005,2.0,1.0,0.0,0.0019252957999999999,5.425100000000017e-06,2.0,8.0,0.125,0.3958333333333333,0.2708333333333333,0.8333333333333334,,,,
dt011,dt011_node_25,67.0,0.00175515,0.2842791329,12.0,6.0,0.8333333333333334,0.00088200015,0.00087955255,2.0,8.0,0.125,0.3958333333333333,0.2708333333333333,0.8333333333333334,,,,
dt011,dt011_node_26,22.0,2.4476e-06,0.24859375000000003,5.0,2.5,0.2,2.4476e-06,0.0,2.0,8.0,0.125,0.3958333333333333,0.2708333333333333,0.8333333333333334,,,,
dt011,dt011_node_27,100.0,2.4476e-06,0.2642881932,2.0,1.0,0.0,2.4476e-06,0.0,2.0,8.0,0.125,0.3958333333333333,0.2708333333333333,0.8333333333333334,,,,
dt011,dt011_node_28,85.0,2.4476e-06,0.2842815805,11.0,5.5,0.8181818181818182,2.4476e-06,0.0,2.0,8.0,0.125,0.3958333333333333,0.2708333333333333,0.8333333333333334,,,,
dt011,dt011_node_29,15.0,2.4476e-06,0.24859619760000004,2.0,1.0,0.0,0.00083746885,0.00083502125,2.0,8.0,0.125,0.3958333333333333,0.2708333333333333,0.8333333333333334,,,,
dt011,dt011_node_30,15.0,2.4476e-06,0.24859619760000004,3.0,1.5,0.3333333333333333,0.00341517375,0.0016997932499999999,2.0,8.0,0.125,0.3958333333333333,0.2708333333333333,0.8333333333333334,,,,
dt011,dt011_node_31,47.0,2.4476e-06,0.28428402810000003,10.0,5.0,0.8,2.4476e-06,0.0,2.0,8.0,0.125,0.3958333333333333,0.2708333333333333,0.8333333333333334,,,,
dt011,dt011_node_32,56.0,0.0017153805,0.25031157810000004,2.0,1.0,0.0,0.00085666,0.0008542124,2.0,8.0,0.125,0.3958333333333333,0.2708333333333333,0.8333333333333334,,,,
dt012,dt012_node_0,58.0,2.9558e-06,2.9558e-06,26.0,13.0,0.9230769230769231,0.0071682164,0.002574244,2.0,8.0,0.375,0.3125,0.1875,0.5,,,,
dt012,dt012_node_1,71.0,0.0034305432,0.0034305432,4.0,2.0,0.5,0.0025070212499999998,0.0025049455499999997,2.0,8.0,0.375,0.3125,0.1875,0.5,,,,
dt012,dt012_node_2,77.0,0.0045939724,0.0045969282,25.0,12.5,0.6,0.0022682398499999997,0.00226616415,2.0,8.0,0.375,0.3125,0.1875,0.5,,,,
dt012,dt012_node_3,66.0,2.0757e-06,0.0034326189,3.0,1.5,0.3333333333333333,0.0146634667,0.009003511500000002,2.0,8.0,0.375,0.3125,0.1875,0.5,,,,
dt012,dt012_node_4,72.0,0.004534404,0.0091313322,20.0,10.0,0.8,0.0022059735999999997,0.0022038978999999997,2.0,8.0,0.375,0.3125,0.1875,0.5,,,,
dt012,dt012_node_5,68.0,2.0757e-06,0.0045990039,5.0,2.5,0.6,0.0023395875499999997,0.0023375118499999997,2.0,8.0,0.375,0.3125,0.1875,0.5,,,,
dt012,dt012_node_6,100.0,0.0236669782,0.0270995971,2.0,1.0,0.0,2.0757e-06,0.0,2.0,8.0,0.375,0.3125,0.1875,0.5,,,,
dt012,dt012_node_7,73.0,0.0044098715,0.0135412037,18.0,9.0,0.8888888888888888,0.0023205973499999997,0.00231852165,2.0,8.0,0.375,0.3125,0.1875,0.5,,,,
dt012,dt012_node_8,77.0,2.0757e-06,0.0091334079,2.0,1.0,0.0,0.00664130465,0.00224753195,2.0,8.0,0.375,0.3125,0.1875,0.5,,,,
dt012,dt012_node_9,49.0,2.0757e-06,0.0046010795999999994,4.0,2.0,0.0,0.002284435,0.0022823593000000004,2.0,8.0,0.375,0.3125,0.1875,0.5,,,,
dt012,dt012_node_10,27.0,2.0757e-06,0.0135432794,17.0,8.5,0.8823529411764706,0.0022038654499999997,0.00220178975,2.0,8.0,0.375,0.3125,0.1875,0.5,,,,
dt012,dt012_node_11,73.0,2.0757e-06,0.004603155299999999,2.0,1.0,0.0,2.0757e-06,0.0,2.0,8.0,0.375,0.3125,0.1875,0.5,,,,
dt012,dt012_node_12,89.0,0.0045667943,0.0091678739,2.0,1.0,0.0,2.0757e-06,0.0,2.0,8.0,0.375,0.3125,0.1875,0.5,,,,
dt012,dt012_node_13,21.0,2.0757e-06,0.0135453551,16.0,8.0,0.875,0.0021978461,0.0021957704000000002,2.0,8.0,0.375,0.3125,0.1875,0.5,,,,
dt012,dt012_node_14,19.0,2.0757e-06,0.0135474308,15.0,7.5,0.8666666666666667,0.0022559482,0.0022538725,2.0,8.0,0.375,0.3125,0.1875,0.5,,,,
dt012,dt012_node_15,23.0,2.0757e-06,0.013549506499999999,14.0,7.0,0.8571428571428571,2.0757e-06,0.0,2.0,8.0,0.375,0.3125,0.1875,0.5,,,,
dt012,dt012_node_16,13.0,2.0757e-06,0.013551582199999999,13.0,6.5,0.23076923076923078,2.0757e-06,0.0,2.0,8.0,0.375,0.3125,0.1875,0.5,,,,
dt012,dt012_node_17,29.0,2.0757e-06,0.013553657899999998,5.0,2.5,0.6,0.0044315095,0.0044294338,2.0,8.0,0.375,0.3125,0.1875,0.5,,,,
dt012,dt012_node_18,18.0,2.0757e-06,0.013555733599999998,4.0,2.0,0.5,0.0022055050499999998,0.00220342935,2.0,8.0,0.375,0.3125,0.1875,0.5,,,,
dt012,dt012_node_19,20.0,2.0757e-06,0.013557809299999998,3.0,1.5,0.3333333333333333,0.0023603718499999996,0.0023582961499999996,2.0,8.0,0.375,0.3125,0.1875,0.5,,,,
dt012,dt012_node_20,37.0,2.0757e-06,0.013559884999999997,2.0,1.0,0.0,0.01144438695,0.007044586750000001,2.0,8.0,0.375,0.3125,0.1875,0.5,,,,
dt015,dt015_node_0,76.0,0.0328647253,0.0328647253,15.0,7.5,0.6,0.032124104900000006,0.006060094200000001,2.0,8.0,0.375,0.5625,0.4375,1.0,,,,
dt015,dt015_node_1,94.0,0.0319239362,0.0319239362,28.0,14.0,0.5,0.0639192349,0.0350651051,2.0,8.0,0.375,0.5625,0.4375,1.0,,,,
dt015,dt015_node_2,73.0,0.0260640107,0.058928736,12.0,6.0,0.6666666666666666,0.121664152,0.1179339489,2.0,8.0,0.375,0.5625,0.4375,1.0,,,,
dt015,dt015_node_3,100.0,0.0381841991,0.0710489244,3.0,1.5,0.3333333333333333,0.0789888514,0.028746221199999998,2.0,8.0,0.375,0.5625,0.4375,1.0,,,,
dt015,dt015_node_4,57.0,0.0288541298,0.060778066000000006,21.0,10.5,0.14285714285714285,0.0283489023,0.006501431600000001,2.0,8.0,0.375,0.5625,0.4375,1.0,,,,
dt015,dt015_node_5,100.0,0.09898434,0.1309082762,7.0,3.5,0.42857142857142855,0.0983236053,0.03255031,2.0,8.0,0.375,0.5625,0.4375,1.0,,,,
dt015,dt015_node_6,70.0,0.0037302031,0.0626589391,10.0,5.0,0.4,0.029533461650000002,0.011705311550000002,2.0,8.0,0.375,0.5625,0.4375,1.0,,,,
dt015,dt015_node_7,100.0,0.2395981009,0.2985268369,2.0,1.0,0.0,0.17646183764999998,0.07958036345,2.0,8.0,0.375,0.5625,0.4375,1.0,,,,
dt015,dt015_node_8,100.0,0.0502426302,0.1212915546,2.0,1.0,0.0,0.14116404194999999,0.022811314149999998,2.0,8.0,0.375,0.5625,0.4375,1.0,,,,
dt015,dt015_node_9,46.0,0.0218474707,0.0826255367,12.0,6.0,0.0,0.1545805891,0.1040689675,2.0,8.0,0.375,0.5625,0.4375,1.0,,,,
dt015,dt015_node_10,70.0,0.0348503339,0.09562839990000001,9.0,4.5,0.5555555555555556,0.02919491675,0.0024138196499999976,2.0,8.0,0.375,0.5625,0.4375,1.0,,,,
dt015,dt015_node_11,100.0,0.1308739153,0.26178219150000004,2.0,1.0,0.0,0.0912299087,0.008809679799999998,2.0,8.0,0.375,0.5625,0.4375,1.0,,,,
dt015,dt015_node_12,100.0,0.0657732953,0.1966815715,5.0,2.5,0.2,0.059025119550000005,0.05041046345,2.0,8.0,0.375,0.5625,0.4375,1.0,,,,
dt015,dt015_node_13,79.0,0.0178281501,0.0804870892,7.0,3.5,0.42857142857142855,0.06250301005,0.04331018335,2.0,8.0,0.375,0.5625,0.4375,1.0,,,,
dt015,dt015_node_14,100.0,0.0412387732,0.1038977123,3.0,1.5,0.3333333333333333,0.07414217965,0.03260270205,2.0,8.0,0.375,0.5625,0.4375,1.0,,,,
dt015,dt015_node_15,97.0,0.0505116216,0.1331371583,6.0,3.0,0.3333333333333333,0.0388651262,0.0217817594,2.0,8.0,0.375,0.5625,0.4375,1.0,,,,
dt015,dt015_node_16,100.0,0.2586495566,0.3412750933,6.0,3.0,0.6666666666666666,0.1211743473,0.046966711499999994,2.0,8.0,0.375,0.5625,0.4375,1.0,,,,
dt015,dt015_node_17,46.0,0.0267810971,0.122409497,7.0,3.5,0.7142857142857143,0.1151318081,0.1003201003,2.0,8.0,0.375,0.5625,0.4375,1.0,,,,
dt015,dt015_node_18,76.0,0.0316087364,0.1272371363,2.0,1.0,0.0,0.13716157855,0.002721389049999995,2.0,8.0,0.375,0.5625,0.4375,1.0,,,,
dt015,dt015_node_19,82.0,0.0086146561,0.20529622760000002,3.0,1.5,0.3333333333333333,0.05339043745,0.029423661349999998,2.0,8.0,0.375,0.5625,0.4375,1.0,,,,
dt015,dt015_node_20,100.0,0.109435583,0.3061171545,2.0,1.0,0.0,0.05785259805,0.002094324750000001,2.0,8.0,0.375,0.5625,0.4375,1.0,,,,
dt015,dt015_node_21,100.0,0.1058131934,0.1863002826,2.0,1.0,0.0,0.14182542895,0.010160153650000003,2.0,8.0,0.375,0.5625,0.4375,1.0,,,,
dt015,dt015_node_22,77.0,0.0191928267,0.0996799159,5.0,2.5,0.2,0.02981301735,0.0071121605500000015,2.0,8.0,0.375,0.5625,0.4375,1.0,,,,
dt015,dt015_node_23,99.0,0.0415394776,0.14543718989999999,2.0,1.0,0.0,0.1576351888,0.0581756771,2.0,8.0,0.375,0.5625,0.4375,1.0,,,,
dt015,dt015_node_24,51.0,0.0170833668,0.1502205251,4.0,2.0,0.0,0.05276867915,0.03842228405,2.0,8.0,0.375,0.5625,0.4375,1.0,,,,
dt015,dt015_node_25,100.0,0.0606468856,0.1937840439,2.0,1.0,0.0,0.1034982391,0.014795164799999996,2.0,8.0,0.375,0.5625,0.4375,1.0,,,,
dt015,dt015_node_26,100.0,0.0742076358,0.4154827291,5.0,2.5,0.6,0.02705505375,0.012641257849999999,2.0,8.0,0.375,0.5625,0.4375,1.0,,,,
dt015,dt015_node_27,49.0,0.0148117078,0.1372212048,6.0,3.0,0.3333333333333333,0.1089366491,0.0797044761,2.0,8.0,0.375,0.5625,0.4375,1.0,,,,
dt015,dt015_node_28,96.0,0.0239667761,0.22926300370000002,2.0,1.0,0.0,0.0934240846,7.84800000000474e-06,2.0,8.0,0.375,0.5625,0.4375,1.0,,,,
dt015,dt015_node_29,78.0,0.0369251779,0.1366050938,3.0,1.5,0.3333333333333333,0.05807151005,0.04709090385,2.0,8.0,0.375,0.5625,0.4375,1.0,,,,
dt015,dt015_node_30,64.0,0.0227008568,0.1223807727,2.0,1.0,0.0,0.17088599710000002,0.045523096,2.0,8.0,0.375,0.5625,0.4375,1.0,,,,
dt015,dt015_node_31,34.0,0.0143463951,0.1645669202,2.0,1.0,0.0,0.16453293865,0.047471462449999995,2.0,8.0,0.375,0.5625,0.4375,1.0,,,,
dt015,dt015_node_32,100.0,0.0911909632,0.2414114883,2.0,1.0,0.0,0.17233904285,0.04391879435,2.0,8.0,0.375,0.5625,0.4375,1.0,,,,
dt015,dt015_node_33,90.0,0.0144137959,0.42989652500000003,4.0,2.0,0.5,0.03315731525,0.02071133905,2.0,8.0,0.375,0.5625,0.4375,1.0,,,,
dt015,dt015_node_34,45.0,0.029232173,0.1664533778,4.0,2.0,0.0,0.048448680699999996,0.0056143170999999985,2.0,8.0,0.375,0.5625,0.4375,1.0,,,,
dt015,dt015_node_35,100.0,0.1886411252,0.32586233,2.0,1.0,0.0,0.1020911128,0.010592039500000004,2.0,8.0,0.375,0.5625,0.4375,1.0,,,,
dt015,dt015_node_36,53.0,0.0109806062,0.1475857,2.0,1.0,0.0,0.22248264574999999,0.013727113249999992,2.0,8.0,0.375,0.5625,0.4375,1.0,,,,
dt015,dt015_node_37,53.0,0.0124459762,0.4423425012,3.0,1.5,0.3333333333333333,0.06093681095,0.004562877050000001,2.0,8.0,0.375,0.5625,0.4375,1.0,,,,
dt015,dt015_node_38,41.0,0.0428343636,0.2092877414,2.0,1.0,0.0,0.2853053014,0.0858138291,2.0,8.0,0.375,0.5625,0.4375,1.0,,,,
dt015,dt015_node_39,80.0,0.0540629978,0.22051637559999998,2.0,1.0,0.0,0.40930537415,0.15856011805000003,2.0,8.0,0.375,0.5625,0.4375,1.0,,,,
dt015,dt015_node_40,100.0,0.0563739339,0.4987164351,2.0,1.0,0.0,0.10969417484999999,0.004499755050000005,2.0,8.0,0.375,0.5625,0.4375,1.0,,,,
dt017,dt017_node_0,100.0,0.2521713243,0.2521713243,63.0,31.5,0.6190476190476191,0.0145420951,0.002086920200000001,2.0,8.0,0.375,0.3125,0.1875,1.0,,,,
dt017,dt017_node_1,89.0,0.0166290153,0.2688003396,51.0,25.5,0.49019607843137253,0.01735179135,0.00504545005,2.0,8.0,0.375,0.3125,0.1875,1.0,,,,
dt017,dt017_node_2,58.0,0.0124551749,0.2646264992,12.0,6.0,0.8333333333333334,0.00051990355,0.00051691985,2.0,8.0,0.375,0.3125,0.1875,1.0,,,,
dt017,dt017_node_3,100.0,0.0223972414,0.291197581,38.0,19.0,0.0,0.0034774824500000004,0.00283642285,2.0,8.0,0.375,0.3125,0.1875,1.0,,,,
dt017,dt017_node_4,99.0,0.0123063413,0.2811066809,13.0,6.5,0.23076923076923078,0.00103894625,2.5225250000000007e-05,2.0,8.0,0.375,0.3125,0.1875,1.0,,,,
dt017,dt017_node_5,26.0,0.0010368234,0.2656633226,11.0,5.5,0.8181818181818182,0.00104049635,0.00103751265,2.0,8.0,0.375,0.3125,0.1875,1.0,,,,
dt017,dt017_node_6,96.0,0.0063139053,0.29751148629999996,19.0,9.5,0.8947368421052632,0.0032226296500000003,0.00135284115,2.0,8.0,0.375,0.3125,0.1875,1.0,,,,
dt017,dt017_node_7,32.0,0.0006410596,0.2918386406,19.0,9.5,0.6842105263157895,0.00051653905,0.00051355535,2.0,8.0,0.375,0.3125,0.1875,1.0,,,,
dt017,dt017_node_8,76.0,0.001013721,0.28212040190000004,8.0,4.0,0.75,0.0005158921,0.0005129084,2.0,8.0,0.375,0.3125,0.1875,1.0,,,,
dt017,dt017_node_9,63.0,0.0010641715,0.2821708524,5.0,2.5,0.6,0.00104394985,0.00104096615,2.0,8.0,0.375,0.3125,0.1875,1.0,,,,
dt017,dt017_node_10,8.0,2.9837e-06,0.2656663063,10.0,5.0,0.8,0.0005192477,0.000516264,2.0,8.0,0.375,0.3125,0.1875,1.0,,,,
dt017,dt017_node_11,85.0,0.0018697885,0.2993812748,18.0,9.0,0.2222222222222222,0.00104177005,0.00103878635,2.0,8.0,0.375,0.3125,0.1875,1.0,,,,
dt017,dt017_node_12,28.0,0.0010300944,0.292868735,16.0,8.0,0.0,0.00398635375,0.00398337005,2.0,8.0,0.375,0.3125,0.1875,1.0,,,,
dt017,dt017_node_13,32.0,2.9837e-06,0.2918416243,3.0,1.5,0.3333333333333333,0.0005176731,0.0005146894,2.0,8.0,0.375,0.3125,0.1875,1.0,,,,
dt017,dt017_node_14,18.0,2.9837e-06,0.28212338560000005,7.0,3.5,0.14285714285714285,2.9837e-06,0.0,2.0,8.0,0.375,0.3125,0.1875,1.0,,,,
dt017,dt017_node_15,33.0,2.9837e-06,0.2821738361,4.0,2.0,0.5,2.9837e-06,0.0,2.0,8.0,0.375,0.3125,0.1875,1.0,,,,
dt017,dt017_node_16,11.0,2.9837e-06,0.26566929,9.0,4.5,0.7777777777777778,2.9837e-06,0.0,2.0,8.0,0.375,0.3125,0.1875,1.0,,,,
dt017,dt017_node_17,19.0,2.9837e-06,0.2993842585,7.0,3.5,0.7142857142857143,0.0005194426,0.0005164589,2.0,8.0,0.375,0.3125,0.1875,1.0,,,,
dt017,dt017_node_18,86.0,0.0020805564,0.3014618312,11.0,5.5,0.8181818181818182,0.00156098315,0.00155799945,2.0,8.0,0.375,0.3125,0.1875,1.0,,,,
dt017,dt017_node_19,99.0,0.0079697238,0.3008384588,8.0,4.0,0.5,0.002127493,0.0008406560999999999,2.0,8.0,0.375,0.3125,0.1875,1.0,,,,
dt017,dt017_node_20,17.0,2.9837e-06,0.2928717187,8.0,4.0,0.5,2.9837e-06,0.0,2.0,8.0,0.375,0.3125,0.1875,1.0,,,,
dt017,dt017_node_21,18.0,2.9837e-06,0.291844608,2.0,1.0,0.0,0.00103164235,7.710500000000136e-07,2.0,8.0,0.375,0.3125,0.1875,1.0,,,,
dt017,dt017_node_22,14.0,2.9837e-06,0.28212636930000007,3.0,1.5,0.3333333333333333,0.0005208195,0.0005178358,2.0,8.0,0.375,0.3125,0.1875,1.0,,,,
dt017,dt017_node_23,6.0,2.9837e-06,0.28212636930000007,4.0,2.0,0.5,2.9837e-06,0.0,2.0,8.0,0.375,0.3125,0.1875,1.0,,,,
dt017,dt017_node_24,31.0,2.9837e-06,0.28217681980000003,3.0,1.5,0.3333333333333333,0.0026246479,0.0015934140999999998,2.0,8.0,0.375,0.3125,0.1875,1.0,,,,
dt017,dt017_node_25,9.0,2.9837e-06,0.2656722737,8.0,4.0,0.0,2.9837e-06,0.0,2.0,8.0,0.375,0.3125,0.1875,1.0,,,,
dt017,dt017_node_26,7.0,2.9837e-06,0.2993872422,6.0,3.0,0.3333333333333333,2.9837e-06,0.0,2.0,8.0,0.375,0.3125,0.1875,1.0,,,,
dt017,dt017_node_27,30.0,2.9837e-06,0.3014648149,10.0,5.0,0.8,0.0005142236500000001,0.00051123995,2.0,8.0,0.375,0.3125,0.1875,1.0,,,,
dt017,dt017_node_28,97.0,0.0029681491,0.30380660789999997,2.0,1.0,0.0,0.0010491523500000001,2.4284850000000032e-05,2.0,8.0,0.375,0.3125,0.1875,1.0,,,,
dt017,dt017_node_29,65.0,0.0012868369,0.30212529569999996,6.0,3.0,0.3333333333333333,0.0015886975,0.0015857138,2.0,8.0,0.375,0.3125,0.1875,1.0,,,,
dt017,dt017_node_30,5.0,2.9837e-06,0.2928747024,6.0,3.0,0.6666666666666666,0.0005154766,0.0005124929,2.0,8.0,0.375,0.3125,0.1875,1.0,,,,
dt017,dt017_node_31,12.0,2.9837e-06,0.2928747024,2.0,1.0,0.0,0.0005154241,0.0005124404,2.0,8.0,0.375,0.3125,0.1875,1.0,,,,
dt017,dt017_node_32,22.0,2.9837e-06,0.2821293530000001,2.0,1.0,0.0,0.0015501239500000001,0.0005192526500000001,2.0,8.0,0.375,0.3125,0.1875,1.0,,,,
dt017,dt017_node_33,11.0,2.9837e-06,0.2821293530000001,3.0,1.5,0.3333333333333333,0.0005168148500000001,0.00051383115,2.0,8.0,0.375,0.3125,0.1875,1.0,,,,
dt017,dt017_node_34,69.0,0.0010312338,0.2832080536,2.0,1.0,0.0,0.0010463554,8.74459999999997e-06,2.0,8.0,0.375,0.3125,0.1875,1.0,,,,
dt017,dt017_node_35,16.0,2.9837e-06,0.26567525740000003,4.0,2.0,0.0,0.00156612685,0.00052749445,2.0,8.0,0.375,0.3125,0.1875,1.0,,,,
dt017,dt017_node_36,20.0,2.9837e-06,0.26567525740000003,4.0,2.0,0.5,0.0015651243499999999,0.0005258891499999999,2.0,8.0,0.375,0.3125,0.1875,1.0,,,,
dt017,dt017_node_37,13.0,2.9837e-06,0.29939022590000003,2.0,1.0,0.0,0.00052081885,0.00051783515,2.0,8.0,0.375,0.3125,0.1875,1.0,,,,
dt017,dt017_node_38,9.0,2.9837e-06,0.29939022590000003,4.0,2.0,0.5,0.00103632575,1.6602499999999847e-06,2.0,8.0,0.375,0.3125,0.1875,1.0,,,,
dt017,dt017_node_39,7.0,2.9837e-06,0.3014677986,9.0,4.5,0.5555555555555556,2.9837e-06,0.0,2.0,8.0,0.375,0.3125,0.1875,1.0,,,,
dt017,dt017_node_40,96.0,0.0031744113,0.305299707,2.0,1.0,0.0,0.0005263487000000001,0.000523365,2.0,8.0,0.375,0.3125,0.1875,1.0,,,,
dt017,dt017_node_41,43.0,2.9837e-06,0.3021282794,4.0,2.0,0.5,2.9837e-06,0.0,2.0,8.0,0.375,0.3125,0.1875,1.0,,,,
dt017,dt017_node_42,9.0,2.9837e-06,0.29287768610000003,5.0,2.5,0.2,0.00103123935,1.1759499999999595e-06,2.0,8.0,0.375,0.3125,0.1875,1.0,,,,
dt017,dt017_node_43,20.0,2.9837e-06,0.2821323367000001,2.0,1.0,0.0,0.0010298685500000002,4.4935000000003323e-07,2.0,8.0,0.375,0.3125,0.1875,1.0,,,,
dt017,dt017_node_44,52.0,0.0010386324,0.26671388980000005,2.0,1.0,0.0,0.00157772135,0.0015747376499999999,2.0,8.0,0.375,0.3125,0.1875,1.0,,,,
dt017,dt017_node_45,88.0,0.0020936213,0.26776887870000005,2.0,1.0,0.0,0.0005220323000000001,0.0005190486,2.0,8.0,0.375,0.3125,0.1875,1.0,,,,
dt017,dt017_node_46,67.0,0.0010392352,0.2667144926,3.0,1.5,0.3333333333333333,0.00052178325,0.00051879955,2.0,8.0,0.375,0.3125,0.1875,1.0,,,,
dt017,dt017_node_47,55.0,0.001037986,0.3004282119,3.0,1.5,0.3333333333333333,0.00052787725,0.00052489355,2.0,8.0,0.375,0.3125,0.1875,1.0,,,,
dt017,dt017_node_48,3.0,2.9837e-06,0.3014707823,7.0,3.5,0.14285714285714285,2.9837e-06,0.0,2.0,8.0,0.375,0.3125,0.1875,1.0,,,,
dt017,dt017_node_49,10.0,2.9837e-06,0.3014707823,2.0,1.0,0.0,0.0010265608,1.105099999999977e-06,2.0,8.0,0.375,0.3125,0.1875,1.0,,,,
dt017,dt017_node_50,24.0,2.9837e-06,0.3021312631,3.0,1.5,0.3333333333333333,0.0010401932499999999,3.1694999999998686e-07,2.0,8.0,0.375,0.3125,0.1875,1.0,,,,
dt017,dt017_node_51,47.0,0.0010300634,0.29390774950000004,3.0,1.5,0.3333333333333333,0.0005187295000000001,0.0005157458,2.0,8.0,0.375,0.3125,0.1875,1.0,,,,
dt017,dt017_node_52,46.0,0.0010324153,0.2939101014,2.0,1.0,0.0,0.00052453235,0.0005215486499999999,2.0,8.0,0.375,0.3125,0.1875,1.0,,,,
dt017,dt017_node_53,41.0,2.9837e-06,0.26671747630000003,2.0,1.0,0.0,0.0005228370000000001,0.0005198533,2.0,8.0,0.375,0.3125,0.1875,1.0,,,,
dt017,dt017_node_54,40.0,2.9837e-06,0.30043119560000003,2.0,1.0,0.0,0.0005210226,0.0005180388999999999,2.0,8.0,0.375,0.3125,0.1875,1.0,,,,
dt017,dt017_node_55,2.0,2.9837e-06,0.30147376600000003,4.0,2.0,0.5,2.9837e-06,0.0,2.0,8.0,0.375,0.3125,0.1875,1.0,,,,
dt017,dt017_node_56,21.0,2.9837e-06,0.30147376600000003,3.0,1.5,0.3333333333333333,0.00102830835,9.512499999999886e-07,2.0,8.0,0.375,0.3125,0.1875,1.0,,,,
dt017,dt017_node_57,62.0,0.0010405102,0.3031717733,2.0,1.0,0.0,0.0021173281,0.0021143444000000003,2.0,8.0,0.375,0.3125,0.1875,1.0,,,,
dt017,dt017_node_58,50.0,0.0010344753,0.29494222480000004,2.0,1.0,0.0,0.0005213279,0.0005183442,2.0,8.0,0.375,0.3125,0.1875,1.0,,,,
dt017,dt017_node_59,11.0,2.9837e-06,0.30147674970000005,3.0,1.5,0.3333333333333333,0.0010274981,9.527000000000493e-07,2.0,8.0,0.375,0.3125,0.1875,1.0,,,,
dt017,dt017_node_60,65.0,0.0010292596,0.30250302560000003,2.0,1.0,0.0,0.00051758385,0.00051460015,2.0,8.0,0.375,0.3125,0.1875,1.0,,,,
dt017,dt017_node_61,66.0,0.0010284508,0.30250520050000007,2.0,1.0,0.0,0.0010438877500000001,0.00104090405,2.0,8.0,0.375,0.3125,0.1875,1.0,,,,
dt018,dt018_node_0,100.0,0.2283869763,0.2283869763,45.0,22.5,0.7333333333333333,0.061498159749999996,0.01724726125,2.0,8.0,0.375,0.3125,0.1875,0.5,,,,
dt018,dt018_node_1,66.0,0.0442508985,0.2726378748,6.0,3.0,0.0,0.04058003065,0.02692604135,2.0,8.0,0.375,0.3125,0.1875,0.5,,,,
dt018,dt018_node_2,99.0,0.078745421,0.30713239729999997,39.0,19.5,0.7435897435897436,0.06785102999999999,0.029772887199999997,2.0,8.0,0.375,0.3125,0.1875,0.5,,,,
dt018,dt018_node_3,99.0,0.067506072,0.34014394680000004,3.0,1.5,0.3333333333333333,0.1322892494,0.027026880799999993,2.0,8.0,0.375,0.3125,0.1875,0.5,,,,
dt018,dt018_node_4,39.0,0.0136539893,0.2862918641,3.0,1.5,0.3333333333333333,0.18598590635,0.007030670650000001,2.0,8.0,0.375,0.3125,0.1875,0.5,,,,
dt018,dt018_node_5,82.0,0.0380781428,0.34521054009999996,34.0,17.0,0.7647058823529411,0.1058871547,0.07189637709999999,2.0,8.0,0.375,0.3125,0.1875,0.5,,,,
dt018,dt018_node_6,100.0,0.0976239172,0.40475631449999994,5.0,2.5,0.2,0.18683122024999999,0.021998727950000005,2.0,8.0,0.375,0.3125,0.1875,0.5,,,,
dt018,dt018_node_7,100.0,0.1052623686,0.44540631540000003,2.0,1.0,0.0,0.05979751285,0.013316833350000001,2.0,8.0,0.375,0.3125,0.1875,0.5,,,,
dt018,dt018_node_8,100.0,0.1789552357,0.4652470998,2.0,1.0,0.0,0.0229315373,0.0059312731,2.0,8.0,0.375,0.3125,0.1875,0.5,,,,
dt018,dt018_node_9,100.0,0.1777835318,0.5229940718999999,4.0,2.0,0.5,0.07243835615,0.03677337415,2.0,8.0,0.375,0.3125,0.1875,0.5,,,,
dt018,dt018_node_10,78.0,0.0339907776,0.3792013177,30.0,15.0,0.3333333333333333,0.1142055039,0.0168038837,2.0,8.0,0.375,0.3125,0.1875,0.5,,,,
dt018,dt018_node_11,100.0,0.2088299482,0.6135862626999999,3.0,1.5,0.3333333333333333,0.028952077200000002,0.0029602828,2.0,8.0,0.375,0.3125,0.1875,0.5,,,,
dt018,dt018_node_12,100.0,0.1648324923,0.5695888067999999,2.0,1.0,0.0,0.01310036515,0.009286153049999999,2.0,8.0,0.375,0.3125,0.1875,0.5,,,,
dt018,dt018_node_13,78.0,0.035664982,0.5586590538999999,3.0,1.5,0.3333333333333333,0.08111225820000001,0.0636602292,2.0,8.0,0.375,0.3125,0.1875,0.5,,,,
dt018,dt018_node_14,100.0,0.1310093876,0.5102107053,20.0,10.0,0.8,0.045350719299999995,0.0020708259,2.0,8.0,0.375,0.3125,0.1875,0.5,,,,
dt018,dt018_node_15,100.0,0.0974016202,0.47660293789999997,10.0,5.0,0.8,0.13862465945000002,0.06286213875,2.0,8.0,0.375,0.3125,0.1875,0.5,,,,
dt018,dt018_node_16,90.0,0.0259917944,0.6395780570999999,2.0,1.0,0.0,0.054874327099999995,0.019422256699999998,2.0,8.0,0.375,0.3125,0.1875,0.5,,,,
dt018,dt018_node_17,75.0,0.017452029,0.5761110828999999,2.0,1.0,0.0,0.13699307,0.0088475997,2.0,8.0,0.375,0.3125,0.1875,0.5,,,,
dt018,dt018_node_18,98.0,0.0432798934,0.5534905987000001,18.0,9.0,0.1111111111111111,0.0387948132,0.0170742768,2.0,8.0,0.375,0.3125,0.1875,0.5,,,,
dt018,dt018_node_19,100.0,0.0474215452,0.5576322505,2.0,1.0,0.0,0.06932776645,0.006590258750000001,2.0,8.0,0.375,0.3125,0.1875,0.5,,,,
dt018,dt018_node_20,89.0,0.0757625207,0.5523654586,9.0,4.5,0.7777777777777778,0.0963990007,0.0644472468,2.0,8.0,0.375,0.3125,0.1875,0.5,,,,
dt018,dt018_node_21,84.0,0.0217205364,0.5752111351000001,8.0,4.0,0.25,0.0691499539,0.036778143500000006,2.0,8.0,0.375,0.3125,0.1875,0.5,,,,
dt018,dt018_node_22,100.0,0.05586909,0.6093596887,10.0,5.0,0.6,0.04880423515,0.013814182049999998,2.0,8.0,0.375,0.3125,0.1875,0.5,,,,
dt018,dt018_node_23,62.0,0.0319517539,0.5843172125,8.0,4.0,0.5,0.07845910345,0.02647214715,2.0,8.0,0.375,0.3125,0.1875,0.5,,,,
dt018,dt018_node_24,86.0,0.0323718104,0.6075829455000001,3.0,1.5,0.3333333333333333,0.09581898089999999,0.014979357399999997,2.0,8.0,0.375,0.3125,0.1875,0.5,,,,
dt018,dt018_node_25,100.0,0.1059280974,0.6811392325000001,5.0,2.5,0.6,0.0220379387,0.0069535982,2.0,8.0,0.375,0.3125,0.1875,0.5,,,,
dt018,dt018_node_26,100.0,0.0626184172,0.6719781059000001,8.0,4.0,0.25,0.0093196084,0.0006870587999999993,2.0,8.0,0.375,0.3125,0.1875,0.5,,,,
dt018,dt018_node_27,95.0,0.0349900531,0.6443497418,2.0,1.0,0.0,0.0624594453,0.0129483019,2.0,8.0,0.375,0.3125,0.1875,0.5,,,,
dt018,dt018_node_28,100.0,0.1049312506,0.6892484631,6.0,3.0,0.6666666666666666,0.014487863450000001,0.00974109395,2.0,8.0,0.375,0.3125,0.1875,0.5,,,,
dt018,dt018_node_29,97.0,0.0519869563,0.6363041688,2.0,1.0,0.0,0.10439484164999999,0.0017161700500000002,2.0,8.0,0.375,0.3125,0.1875,0.5,,,,
dt018,dt018_node_30,100.0,0.0808396235,0.6884225690000001,2.0,1.0,0.0,0.029080897850000002,7.532249999999199e-06,2.0,8.0,0.375,0.3125,0.1875,0.5,,,,
dt018,dt018_node_31,95.0,0.0150843405,0.696223573,4.0,2.0,0.0,0.010780621899999999,0.0010756942000000004,2.0,8.0,0.375,0.3125,0.1875,0.5,,,,
dt018,dt018_node_32,96.0,0.0100066672,0.6819847731,5.0,2.5,0.2,0.00608203965,0.0015319938499999998,2.0,8.0,0.375,0.3125,0.1875,0.5,,,,
dt018,dt018_node_33,98.0,0.0086325496,0.6806106555000001,3.0,1.5,0.3333333333333333,0.0013254897,0.0006822438,2.0,8.0,0.375,0.3125,0.1875,0.5,,,,
dt018,dt018_node_34,50.0,0.0047467695,0.6939952326,5.0,2.5,0.6,0.022767020000000002,0.012451205300000002,2.0,8.0,0.375,0.3125,0.1875,0.5,,,,
dt018,dt018_node_35,96.0,0.0118563161,0.7080798891000001,2.0,1.0,0.0,0.0080066423,0.0010841575999999999,2.0,8.0,0.375,0.3125,0.1875,0.5,,,,
dt018,dt018_node_36,97.0,0.0097049277,0.7059285007,2.0,1.0,0.0,0.01120456025,0.00015922485000000042,2.0,8.0,0.375,0.3125,0.1875,0.5,,,,
dt018,dt018_node_37,98.0,0.0045500458,0.6865348189,3.0,1.5,0.3333333333333333,0.00064732135,0.0006450555499999999,2.0,8.0,0.375,0.3125,0.1875,0.5,,,,
dt018,dt018_node_38,100.0,0.0076140335,0.6895988066000001,2.0,1.0,0.0,0.0006494020999999999,2.967950000000002e-05,2.0,8.0,0.375,0.3125,0.1875,0.5,,,,
dt018,dt018_node_39,60.0,0.0006432459,0.6812539014000001,2.0,1.0,0.0,0.00194271895,1.5563650000000127e-05,2.0,8.0,0.375,0.3125,0.1875,0.5,,,,
dt018,dt018_node_40,97.0,0.0103158147,0.7043110472999999,4.0,2.0,0.5,0.00300549505,0.00201555455,2.0,8.0,0.375,0.3125,0.1875,0.5,,,,
dt018,dt018_node_41,64.0,2.2658e-06,0.6865370847,2.0,1.0,0.0,0.00162036245,0.0009759662500000001,2.0,8.0,0.375,0.3125,0.1875,0.5,,,,
dt018,dt018_node_42,74.0,0.0009899405,0.7053009878,3.0,1.5,0.3333333333333333,0.00611801815,0.00340988285,2.0,8.0,0.375,0.3125,0.1875,0.5,,,,
dt018,dt018_node_43,100.0,0.009527901,0.7148288888,2.0,1.0,0.0,0.0016494241,0.0003702473,2.0,8.0,0.375,0.3125,0.1875,0.5,,,,
dt019,dt019_node_0,57.0,0.2704741522,0.2704741522,18.0,9.0,0.8888888888888888,0.31035219005,0.12209977225,2.0,8.0,0.0625,0.2767857142857143,0.15178571428571427,0.8571428571428571,,,,
dt019,dt019_node_1,93.0,0.2382924126,0.2382924126,2.0,1.0,0.0,0.2545989355,0.018792781400000014,2.0,8.0,0.0625,0.2767857142857143,0.15178571428571427,0.8571428571428571,,,,
dt019,dt019_node_2,66.0,0.1882524178,0.45872656999999994,17.0,8.5,0.17647058823529413,0.1581666928,0.043207634599999996,2.0,8.0,0.0625,0.2767857142857143,0.15178571428571427,0.8571428571428571,,,,
dt019,dt019_node_3,96.0,0.2013743274,0.6601008974,10.0,5.0,0.6,0.026158191,0.0167348677,2.0,8.0,0.0625,0.2767857142857143,0.15178571428571427,0.8571428571428571,,,,
dt019,dt019_node_4,59.0,0.1149590582,0.5736856281999999,7.0,3.5,0.14285714285714285,0.11197964219999999,0.08687079249999999,2.0,8.0,0.0625,0.2767857142857143,0.15178571428571427,0.8571428571428571,,,,
dt019,dt019_node_5,47.0,0.0428930587,0.7029939561,8.0,4.0,0.75,0.14766916475,0.10431072155000001,2.0,8.0,0.0625,0.2767857142857143,0.15178571428571427,0.8571428571428571,,,,
dt019,dt019_node_6,47.0,0.0094233233,0.6695242207,2.0,1.0,0.0,0.16114842805000001,0.004060441550000002,2.0,8.0,0.0625,0.2767857142857143,0.15178571428571427,0.8571428571428571,,,,
dt019,dt019_node_7,31.0,0.0251088497,0.5987944779,4.0,2.0,0.5,0.13664747915,0.08598791345000001,2.0,8.0,0.0625,0.2767857142857143,0.15178571428571427,0.8571428571428571,,,,
dt019,dt019_node_8,94.0,0.1988504347,0.7725360628999999,3.0,1.5,0.3333333333333333,0.0082768297,0.0020730773,2.0,8.0,0.0625,0.2767857142857143,0.15178571428571427,0.8571428571428571,,,,
dt019,dt019_node_9,46.0,0.0433584432,0.7463523993000001,7.0,3.5,0.7142857142857143,0.11877946745000001,0.11126788785,2.0,8.0,0.0625,0.2767857142857143,0.15178571428571427,0.8571428571428571,,,,
dt019,dt019_node_10,45.0,0.0506595657,0.6494540435999999,3.0,1.5,0.3333333333333333,0.27837834829999997,0.02573638419999999,2.0,8.0,0.0625,0.2767857142857143,0.15178571428571427,0.8571428571428571,,,,
dt019,dt019_node_11,89.0,0.010349907,0.7828859698999999,2.0,1.0,0.0,0.0032649812,0.0010468294000000001,2.0,8.0,0.0625,0.2767857142857143,0.15178571428571427,0.8571428571428571,,,,
dt019,dt019_node_12,31.0,0.0075115796,0.7538639789000001,6.0,3.0,0.0,0.05750392045,0.05750186915,2.0,8.0,0.0625,0.2767857142857143,0.15178571428571427,0.8571428571428571,,,,
dt019,dt019_node_13,100.0,0.3041147325,0.9535687760999999,2.0,1.0,0.0,0.00944015,0.0094380073,2.0,8.0,0.0625,0.2767857142857143,0.15178571428571427,0.8571428571428571,,,,
dt019,dt019_node_14,99.0,0.1150057896,0.8688697685000001,3.0,1.5,0.3333333333333333,0.0771369517,0.019123346299999996,2.0,8.0,0.0625,0.2767857142857143,0.15178571428571427,0.8571428571428571,,,,
dt019,dt019_node_15,13.0,2.0513e-06,0.7538660302000001,3.0,1.5,0.3333333333333333,0.10870687270000001,0.0711724131,2.0,8.0,0.0625,0.2767857142857143,0.15178571428571427,0.8571428571428571,,,,
dt019,dt019_node_16,100.0,0.0580136054,0.9268833739000001,2.0,1.0,0.0,0.0129000518,0.0039717730000000005,2.0,8.0,0.0625,0.2767857142857143,0.15178571428571427,0.8571428571428571,,,,
dt019,dt019_node_17,28.0,0.0375344596,0.7914004898000001,2.0,1.0,0.0,0.21260790655,0.02538698754999999,2.0,8.0,0.0625,0.2767857142857143,0.15178571428571427,0.8571428571428571,,,,
dt020,dt020_node_0,100.0,0.1745517951,0.1745517951,25.0,12.5,0.92,0.047360341400000006,0.016987295000000003,2.0,10.0,0.1,0.1625,0.037500000000000006,0.625,,,,
dt020,dt020_node_1,67.0,0.0303730464,0.20492484149999998,24.0,12.0,0.25,0.0266814168,8.806280000000014e-05,2.0,10.0,0.1,0.1625,0.037500000000000006,0.625,,,,
dt020,dt020_node_2,20.0,0.026593354,0.23151819549999997,15.0,7.5,0.6,0.0308556789,0.013012514899999997,2.0,10.0,0.1,0.1625,0.037500000000000006,0.625,,,,
dt020,dt020_node_3,27.0,0.0267694796,0.2316943211,9.0,4.5,0.5555555555555556,0.0462795394,0.021799696800000004,2.0,10.0,0.1,0.1625,0.037500000000000006,0.625,,,,
dt020,dt020_node_4,36.0,0.017843164,0.24936135949999996,12.0,6.0,0.8333333333333334,0.09905256915,0.06134754315,2.0,10.0,0.1,0.1625,0.037500000000000006,0.625,,,,
dt020,dt020_node_5,31.0,0.0438681938,0.2753863893,3.0,1.5,0.3333333333333333,0.11666892714999999,0.08779927385,2.0,10.0,0.1,0.1625,0.037500000000000006,0.625,,,,
dt020,dt020_node_6,46.0,0.0680792362,0.2997735573,2.0,1.0,0.0,0.17495948725,0.02482352815000001,2.0,10.0,0.1,0.1625,0.037500000000000006,0.625,,,,
dt020,dt020_node_7,59.0,0.0244798426,0.2561741637,7.0,3.5,0.7142857142857143,0.11245189345,0.06545841935,2.0,10.0,0.1,0.1625,0.037500000000000006,0.625,,,,
dt020,dt020_node_8,37.0,0.037705026,0.28706638549999997,11.0,5.5,0.45454545454545453,0.034709911149999995,0.02124060315,2.0,10.0,0.1,0.1625,0.037500000000000006,0.625,,,,
dt020,dt020_node_9,69.0,0.0288696533,0.3042560426,2.0,1.0,0.0,0.24510333325,0.06607027885,2.0,10.0,0.1,0.1625,0.037500000000000006,0.625,,,,
dt020,dt020_node_10,77.0,0.0469934741,0.3031676378,6.0,3.0,0.3333333333333333,0.0780226916,0.0111642126,2.0,10.0,0.1,0.1625,0.037500000000000006,0.625,,,,
dt020,dt020_node_11,22.0,0.0559505143,0.34301689979999994,3.0,1.5,0.3333333333333333,0.1345472008,0.08966466680000001,2.0,10.0,0.1,0.1625,0.037500000000000006,0.625,,,,
dt020,dt020_node_12,12.0,0.013469308,0.3005356935,8.0,4.0,0.25,0.0612716906,0.0383149908,2.0,10.0,0.1,0.1625,0.037500000000000006,0.625,,,,
dt020,dt020_node_13,95.0,0.066858479,0.37002611679999997,2.0,1.0,0.0,0.1836608409,0.02904308600000001,2.0,10.0,0.1,0.1625,0.037500000000000006,0.625,,,,
dt020,dt020_node_14,100.0,0.0891869042,0.392354542,4.0,2.0,0.5,0.0587567163,0.0310179834,2.0,10.0,0.1,0.1625,0.037500000000000006,0.625,,,,
dt020,dt020_node_15,48.0,0.044882534,0.3878994337999999,2.0,1.0,0.0,0.20531657345,0.02600666855,2.0,10.0,0.1,0.1625,0.037500000000000006,0.625,,,,
dt020,dt020_node_16,66.0,0.0229566998,0.32349239329999996,5.0,2.5,0.2,0.0349696392,0.006526703699999999,2.0,10.0,0.1,0.1625,0.037500000000000006,0.625,,,,
dt020,dt020_node_17,84.0,0.0995866814,0.40012237489999997,3.0,1.5,0.3333333333333333,0.0648977302,0.0254717878,2.0,10.0,0.1,0.1625,0.037500000000000006,0.625,,,,
dt020,dt020_node_18,98.0,0.0277387329,0.4200932749,3.0,1.5,0.3333333333333333,0.024533023,0.009454102899999999,2.0,10.0,0.1,0.1625,0.037500000000000006,0.625,,,,
dt020,dt020_node_19,85.0,0.0414963429,0.36498873619999994,3.0,1.5,0.3333333333333333,0.0668864721,0.0432278539,2.0,10.0,0.1,0.1625,0.037500000000000006,0.625,,,,
dt020,dt020_node_20,77.0,0.0284429355,0.35193532879999995,2.0,1.0,0.0,0.12041413775,0.012895165249999993,2.0,10.0,0.1,0.1625,0.037500000000000006,0.625,,,,
dt020,dt020_node_21,64.0,0.0394259424,0.4395483173,2.0,1.0,0.0,0.17285534055000001,0.056954666450000004,2.0,10.0,0.1,0.1625,0.037500000000000006,0.625,,,,
dt020,dt020_node_22,97.0,0.0150789201,0.435172195,2.0,1.0,0.0,0.0111108158,0.0037680236999999995,2.0,10.0,0.1,0.1625,0.037500000000000006,0.625,,,,
dt020,dt020_node_23,66.0,0.0236586182,0.3886473543999999,2.0,1.0,0.0,0.070540245,0.001445556700000003,2.0,10.0,0.1,0.1625,0.037500000000000006,0.625,,,,
dt021,dt021_node_0,58.0,0.0075950617,0.0075950617,25.0,12.5,0.84,0.0176115099,0.007100073899999999,2.0,8.0,0.4375,0.5625,0.4375,1.0,,,,
dt021,dt021_node_1,63.0,0.010511436,0.0181064977,23.0,11.5,0.9130434782608695,0.0318887096,0.0209233957,2.0,8.0,0.4375,0.5625,0.4375,1.0,,,,
dt021,dt021_node_2,63.0,0.0247115838,0.0323066455,2.0,1.0,0.0,0.08205042679999999,0.0379698934,2.0,8.0,0.4375,0.5625,0.4375,1.0,,,,
dt021,dt021_node_3,64.0,0.0109653139,0.029071811600000004,22.0,11.0,0.5454545454545454,0.011311709049999999,0.008791071049999998,2.0,8.0,0.4375,0.5625,0.4375,1.0,,,,
dt021,dt021_node_4,32.0,0.002520638,0.0315924496,17.0,8.5,0.8823529411764706,0.047995976149999994,0.04799310304999999,2.0,8.0,0.4375,0.5625,0.4375,1.0,,,,
dt021,dt021_node_5,79.0,0.0201027801,0.049174591700000006,5.0,2.5,0.6,0.04322653085,0.034279848550000006,2.0,8.0,0.4375,0.5625,0.4375,1.0,,,,
dt021,dt021_node_6,12.0,2.8731e-06,0.031595322700000004,16.0,8.0,0.75,0.00954900065,0.006092976149999999,2.0,8.0,0.4375,0.5625,0.4375,1.0,,,,
dt021,dt021_node_7,80.0,0.0089466823,0.05812127400000001,4.0,2.0,0.0,0.042796464699999995,0.0235325653,2.0,8.0,0.4375,0.5625,0.4375,1.0,,,,
dt021,dt021_node_8,20.0,0.0034560245,0.035051347200000006,14.0,7.0,0.8571428571428571,0.04424418715,0.04216067795,2.0,8.0,0.4375,0.5625,0.4375,1.0,,,,
dt021,dt021_node_9,54.0,0.0156419768,0.0472372995,2.0,1.0,0.0,0.0660122044,0.0171562962,2.0,8.0,0.4375,0.5625,0.4375,1.0,,,,
dt021,dt021_node_10,65.0,0.0192638994,0.0773851734,2.0,1.0,0.0,0.05225930805,0.0028715958499999986,2.0,8.0,0.4375,0.5625,0.4375,1.0,,,,
dt021,dt021_node_11,100.0,0.06632903,0.12445030400000001,2.0,1.0,0.0,0.047277861600000005,0.03722410870000001,2.0,8.0,0.4375,0.5625,0.4375,1.0,,,,
dt021,dt021_node_12,34.0,0.0020835092,0.037134856400000006,13.0,6.5,0.8461538461538461,0.03869448155,0.03572867435,2.0,8.0,0.4375,0.5625,0.4375,1.0,,,,
dt021,dt021_node_13,42.0,0.0029658072,0.0401006636,12.0,6.0,0.6666666666666666,0.013365185600000001,0.007325119000000001,2.0,8.0,0.4375,0.5625,0.4375,1.0,,,,
dt021,dt021_node_14,49.0,0.0060400666,0.0461407302,10.0,5.0,0.8,0.042332718650000004,0.03781715275,2.0,8.0,0.4375,0.5625,0.4375,1.0,,,,
dt021,dt021_node_15,58.0,0.0206903046,0.0607909682,2.0,1.0,0.0,0.14862788215,0.02216211274999999,2.0,8.0,0.4375,0.5625,0.4375,1.0,,,,
dt021,dt021_node_16,59.0,0.0045155659,0.0506562961,9.0,4.5,0.3333333333333333,0.0082072755,0.00016762500000000024,2.0,8.0,0.4375,0.5625,0.4375,1.0,,,,
dt021,dt021_node_17,53.0,0.0080396505,0.0586959466,6.0,3.0,0.3333333333333333,0.0074726725,0.0034166636000000005,2.0,8.0,0.4375,0.5625,0.4375,1.0,,,,
dt021,dt021_node_18,56.0,0.0083749005,0.0590311966,3.0,1.5,0.3333333333333333,0.047928015500000004,0.0164050201,2.0,8.0,0.4375,0.5625,0.4375,1.0,,,,
dt021,dt021_node_19,55.0,0.0108893361,0.0695852827,4.0,2.0,0.0,0.02976105595,0.02700243885,2.0,8.0,0.4375,0.5625,0.4375,1.0,,,,
dt021,dt021_node_20,36.0,0.0040560089,0.0627519555,2.0,1.0,0.0,0.0624486469,0.004875801599999997,2.0,8.0,0.4375,0.5625,0.4375,1.0,,,,
dt021,dt021_node_21,99.0,0.0315229954,0.090554192,2.0,1.0,0.0,0.040500750099999996,0.0174501934,2.0,8.0,0.4375,0.5625,0.4375,1.0,,,,
dt021,dt021_node_22,44.0,0.0027586171,0.0723438998,2.0,1.0,0.0,0.038328176000000005,0.009095593400000001,2.0,8.0,0.4375,0.5625,0.4375,1.0,,,,
dt021,dt021_node_23,100.0,0.0567634948,0.1263487775,2.0,1.0,0.0,0.04179182035,0.02508119375,2.0,8.0,0.4375,0.5625,0.4375,1.0,,,,
dt022,dt022_node_0,31.0,2.2409e-06,2.2409e-06,16.0,8.0,0.875,2.2409e-06,0.0,2.0,8.0,0.25,0.1875,0.0625,1.0,,,,
dt022,dt022_node_1,14.0,2.2409e-06,4.4818e-06,15.0,7.5,0.7333333333333333,0.0013054557,0.0013032148,2.0,8.0,0.25,0.1875,0.0625,1.0,,,,
dt022,dt022_node_2,41.0,2.2409e-06,6.7227e-06,13.0,6.5,0.8461538461538461,0.00399904085,0.0013904390499999998,2.0,8.0,0.25,0.1875,0.0625,1.0,,,,
dt022,dt022_node_3,66.0,0.0026086705,0.0026131523,2.0,1.0,0.0,0.0013298054,0.0013275645,2.0,8.0,0.25,0.1875,0.0625,1.0,,,,
dt022,dt022_node_4,77.0,0.0053894799,0.0053962025999999995,12.0,6.0,0.5,0.0058496433,0.0002189491,2.0,8.0,0.25,0.1875,0.0625,1.0,,,,
dt022,dt022_node_5,85.0,0.0056306942,0.0110268968,9.0,4.5,0.7777777777777778,0.00421338715,0.00158726915,2.0,8.0,0.25,0.1875,0.0625,1.0,,,,
dt022,dt022_node_6,92.0,0.0060685924,0.011464795,3.0,1.5,0.3333333333333333,0.0039875693,0.0013542814999999999,2.0,8.0,0.25,0.1875,0.0625,1.0,,,,
dt022,dt022_node_7,91.0,0.0058006563,0.0168275531,8.0,4.0,0.25,0.00685080815,0.004344144350000001,2.0,8.0,0.25,0.1875,0.0625,1.0,,,,
dt022,dt022_node_8,93.0,0.0053418508,0.0168066458,2.0,1.0,0.0,0.00128483635,0.00128259545,2.0,8.0,0.25,0.1875,0.0625,1.0,,,,
dt022,dt022_node_9,79.0,0.0025066638,0.0193342169,5.0,2.5,0.6,0.0053655219,2.533010000000009e-05,2.0,8.0,0.25,0.1875,0.0625,1.0,,,,
dt022,dt022_node_10,93.0,0.0111949525,0.0280225056,3.0,1.5,0.3333333333333333,0.0012671114,0.0012648705,2.0,8.0,0.25,0.1875,0.0625,1.0,,,,
dt022,dt022_node_11,93.0,0.005390852,0.0247250689,4.0,2.0,0.5,0.00128120145,0.00127896055,2.0,8.0,0.25,0.1875,0.0625,1.0,,,,
dt022,dt022_node_12,54.0,0.0025319819,0.0305544875,2.0,1.0,0.0,0.003938433,0.0039361921,2.0,8.0,0.25,0.1875,0.0625,1.0,,,,
dt022,dt022_node_13,40.0,2.2409e-06,0.0247273098,3.0,1.5,0.3333333333333333,0.00129178655,0.00128954565,2.0,8.0,0.25,0.1875,0.0625,1.0,,,,
dt022,dt022_node_14,22.0,2.2409e-06,0.0247295507,2.0,1.0,0.0,0.0012849777,0.0012827368,2.0,8.0,0.25,0.1875,0.0625,1.0,,,,
dt023,dt023_node_0,98.0,0.0083715939,0.0083715939,66.0,33.0,0.6363636363636364,0.0020347117500000003,0.0020326186500000004,2.0,8.0,0.3125,0.22916666666666666,0.10416666666666666,1.0,,,,
dt023,dt023_node_1,36.0,2.0931e-06,0.008373687,12.0,6.0,0.8333333333333334,0.0020740230000000004,0.0020719299000000004,2.0,8.0,0.3125,0.22916666666666666,0.10416666666666666,1.0,,,,
dt023,dt023_node_2,73.0,0.0040673304,0.012438924300000001,54.0,27.0,0.2962962962962963,0.007000937299999999,0.002927414799999999,2.0,8.0,0.3125,0.22916666666666666,0.10416666666666666,1.0,,,,
dt023,dt023_node_3,94.0,2.0931e-06,0.008375780099999999,11.0,5.5,0.8181818181818182,2.0931e-06,0.0,2.0,8.0,0.3125,0.22916666666666666,0.10416666666666666,1.0,,,,
dt023,dt023_node_4,64.0,0.0099283521,0.0223672764,19.0,9.5,0.7894736842105263,0.00549247805,0.00260883585,2.0,8.0,0.3125,0.22916666666666666,0.10416666666666666,1.0,,,,
dt023,dt023_node_5,50.0,0.0040735225,0.0165124468,35.0,17.5,0.7714285714285715,0.0208645317,0.0208624386,2.0,8.0,0.3125,0.22916666666666666,0.10416666666666666,1.0,,,,
dt023,dt023_node_6,49.0,0.0081013139,0.0304685903,2.0,1.0,0.0,0.032563465800000004,0.0020207540000000013,2.0,8.0,0.3125,0.22916666666666666,0.10416666666666666,1.0,,,,
dt023,dt023_node_7,37.0,0.0028836422,0.025250918600000002,17.0,8.5,0.7647058823529411,0.0107736662,0.0026430746,2.0,8.0,0.3125,0.22916666666666666,0.10416666666666666,1.0,,,,
dt023,dt023_node_8,100.0,0.0417269703,0.058239417099999996,31.0,15.5,0.8064516129032258,0.016231295950000002,0.007737056250000001,2.0,8.0,0.3125,0.22916666666666666,0.10416666666666666,1.0,,,,
dt023,dt023_node_9,65.0,2.0931e-06,0.0165145399,4.0,2.0,0.0,0.0106900109,0.0020672525999999997,2.0,8.0,0.3125,0.22916666666666666,0.10416666666666666,1.0,,,,
dt023,dt023_node_10,88.0,0.0081305916,0.033381510200000006,15.0,7.5,0.8666666666666667,0.00206349635,0.0020614032499999997,2.0,8.0,0.3125,0.22916666666666666,0.10416666666666666,1.0,,,,
dt023,dt023_node_11,97.0,0.0134167408,0.0386676594,2.0,1.0,0.0,0.0020571199000000004,0.0020550268000000004,2.0,8.0,0.3125,0.22916666666666666,0.10416666666666666,1.0,,,,
dt023,dt023_node_12,76.0,0.0084942397,0.0667336568,28.0,14.0,0.9285714285714286,0.0022698875500000004,0.0022677944500000004,2.0,8.0,0.3125,0.22916666666666666,0.10416666666666666,1.0,,,,
dt023,dt023_node_13,100.0,0.0239683522,0.0822077693,3.0,1.5,0.3333333333333333,2.0931e-06,0.0,2.0,8.0,0.3125,0.22916666666666666,0.10416666666666666,1.0,,,,
dt023,dt023_node_14,100.0,0.0086227583,0.025137298199999998,2.0,1.0,0.0,2.0931e-06,0.0,2.0,8.0,0.3125,0.22916666666666666,0.10416666666666666,1.0,,,,
dt023,dt023_node_15,98.0,0.0127572635,0.029271803399999997,2.0,1.0,0.0,0.0021014404,0.0020993472999999998,2.0,8.0,0.3125,0.22916666666666666,0.10416666666666666,1.0,,,,
dt023,dt023_node_16,49.0,2.0931e-06,0.03338360330000001,14.0,7.0,0.8571428571428571,0.00206288435,0.0020607912499999996,2.0,8.0,0.3125,0.22916666666666666,0.10416666666666666,1.0,,,,
dt023,dt023_node_17,56.0,0.004537682,0.0712713388,27.0,13.5,0.9259259259259259,0.013078449249999999,0.00875609355,2.0,8.0,0.3125,0.22916666666666666,0.10416666666666666,1.0,,,,
dt023,dt023_node_18,95.0,2.0931e-06,0.03338569640000001,13.0,6.5,0.8461538461538461,2.0931e-06,0.0,2.0,8.0,0.3125,0.22916666666666666,0.10416666666666666,1.0,,,,
dt023,dt023_node_19,61.0,0.0043223557,0.0755936945,26.0,13.0,0.9230769230769231,0.00441338575,0.004411292650000001,2.0,8.0,0.3125,0.22916666666666666,0.10416666666666666,1.0,,,,
dt023,dt023_node_20,31.0,2.0931e-06,0.0755957876,25.0,12.5,0.36,2.0931e-06,0.0,2.0,8.0,0.3125,0.22916666666666666,0.10416666666666666,1.0,,,,
dt023,dt023_node_21,16.0,2.0931e-06,0.07559788070000001,8.0,4.0,0.75,0.00221047825,0.00220838515,2.0,8.0,0.3125,0.22916666666666666,0.10416666666666666,1.0,,,,
dt023,dt023_node_22,25.0,2.0931e-06,0.07559788070000001,17.0,8.5,0.6470588235294118,0.00436469975,7.501249999999904e-06,2.0,8.0,0.3125,0.22916666666666666,0.10416666666666666,1.0,,,,
dt023,dt023_node_23,66.0,2.0931e-06,0.07559997380000001,7.0,3.5,0.7142857142857143,2.0931e-06,0.0,2.0,8.0,0.3125,0.22916666666666666,0.10416666666666666,1.0,,,,
dt023,dt023_node_24,63.0,0.004372201,0.07997008170000001,3.0,1.5,0.3333333333333333,0.008799929,0.0087978359,2.0,8.0,0.3125,0.22916666666666666,0.10416666666666666,1.0,,,,
dt023,dt023_node_25,74.0,0.0043571985,0.07995507920000001,14.0,7.0,0.7142857142857143,0.0066151503999999995,0.006613057299999999,2.0,8.0,0.3125,0.22916666666666666,0.10416666666666666,1.0,,,,
dt023,dt023_node_26,100.0,0.0175977649,0.09756784660000001,2.0,1.0,0.0,2.0931e-06,0.0,2.0,8.0,0.3125,0.22916666666666666,0.10416666666666666,1.0,,,,
dt023,dt023_node_27,27.0,2.0931e-06,0.07995717230000002,12.0,6.0,0.3333333333333333,0.00452350695,0.00452141385,2.0,8.0,0.3125,0.22916666666666666,0.10416666666666666,1.0,,,,
dt023,dt023_node_28,97.0,0.0132282077,0.09318328690000001,2.0,1.0,0.0,0.0021849212000000003,0.0021828281,2.0,8.0,0.3125,0.22916666666666666,0.10416666666666666,1.0,,,,
dt023,dt023_node_29,24.0,2.0931e-06,0.07995926540000002,8.0,4.0,0.0,0.0066462519000000005,0.0022865582000000002,2.0,8.0,0.3125,0.22916666666666666,0.10416666666666666,1.0,,,,
dt023,dt023_node_30,99.0,0.0090449208,0.08900209310000001,4.0,2.0,0.5,2.0931e-06,0.0,2.0,8.0,0.3125,0.22916666666666666,0.10416666666666666,1.0,,,,
dt023,dt023_node_31,79.0,0.0043596937,0.08431895910000002,4.0,2.0,0.5,0.0021794195000000003,0.0021773264000000004,2.0,8.0,0.3125,0.22916666666666666,0.10416666666666666,1.0,,,,
dt023,dt023_node_32,99.0,0.0089328101,0.08889207550000003,4.0,2.0,0.5,2.0931e-06,0.0,2.0,8.0,0.3125,0.22916666666666666,0.10416666666666666,1.0,,,,
dt023,dt023_node_33,92.0,2.0931e-06,0.08432105220000002,3.0,1.5,0.3333333333333333,2.0931e-06,0.0,2.0,8.0,0.3125,0.22916666666666666,0.10416666666666666,1.0,,,,
dt024,dt024_node_0,51.0,0.0430342091,0.0430342091,44.0,22.0,0.8636363636363636,0.0910304879,0.060008987800000003,2.0,8.0,0.3125,0.22916666666666666,0.10416666666666666,0.6666666666666666,,,,
dt024,dt024_node_1,50.0,0.0310215001,0.0740557092,3.0,1.5,0.3333333333333333,0.16144676115,0.12507048365,2.0,8.0,0.3125,0.22916666666666666,0.10416666666666666,0.6666666666666666,,,,
dt024,dt024_node_2,100.0,0.1510394757,0.1940736848,41.0,20.5,0.9024390243902439,0.02411567605,0.014820840250000002,2.0,8.0,0.3125,0.22916666666666666,0.10416666666666666,0.6666666666666666,,,,
dt024,dt024_node_3,69.0,0.0363762775,0.1104319867,2.0,1.0,0.0,0.10960078285000001,0.022109013750000003,2.0,8.0,0.3125,0.22916666666666666,0.10416666666666666,0.6666666666666666,,,,
dt024,dt024_node_4,98.0,0.0389365163,0.2330102011,39.0,19.5,0.5897435897435898,0.00390369195,0.00181248835,2.0,8.0,0.3125,0.22916666666666666,0.10416666666666666,0.6666666666666666,,,,
dt024,dt024_node_5,89.0,0.0092948358,0.20336852060000002,2.0,1.0,0.0,0.00094570775,0.00094306365,2.0,8.0,0.3125,0.22916666666666666,0.10416666666666666,0.6666666666666666,,,,
dt024,dt024_node_6,95.0,0.0020912036,0.23510140470000002,8.0,4.0,0.75,0.0004316781,0.000429034,2.0,8.0,0.3125,0.22916666666666666,0.10416666666666666,0.6666666666666666,,,,
dt024,dt024_node_7,64.0,0.0057161803,0.23872638140000002,31.0,15.5,0.9354838709677419,0.0093584271,0.0047823086,2.0,8.0,0.3125,0.22916666666666666,0.10416666666666666,0.6666666666666666,,,,
dt024,dt024_node_8,42.0,2.6441e-06,0.23510404880000002,7.0,3.5,0.7142857142857143,2.6441e-06,0.0,2.0,8.0,0.3125,0.22916666666666666,0.10416666666666666,0.6666666666666666,,,,
dt024,dt024_node_9,81.0,0.0141407357,0.25286711710000004,30.0,15.0,0.9333333333333333,0.0086591208,0.0028653838000000003,2.0,8.0,0.3125,0.22916666666666666,0.10416666666666666,0.6666666666666666,,,,
dt024,dt024_node_10,30.0,2.6441e-06,0.23510669290000002,6.0,3.0,0.6666666666666666,0.0017386915999999999,0.0008804788999999998,2.0,8.0,0.3125,0.22916666666666666,0.10416666666666666,0.6666666666666666,,,,
dt024,dt024_node_11,56.0,0.005793737,0.25866085410000006,29.0,14.5,0.9310344827586207,0.0215084878,0.021506197,2.0,8.0,0.3125,0.22916666666666666,0.10416666666666666,0.6666666666666666,,,,
dt024,dt024_node_12,96.0,0.0026191705,0.23772586340000001,5.0,2.5,0.6,0.0008562388,1.07399999999978e-07,2.0,8.0,0.3125,0.22916666666666666,0.10416666666666666,0.6666666666666666,,,,
dt024,dt024_node_13,52.0,2.2908e-06,0.2586631449000001,28.0,14.0,0.8571428571428571,0.0008753068,3.292699999999998e-05,2.0,8.0,0.3125,0.22916666666666666,0.10416666666666666,0.6666666666666666,,,,
dt024,dt024_node_14,76.0,0.0008561314,0.2385819948,4.0,2.0,0.5,0.00132033775,0.00131769365,2.0,8.0,0.3125,0.22916666666666666,0.10416666666666666,0.6666666666666666,,,,
dt024,dt024_node_15,46.0,0.0009082338,0.2595713787000001,26.0,13.0,0.9230769230769231,2.6441e-06,0.0,2.0,8.0,0.3125,0.22916666666666666,0.10416666666666666,0.6666666666666666,,,,
dt024,dt024_node_16,75.0,0.0008423798,0.2595055247000001,2.0,1.0,0.0,0.0004344032,0.00043175909999999996,2.0,8.0,0.3125,0.22916666666666666,0.10416666666666666,0.6666666666666666,,,,
dt024,dt024_node_17,46.0,2.6441e-06,0.2385846389,3.0,1.5,0.3333333333333333,0.00042879065,0.00042614655000000005,2.0,8.0,0.3125,0.22916666666666666,0.10416666666666666,0.6666666666666666,,,,
dt024,dt024_node_18,29.0,2.6441e-06,0.2595740228000001,25.0,12.5,0.84,0.00485707605,0.00398616595,2.0,8.0,0.3125,0.22916666666666666,0.10416666666666666,0.6666666666666666,,,,
dt024,dt024_node_19,61.0,0.0008549372,0.2394395761,2.0,1.0,0.0,0.00042924390000000003,0.0004265998,2.0,8.0,0.3125,0.22916666666666666,0.10416666666666666,0.6666666666666666,,,,
dt024,dt024_node_20,96.0,0.008843242,0.26841726480000005,2.0,1.0,0.0,0.00611106095,0.0016527722499999997,2.0,8.0,0.3125,0.22916666666666666,0.10416666666666666,0.6666666666666666,,,,
dt024,dt024_node_21,45.0,0.0008709101,0.2604449329000001,23.0,11.5,0.4782608695652174,2.6441e-06,0.0,2.0,8.0,0.3125,0.22916666666666666,0.10416666666666666,0.6666666666666666,,,,
dt024,dt024_node_22,28.0,2.6441e-06,0.2604475770000001,17.0,8.5,0.29411764705882354,0.00470046975,0.00382212245,2.0,8.0,0.3125,0.22916666666666666,0.10416666666666666,0.6666666666666666,,,,
dt024,dt024_node_23,13.0,2.6441e-06,0.2604475770000001,6.0,3.0,0.6666666666666666,2.6441e-06,0.0,2.0,8.0,0.3125,0.22916666666666666,0.10416666666666666,0.6666666666666666,,,,
dt024,dt024_node_24,100.0,0.0085225922,0.2689701692000001,6.0,3.0,0.6666666666666666,0.0013310737,0.0013284295999999999,2.0,8.0,0.3125,0.22916666666666666,0.10416666666666666,0.6666666666666666,,,,
dt024,dt024_node_25,45.0,0.0008783473,0.2613259243000001,11.0,5.5,0.8181818181818182,0.0008917937,0.0008891496,2.0,8.0,0.3125,0.22916666666666666,0.10416666666666666,0.6666666666666666,,,,
dt024,dt024_node_26,20.0,2.6441e-06,0.2604502211000001,5.0,2.5,0.6,0.0004373808,0.00043473670000000004,2.0,8.0,0.3125,0.22916666666666666,0.10416666666666666,0.6666666666666666,,,,
dt024,dt024_node_27,87.0,0.0026595033,0.2716296725000001,5.0,2.5,0.6,0.002343123,0.0014919214,2.0,8.0,0.3125,0.22916666666666666,0.10416666666666666,0.6666666666666666,,,,
dt024,dt024_node_28,14.0,2.6441e-06,0.2613285684000001,10.0,5.0,0.6,2.6441e-06,0.0,2.0,8.0,0.3125,0.22916666666666666,0.10416666666666666,0.6666666666666666,,,,
dt024,dt024_node_29,29.0,2.6441e-06,0.2604528652000001,4.0,2.0,0.5,0.00176326325,8.660499999999915e-07,2.0,8.0,0.3125,0.22916666666666666,0.10416666666666666,0.6666666666666666,,,,
dt024,dt024_node_30,92.0,0.0038350444,0.2754647169000001,4.0,2.0,0.5,0.0025324613,0.0016365235999999997,2.0,8.0,0.3125,0.22916666666666666,0.10416666666666666,0.6666666666666666,,,,
dt024,dt024_node_31,9.0,2.6441e-06,0.26133121250000013,8.0,4.0,0.75,0.0004436741,0.00044102999999999997,2.0,8.0,0.3125,0.22916666666666666,0.10416666666666666,0.6666666666666666,,,,
dt024,dt024_node_32,10.0,2.6441e-06,0.26133121250000013,2.0,1.0,0.0,0.0008850981,1.314100000000015e-06,2.0,8.0,0.3125,0.22916666666666666,0.10416666666666666,0.6666666666666666,,,,
dt024,dt024_node_33,82.0,0.0017641293,0.2622169945000001,3.0,1.5,0.3333333333333333,0.0008884724,0.0008860017999999999,2.0,8.0,0.3125,0.22916666666666666,0.10416666666666666,0.6666666666666666,,,,
dt024,dt024_node_34,90.0,0.0041689849,0.2796337018000001,3.0,1.5,0.3333333333333333,0.0012001001,0.0002580395,2.0,8.0,0.3125,0.22916666666666666,0.10416666666666666,0.6666666666666666,,,,
dt024,dt024_node_35,7.0,2.6441e-06,0.26133385660000014,7.0,3.5,0.42857142857142855,2.6441e-06,0.0,2.0,8.0,0.3125,0.22916666666666666,0.10416666666666666,0.6666666666666666,,,,
dt024,dt024_node_36,79.0,0.0017744742,0.26399146870000006,2.0,1.0,0.0,0.0004411824,0.0004385383,2.0,8.0,0.3125,0.22916666666666666,0.10416666666666666,0.6666666666666666,,,,
dt024,dt024_node_37,54.0,0.0009420606,0.2805757624000001,2.0,1.0,0.0,0.0018173925500000001,0.00056573585,2.0,8.0,0.3125,0.22916666666666666,0.10416666666666666,0.6666666666666666,,,,
dt024,dt024_node_38,15.0,2.6441e-06,0.26133650070000014,2.0,1.0,0.0,0.0008839983,4.612999999999883e-07,2.0,8.0,0.3125,0.22916666666666666,0.10416666666666666,0.6666666666666666,,,,
dt024,dt024_node_39,7.0,2.6441e-06,0.26133650070000014,5.0,2.5,0.6,2.6441e-06,0.0,2.0,8.0,0.3125,0.22916666666666666,0.10416666666666666,0.6666666666666666,,,,
dt024,dt024_node_40,7.0,2.6441e-06,0.26133914480000014,4.0,2.0,0.0,2.6441e-06,0.0,2.0,8.0,0.3125,0.22916666666666666,0.10416666666666666,0.6666666666666666,,,,
dt024,dt024_node_41,11.0,2.6441e-06,0.26134178890000015,2.0,1.0,0.0,0.0008865718499999999,1.8630500000000228e-06,2.0,8.0,0.3125,0.22916666666666666,0.10416666666666666,0.6666666666666666,,,,
dt024,dt024_node_42,20.0,2.6441e-06,0.26134178890000015,2.0,1.0,0.0,0.00088489595,1.1861499999999683e-06,2.0,8.0,0.3125,0.22916666666666666,0.10416666666666666,0.6666666666666666,,,,
dt025,dt025_node_0,91.0,0.0035520617,0.0035520617,14.0,7.0,0.8571428571428571,2.4875000000000003e-06,5.339999999999999e-08,2.0,8.0,0.25,0.3125,0.1875,0.75,,,,
dt025,dt025_node_1,51.0,2.4341e-06,0.0035544958,13.0,6.5,0.5384615384615384,0.226438155,0.21994167499999998,2.0,8.0,0.25,0.3125,0.1875,0.75,,,,
dt025,dt025_node_2,46.0,0.00649648,0.0100509758,3.0,1.5,0.3333333333333333,0.015491095350000001,0.01259806095,2.0,8.0,0.25,0.3125,0.1875,0.75,,,,
dt025,dt025_node_3,100.0,0.44637983,0.4499343258,10.0,5.0,0.0,0.16310119485,0.027658009149999996,2.0,8.0,0.25,0.3125,0.1875,0.75,,,,
dt025,dt025_node_4,40.0,0.0028930344,0.012944010200000002,2.0,1.0,0.0,0.00681197715,0.0032836714499999997,2.0,8.0,0.25,0.3125,0.1875,0.75,,,,
dt025,dt025_node_5,68.0,0.1354431857,0.5853775115,5.0,2.5,0.2,0.1903810363,0.01494840380000001,2.0,8.0,0.25,0.3125,0.1875,0.75,,,,
dt025,dt025_node_6,83.0,0.190759204,0.6406935297999999,5.0,2.5,0.2,0.0016028197000000001,0.0016002578,2.0,8.0,0.25,0.3125,0.1875,0.75,,,,
dt025,dt025_node_7,100.0,0.2053294401,0.7907069515999999,3.0,1.5,0.3333333333333333,0.03290056215,0.03289786665,2.0,8.0,0.25,0.3125,0.1875,0.75,,,,
dt025,dt025_node_8,91.0,0.1754326325,0.7608101439999999,2.0,1.0,0.0,0.0173074198,0.002236065100000001,2.0,8.0,0.25,0.3125,0.1875,0.75,,,,
dt025,dt025_node_9,50.0,0.0032030775,0.6438966073,3.0,1.5,0.3333333333333333,0.00155760885,0.00155506795,2.0,8.0,0.25,0.3125,0.1875,0.75,,,,
dt025,dt025_node_10,40.0,2.5619e-06,0.6406960917,2.0,1.0,0.0,2.5409e-06,0.0,2.0,8.0,0.25,0.3125,0.1875,0.75,,,,
dt025,dt025_node_11,100.0,2.6955e-06,0.7907096470999999,2.0,1.0,0.0,2.5514e-06,1.0499999999999942e-08,2.0,8.0,0.25,0.3125,0.1875,0.75,,,,
dt025,dt025_node_12,87.0,2.5409e-06,0.6438991481999999,2.0,1.0,0.0,2.5409e-06,0.0,2.0,8.0,0.25,0.3125,0.1875,0.75,,,,
dt026,dt026_node_0,33.0,2.4338e-06,2.4338e-06,71.0,35.5,0.9436619718309859,0.00165504995,0.00165261615,2.0,8.0,0.0,0.3125,0.1875,0.75,,,,
dt026,dt026_node_1,43.0,2.4338e-06,2.4338e-06,3.0,1.5,0.3333333333333333,2.4338e-06,0.0,2.0,8.0,0.0,0.3125,0.1875,0.75,,,,
dt026,dt026_node_2,65.0,0.0033076661,0.0033100999,69.0,34.5,0.9710144927536232,0.01190844095,0.01190600715,2.0,8.0,0.0,0.3125,0.1875,0.75,,,,
dt026,dt026_node_3,66.0,2.4338e-06,4.8676e-06,2.0,1.0,0.0,0.0050094123,0.0016792965999999998,2.0,8.0,0.0,0.3125,0.1875,0.75,,,,
dt026,dt026_node_4,23.0,2.4338e-06,4.8676e-06,2.0,1.0,0.0,2.4338e-06,0.0,2.0,8.0,0.0,0.3125,0.1875,0.75,,,,
dt026,dt026_node_5,98.0,0.0238144481,0.027124548,68.0,34.0,0.7647058823529411,0.021350005249999998,0.012305831549999998,2.0,8.0,0.0,0.3125,0.1875,0.75,,,,
dt026,dt026_node_6,88.0,0.0090441737,0.036168721699999996,60.0,30.0,0.43333333333333335,0.01604157795,0.00438143365,2.0,8.0,0.0,0.3125,0.1875,0.75,,,,
dt026,dt026_node_7,99.0,0.0336558368,0.0607803848,8.0,4.0,0.5,0.01051662335,0.00554271835,2.0,8.0,0.0,0.3125,0.1875,0.75,,,,
dt026,dt026_node_8,69.0,0.0116601443,0.047828866,43.0,21.5,0.9534883720930233,0.03803030095,0.012700771550000002,2.0,8.0,0.0,0.3125,0.1875,0.75,,,,
dt026,dt026_node_9,81.0,0.0204230116,0.056591733299999995,17.0,8.5,0.5294117647058824,0.01296096085,0.004552650949999999,2.0,8.0,0.0,0.3125,0.1875,0.75,,,,
dt026,dt026_node_10,96.0,0.004973905,0.06575428979999999,6.0,3.0,0.6666666666666666,0.0016724528,0.001670019,2.0,8.0,0.0,0.3125,0.1875,0.75,,,,
dt026,dt026_node_11,100.0,0.0160593417,0.0768397265,2.0,1.0,0.0,0.0050460784,0.0050436446,2.0,8.0,0.0,0.3125,0.1875,0.75,,,,
dt026,dt026_node_12,100.0,0.0507310725,0.0985599385,42.0,21.0,0.42857142857142855,0.0142440946,0.0077138197,2.0,8.0,0.0,0.3125,0.1875,0.75,,,,
dt026,dt026_node_13,61.0,0.0084083099,0.0650000432,13.0,6.5,0.8461538461538461,0.11149346765,0.09555731585,2.0,8.0,0.0,0.3125,0.1875,0.75,,,,
dt026,dt026_node_14,94.0,0.0175136118,0.0741053451,4.0,2.0,0.5,0.0108427465,0.0027570521000000008,2.0,8.0,0.0,0.3125,0.1875,0.75,,,,
dt026,dt026_node_15,45.0,2.4338e-06,0.0657567236,5.0,2.5,0.6,0.0016758908999999998,0.0016734571,2.0,8.0,0.0,0.3125,0.1875,0.75,,,,
dt026,dt026_node_16,99.0,0.0219579143,0.12051785279999999,12.0,6.0,0.6666666666666666,0.00332161735,0.00011330744999999993,2.0,8.0,0.0,0.3125,0.1875,0.75,,,,
dt026,dt026_node_17,55.0,0.0065302749,0.1050902134,30.0,15.0,0.9333333333333333,0.0050170799,0.0050146461,2.0,8.0,0.0,0.3125,0.1875,0.75,,,,
dt026,dt026_node_18,96.0,0.0159361518,0.08093619499999999,12.0,6.0,0.6666666666666666,0.0067244126,0.0067219788,2.0,8.0,0.0,0.3125,0.1875,0.75,,,,
dt026,dt026_node_19,67.0,0.0080856944,0.0821910395,3.0,1.5,0.3333333333333333,0.0067603383999999996,0.0024926383000000002,2.0,8.0,0.0,0.3125,0.1875,0.75,,,,
dt026,dt026_node_20,56.0,2.4338e-06,0.0657591574,4.0,2.0,0.5,2.4338e-06,0.0,2.0,8.0,0.0,0.3125,0.1875,0.75,,,,
dt026,dt026_node_21,92.0,0.0034349248,0.1239527776,2.0,1.0,0.0,0.00164878205,0.0016463482499999998,2.0,8.0,0.0,0.3125,0.1875,0.75,,,,
dt026,dt026_node_22,48.0,0.0032083099,0.12372616269999999,10.0,5.0,0.6,0.0033796888,0.003377255,2.0,8.0,0.0,0.3125,0.1875,0.75,,,,
dt026,dt026_node_23,34.0,2.4338e-06,0.1050926472,29.0,14.5,0.9310344827586207,0.0102975298,0.010295096,2.0,8.0,0.0,0.3125,0.1875,0.75,,,,
dt026,dt026_node_24,47.0,2.4338e-06,0.0809386288,10.0,5.0,0.8,0.00165776525,0.00165533145,2.0,8.0,0.0,0.3125,0.1875,0.75,,,,
dt026,dt026_node_25,97.0,0.0134463914,0.0943825864,2.0,1.0,0.0,0.0070286733499999995,0.00702623955,2.0,8.0,0.0,0.3125,0.1875,0.75,,,,
dt026,dt026_node_26,100.0,0.0042677001,0.08645873959999999,2.0,1.0,0.0,2.4338e-06,0.0,2.0,8.0,0.0,0.3125,0.1875,0.75,,,,
dt026,dt026_node_27,63.0,2.4338e-06,0.06576159120000001,3.0,1.5,0.3333333333333333,2.4338e-06,0.0,2.0,8.0,0.0,0.3125,0.1875,0.75,,,,
dt026,dt026_node_28,79.0,0.0067569438,0.1304831065,8.0,4.0,0.75,0.0054156261,0.0021844272,2.0,8.0,0.0,0.3125,0.1875,0.75,,,,
dt026,dt026_node_29,41.0,2.4338e-06,0.1237285965,2.0,1.0,0.0,0.013471949149999999,0.00682632675,2.0,8.0,0.0,0.3125,0.1875,0.75,,,,
dt026,dt026_node_30,56.0,2.4338e-06,0.105095081,28.0,14.0,0.9285714285714286,0.0101433691,0.0068172044,2.0,8.0,0.0,0.3125,0.1875,0.75,,,,
dt026,dt026_node_31,62.0,0.0033130967,0.0842517255,9.0,4.5,0.5555555555555556,2.4338e-06,0.0,2.0,8.0,0.0,0.3125,0.1875,0.75,,,,
dt026,dt026_node_32,78.0,0.0032311989,0.1337143054,7.0,3.5,0.7142857142857143,0.0016389182,0.0016364844,2.0,8.0,0.0,0.3125,0.1875,0.75,,,,
dt026,dt026_node_33,36.0,0.0033261647,0.1084212457,27.0,13.5,0.5555555555555556,0.0016445318,0.001642098,2.0,8.0,0.0,0.3125,0.1875,0.75,,,,
dt026,dt026_node_34,35.0,2.4338e-06,0.0842541593,7.0,3.5,0.7142857142857143,2.4338e-06,0.0,2.0,8.0,0.0,0.3125,0.1875,0.75,,,,
dt026,dt026_node_35,29.0,2.4338e-06,0.0842541593,2.0,1.0,0.0,0.00167037375,0.00166793995,2.0,8.0,0.0,0.3125,0.1875,0.75,,,,
dt026,dt026_node_36,50.0,2.4338e-06,0.13371673920000002,6.0,3.0,0.0,0.00494922015,0.00167134165,2.0,8.0,0.0,0.3125,0.1875,0.75,,,,
dt026,dt026_node_37,28.0,2.4338e-06,0.10842367950000001,21.0,10.5,0.7142857142857143,0.0048292583,0.0015435014999999998,2.0,8.0,0.0,0.3125,0.1875,0.75,,,,
dt026,dt026_node_38,51.0,0.0032866298,0.1117078755,6.0,3.0,0.3333333333333333,0.0067427787,0.0067403449,2.0,8.0,0.0,0.3125,0.1875,0.75,,,,
dt026,dt026_node_39,33.0,2.4338e-06,0.08425659310000001,6.0,3.0,0.6666666666666666,0.00329002115,1.0696250000000011e-05,2.0,8.0,0.0,0.3125,0.1875,0.75,,,,
dt026,dt026_node_40,79.0,0.0032778785,0.13699461770000002,3.0,1.5,0.3333333333333333,0.0016419412,0.0016395073999999998,2.0,8.0,0.0,0.3125,0.1875,0.75,,,,
dt026,dt026_node_41,91.0,0.0066205618,0.14033730100000003,3.0,1.5,0.3333333333333333,0.00166606475,0.00166363095,2.0,8.0,0.0,0.3125,0.1875,0.75,,,,
dt026,dt026_node_42,60.0,0.0032857568,0.1117094363,18.0,9.0,0.7777777777777778,0.0067259025,0.0067234687000000005,2.0,8.0,0.0,0.3125,0.1875,0.75,,,,
dt026,dt026_node_43,83.0,0.0063727598,0.11479643930000001,3.0,1.5,0.3333333333333333,0.013942961399999999,0.006863034999999999,2.0,8.0,0.0,0.3125,0.1875,0.75,,,,
dt026,dt026_node_44,29.0,2.4338e-06,0.1117103093,4.0,2.0,0.0,0.0084892592,0.0084868254,2.0,8.0,0.0,0.3125,0.1875,0.75,,,,
dt026,dt026_node_45,98.0,0.0134831236,0.1251909991,2.0,1.0,0.0,0.00163954085,0.00163710705,2.0,8.0,0.0,0.3125,0.1875,0.75,,,,
dt026,dt026_node_46,83.0,0.0032793249,0.08753591800000002,5.0,2.5,0.6,0.00850843135,0.0017880145499999996,2.0,8.0,0.0,0.3125,0.1875,0.75,,,,
dt026,dt026_node_47,94.0,2.4338e-06,0.13699705150000002,2.0,1.0,0.0,2.4338e-06,0.0,2.0,8.0,0.0,0.3125,0.1875,0.75,,,,
dt026,dt026_node_48,98.0,2.4338e-06,0.14033973480000003,2.0,1.0,0.0,2.4338e-06,0.0,2.0,8.0,0.0,0.3125,0.1875,0.75,,,,
dt026,dt026_node_49,10.0,2.4338e-06,0.11171187010000001,16.0,8.0,0.375,0.0016734390499999999,0.0016710052499999998,2.0,8.0,0.0,0.3125,0.1875,0.75,,,,
dt026,dt026_node_50,97.0,0.0134493712,0.1251588075,2.0,1.0,0.0,0.0016641396999999998,0.0016617059,2.0,8.0,0.0,0.3125,0.1875,0.75,,,,
dt026,dt026_node_51,93.0,0.0070799264,0.12187636570000002,2.0,1.0,0.0,0.013809883350000001,0.00708569285,2.0,8.0,0.0,0.3125,0.1875,0.75,,,,
dt026,dt026_node_52,69.0,2.4338e-06,0.11171274310000001,2.0,1.0,0.0,0.0100284507,1.5952700000000306e-05,2.0,8.0,0.0,0.3125,0.1875,0.75,,,,
dt026,dt026_node_53,99.0,0.0169760846,0.1286863939,2.0,1.0,0.0,0.0087223965,0.0087199627,2.0,8.0,0.0,0.3125,0.1875,0.75,,,,
dt026,dt026_node_54,92.0,0.0067204168,0.09425633480000002,4.0,2.0,0.0,0.0016615506,0.0016591167999999998,2.0,8.0,0.0,0.3125,0.1875,0.75,,,,
dt026,dt026_node_55,37.0,0.0033444443,0.11505631440000001,5.0,2.5,0.2,0.00501193435,0.0016249776500000001,2.0,8.0,0.0,0.3125,0.1875,0.75,,,,
dt026,dt026_node_56,20.0,2.4338e-06,0.11171430390000002,11.0,5.5,0.45454545454545453,0.0047528603,0.0014750824,2.0,8.0,0.0,0.3125,0.1875,0.75,,,,
dt026,dt026_node_57,38.0,2.4338e-06,0.09425876860000003,2.0,1.0,0.0,0.00166378865,0.00166135485,2.0,8.0,0.0,0.3125,0.1875,0.75,,,,
dt026,dt026_node_58,62.0,0.0033206674,0.09757700220000003,2.0,1.0,0.0,0.0069607752,0.0069583414,2.0,8.0,0.0,0.3125,0.1875,0.75,,,,
dt026,dt026_node_59,57.0,0.0033869567,0.11844327110000001,2.0,1.0,0.0,0.00830984725,0.0015816774499999996,2.0,8.0,0.0,0.3125,0.1875,0.75,,,,
dt026,dt026_node_60,80.0,0.006636912,0.1216932264,3.0,1.5,0.3333333333333333,0.01038761985,0.01038518605,2.0,8.0,0.0,0.3125,0.1875,0.75,,,,
dt026,dt026_node_61,50.0,0.0062279427,0.11794224660000002,3.0,1.5,0.3333333333333333,0.0232061156,0.0019757908999999997,2.0,8.0,0.0,0.3125,0.1875,0.75,,,,
dt026,dt026_node_62,43.0,0.0032777779,0.11499208180000002,8.0,4.0,0.25,2.4338e-06,0.0,2.0,8.0,0.0,0.3125,0.1875,0.75,,,,
dt026,dt026_node_63,51.0,2.4338e-06,0.12169566020000001,2.0,1.0,0.0,0.0032939211500000003,8.096125000000014e-05,2.0,8.0,0.0,0.3125,0.1875,0.75,,,,
dt026,dt026_node_64,100.0,0.0212303247,0.13917257130000002,2.0,1.0,0.0,0.0033486132,1.3502999999998912e-06,2.0,8.0,0.0,0.3125,0.1875,0.75,,,,
dt026,dt026_node_65,20.0,2.4338e-06,0.11499451560000003,3.0,1.5,0.3333333333333333,0.0153324141,0.0052951408000000005,2.0,8.0,0.0,0.3125,0.1875,0.75,,,,
dt026,dt026_node_66,29.0,2.4338e-06,0.11499451560000003,5.0,2.5,0.6,0.01009326985,0.00680808365,2.0,8.0,0.0,0.3125,0.1875,0.75,,,,
dt026,dt026_node_67,82.0,0.0100372733,0.12503178890000002,2.0,1.0,0.0,0.008519160750000001,0.0052227750500000005,2.0,8.0,0.0,0.3125,0.1875,0.75,,,,
dt026,dt026_node_68,62.0,0.0032851862,0.11827970180000003,4.0,2.0,0.5,0.0016455381999999998,0.0016431044,2.0,8.0,0.0,0.3125,0.1875,0.75,,,,
dt026,dt026_node_69,49.0,2.4338e-06,0.11828213560000003,3.0,1.5,0.3333333333333333,0.010103742249999999,0.0001417758500000003,2.0,8.0,0.0,0.3125,0.1875,0.75,,,,
dt026,dt026_node_70,94.0,0.0102455181,0.12852765370000002,2.0,1.0,0.0,0.00326386105,6.885544999999998e-05,2.0,8.0,0.0,0.3125,0.1875,0.75,,,,
dt027,dt027_node_0,39.0,0.0171292947,0.0171292947,25.0,12.5,0.76,0.0607964557,0.002513985,2.0,8.0,0.4375,0.5625,0.4375,1.0,,,,
dt027,dt027_node_1,92.0,0.0846236089,0.0846236089,2.0,1.0,0.0,0.1314288529,0.021090809100000003,2.0,8.0,0.4375,0.5625,0.4375,1.0,,,,
dt027,dt027_node_2,49.0,0.0582824707,0.0754117654,22.0,11.0,0.9090909090909091,0.1615927288,0.10438350589999999,2.0,8.0,0.4375,0.5625,0.4375,1.0,,,,
dt027,dt027_node_3,79.0,0.0633104407,0.08043973539999999,3.0,1.5,0.3333333333333333,0.040663709349999994,0.00098930115,2.0,8.0,0.4375,0.5625,0.4375,1.0,,,,
dt027,dt027_node_4,42.0,0.0572092229,0.1326209883,21.0,10.5,0.6190476190476191,0.07679058855,0.022855518449999997,2.0,8.0,0.4375,0.5625,0.4375,1.0,,,,
dt027,dt027_node_5,74.0,0.0416530105,0.1220927459,2.0,1.0,0.0,0.13298011545,0.09805374195,2.0,8.0,0.4375,0.5625,0.4375,1.0,,,,
dt027,dt027_node_6,47.0,0.0539350701,0.1865560584,17.0,8.5,0.8823529411764706,0.37639232860000005,0.29771235040000005,2.0,8.0,0.4375,0.5625,0.4375,1.0,,,,
dt027,dt027_node_7,78.0,0.099646107,0.2322670953,4.0,2.0,0.0,0.1072491967,0.018149116900000005,2.0,8.0,0.4375,0.5625,0.4375,1.0,,,,
dt027,dt027_node_8,51.0,0.0786799782,0.2652360366,16.0,8.0,0.875,0.11040658035,0.017477585850000005,2.0,8.0,0.4375,0.5625,0.4375,1.0,,,,
dt027,dt027_node_9,99.0,0.1253983136,0.3576654089,2.0,1.0,0.0,0.05226882675,0.01823180535,2.0,8.0,0.4375,0.5625,0.4375,1.0,,,,
dt027,dt027_node_10,93.0,0.0891000798,0.3213671751,2.0,1.0,0.0,0.11151672365,0.007412309249999999,2.0,8.0,0.4375,0.5625,0.4375,1.0,,,,
dt027,dt027_node_11,42.0,0.0929289945,0.3581650311,15.0,7.5,0.06666666666666667,0.2295011295,0.0905852833,2.0,8.0,0.4375,0.5625,0.4375,1.0,,,,
dt027,dt027_node_12,100.0,0.3200864128,0.6782514439,7.0,3.5,0.42857142857142855,0.09660703375,0.015209517950000001,2.0,8.0,0.4375,0.5625,0.4375,1.0,,,,
dt027,dt027_node_13,95.0,0.1389158462,0.49708087729999995,8.0,4.0,0.5,0.1135286664,0.0338775344,2.0,8.0,0.4375,0.5625,0.4375,1.0,,,,
dt027,dt027_node_14,82.0,0.0813975158,0.7596489597,5.0,2.5,0.2,0.1618291583,0.1060330216,2.0,8.0,0.4375,0.5625,0.4375,1.0,,,,
dt027,dt027_node_15,94.0,0.1118165517,0.7900679956000001,2.0,1.0,0.0,0.1072137889,0.004232492099999999,2.0,8.0,0.4375,0.5625,0.4375,1.0,,,,
dt027,dt027_node_16,96.0,0.1474062008,0.6444870780999999,2.0,1.0,0.0,0.06637620005,0.01851010825,2.0,8.0,0.4375,0.5625,0.4375,1.0,,,,
dt027,dt027_node_17,69.0,0.079651132,0.5767320092999999,6.0,3.0,0.6666666666666666,0.0632878062,0.002150618199999999,2.0,8.0,0.4375,0.5625,0.4375,1.0,,,,
dt027,dt027_node_18,88.0,0.0557961367,0.8154450964,2.0,1.0,0.0,0.10856515524999999,0.024209947549999992,2.0,8.0,0.4375,0.5625,0.4375,1.0,,,,
dt027,dt027_node_19,100.0,0.2678621799,1.0275111396,3.0,1.5,0.3333333333333333,0.0463031844,0.0164500928,2.0,8.0,0.4375,0.5625,0.4375,1.0,,,,
dt027,dt027_node_20,75.0,0.0654384244,0.6421704336999999,5.0,2.5,0.6,0.05803264895,0.04069717405,2.0,8.0,0.4375,0.5625,0.4375,1.0,,,,
dt027,dt027_node_21,69.0,0.0298530916,1.0573642312,2.0,1.0,0.0,0.055153100600000005,0.0029682705999999996,2.0,8.0,0.4375,0.5625,0.4375,1.0,,,,
dt027,dt027_node_22,40.0,0.0173354749,0.6595059085999999,4.0,2.0,0.5,0.0353520593,0.018652290999999998,2.0,8.0,0.4375,0.5625,0.4375,1.0,,,,
dt027,dt027_node_23,39.0,0.0166997683,0.6762056768999999,3.0,1.5,0.3333333333333333,0.062286008350000005,0.04596227875,2.0,8.0,0.4375,0.5625,0.4375,1.0,,,,
dt027,dt027_node_24,69.0,0.0163237296,0.6925294064999998,2.0,1.0,0.0,0.0479093352,0.0233148466,2.0,8.0,0.4375,0.5625,0.4375,1.0,,,,
dt028,dt028_node_0,28.0,0.0013150925,0.0013150925,33.0,16.5,0.3939393939393939,0.0060978314,0.0004147389000000003,2.0,8.0,0.25,0.3125,0.1875,0.75,,,,
dt028,dt028_node_1,67.0,0.0041970797,0.0041970797,2.0,1.0,0.0,0.0089026617,0.0035563074,2.0,8.0,0.25,0.3125,0.1875,0.75,,,,
dt028,dt028_node_2,48.0,0.0056830925,0.006998185,10.0,5.0,0.8,0.00555620925,0.0055540326499999996,2.0,8.0,0.25,0.3125,0.1875,0.75,,,,
dt028,dt028_node_3,53.0,0.0065125703,0.0078276628,23.0,11.5,0.9130434782608695,0.20423351450000002,0.204230891,2.0,8.0,0.25,0.3125,0.1875,0.75,,,,
dt028,dt028_node_4,44.0,0.0111102419,0.0181084269,9.0,4.5,0.1111111111111111,0.2379669848,0.2303069961,2.0,8.0,0.25,0.3125,0.1875,0.75,,,,
dt028,dt028_node_5,98.0,0.4084644055,0.41629206830000004,22.0,11.0,0.8181818181818182,0.35320888465,0.07944264364999998,2.0,8.0,0.25,0.3125,0.1875,0.75,,,,
dt028,dt028_node_6,54.0,0.0076599887,0.025768415599999997,5.0,2.5,0.6,0.042324953250000005,0.02272217135,2.0,8.0,0.25,0.3125,0.1875,0.75,,,,
dt028,dt028_node_7,95.0,0.4682739809,0.48638240779999997,4.0,2.0,0.5,0.41107178615,0.30604593585,2.0,8.0,0.25,0.3125,0.1875,0.75,,,,
dt028,dt028_node_8,99.0,0.273766241,0.6900583093000001,20.0,10.0,0.0,0.09464296850000001,0.008345036600000001,2.0,8.0,0.25,0.3125,0.1875,0.75,,,,
dt028,dt028_node_9,100.0,0.4326515283,0.8489435966000001,2.0,1.0,0.0,0.0016204986,0.0016179399,2.0,8.0,0.25,0.3125,0.1875,0.75,,,,
dt028,dt028_node_10,93.0,0.0650471246,0.0908155402,4.0,2.0,0.5,0.02410429015,0.02120283025,2.0,8.0,0.25,0.3125,0.1875,0.75,,,,
dt028,dt028_node_11,64.0,0.1050258503,0.5914082581,3.0,1.5,0.3333333333333333,0.4266004347,0.3097531014,2.0,8.0,0.25,0.3125,0.1875,0.75,,,,
dt028,dt028_node_12,89.0,0.1029880051,0.7930463144000002,10.0,5.0,0.8,0.0024021124,0.0023995484999999998,2.0,8.0,0.25,0.3125,0.1875,0.75,,,,
dt028,dt028_node_13,72.0,0.0862979319,0.7763562412000001,10.0,5.0,0.8,0.00655057555,0.0009517269500000001,2.0,8.0,0.25,0.3125,0.1875,0.75,,,,
dt028,dt028_node_14,74.0,0.0029014599,0.0937170001,3.0,1.5,0.3333333333333333,0.04045641355,0.013073514750000001,2.0,8.0,0.25,0.3125,0.1875,0.75,,,,
dt028,dt028_node_15,100.0,0.7363535361,1.3277617942,2.0,1.0,0.0,0.19582820755000002,0.19582526005000003,2.0,8.0,0.25,0.3125,0.1875,0.75,,,,
dt028,dt028_node_16,70.0,0.0048016609,0.7978479753000002,9.0,4.5,0.5555555555555556,0.0059694113,0.0011354530000000002,2.0,8.0,0.25,0.3125,0.1875,0.75,,,,
dt028,dt028_node_17,29.0,0.0075023025,0.7838585437000001,9.0,4.5,0.7777777777777778,0.00726263125,0.00027433795000000004,2.0,8.0,0.25,0.3125,0.1875,0.75,,,,
dt028,dt028_node_18,100.0,0.0273828988,0.1210998989,2.0,1.0,0.0,0.0008306604,0.0008281017000000001,2.0,8.0,0.25,0.3125,0.1875,0.75,,,,
dt028,dt028_node_19,66.0,0.0048339583,0.8026819336000002,7.0,3.5,0.14285714285714285,0.0173050795,0.0070457314,2.0,8.0,0.25,0.3125,0.1875,0.75,,,,
dt028,dt028_node_20,96.0,0.0071048643,0.8049528396000002,2.0,1.0,0.0,0.000819169,0.0008166103,2.0,8.0,0.25,0.3125,0.1875,0.75,,,,
dt028,dt028_node_21,37.0,0.0069882933,0.790846837,8.0,4.0,0.75,0.02382846895,0.01335837555,2.0,8.0,0.25,0.3125,0.1875,0.75,,,,
dt028,dt028_node_22,91.0,0.0243508109,0.8270327445000002,3.0,1.5,0.3333333333333333,0.00421613085,0.00421395425,2.0,8.0,0.25,0.3125,0.1875,0.75,,,,
dt028,dt028_node_23,98.0,0.0102593481,0.8129412817000001,4.0,2.0,0.0,0.0016511340999999999,6.370619999999992e-05,2.0,8.0,0.25,0.3125,0.1875,0.75,,,,
dt028,dt028_node_24,85.0,0.0371868445,0.8280336815,7.0,3.5,0.7142857142857143,0.01946862325,0.00533938425,2.0,8.0,0.25,0.3125,0.1875,0.75,,,,
dt028,dt028_node_25,90.0,0.0084300851,0.8354628296000002,2.0,1.0,0.0,0.00941189945,0.00449023255,2.0,8.0,0.25,0.3125,0.1875,0.75,,,,
dt028,dt028_node_26,64.0,0.0015874279,0.8145287096000001,2.0,1.0,0.0,0.0024637679000000003,0.0008174856,2.0,8.0,0.25,0.3125,0.1875,0.75,,,,
dt028,dt028_node_27,91.0,0.0017148403,0.8146561220000001,2.0,1.0,0.0,0.0008179516999999999,0.000815393,2.0,8.0,0.25,0.3125,0.1875,0.75,,,,
dt028,dt028_node_28,98.0,0.014129239,0.8421629205,6.0,3.0,0.6666666666666666,0.0008181417999999999,0.0008155831,2.0,8.0,0.25,0.3125,0.1875,0.75,,,,
dt028,dt028_node_29,56.0,0.0016337249,0.8437966454,5.0,2.5,0.2,0.00163884735,0.00163628865,2.0,8.0,0.25,0.3125,0.1875,0.75,,,,
dt028,dt028_node_30,25.0,2.5587e-06,0.8437992041,3.0,1.5,0.3333333333333333,0.0041463507500000005,0.0025049597500000002,2.0,8.0,0.25,0.3125,0.1875,0.75,,,,
dt028,dt028_node_31,90.0,0.003275136,0.8470717814,2.0,1.0,0.0,0.0008146993,0.0008121406,2.0,8.0,0.25,0.3125,0.1875,0.75,,,,
dt028,dt028_node_32,72.0,0.001641391,0.8454405951,2.0,1.0,0.0,0.00164898805,1.6668499999999585e-06,2.0,8.0,0.25,0.3125,0.1875,0.75,,,,
dt030,dt030_node_0,82.0,0.0072422268,0.0072422268,61.0,30.5,0.9672131147540983,0.0542905614,0.021030395,2.0,8.0,0.0625,0.2767857142857143,0.15178571428571427,0.7142857142857143,,,,
dt030,dt030_node_1,77.0,0.0083428136,0.0083428136,4.0,2.0,0.5,0.034778117250000004,0.025912712350000002,2.0,8.0,0.0625,0.2767857142857143,0.15178571428571427,0.7142857142857143,,,,
dt030,dt030_node_2,100.0,0.0753209564,0.0825631832,60.0,30.0,0.9666666666666667,0.07808089835,0.04588405735000001,2.0,8.0,0.0625,0.2767857142857143,0.15178571428571427,0.7142857142857143,,,,
dt030,dt030_node_3,69.0,0.0088654049,0.0172082185,3.0,1.5,0.3333333333333333,0.049359072749999996,0.02535117735,2.0,8.0,0.0625,0.2767857142857143,0.15178571428571427,0.7142857142857143,,,,
dt030,dt030_node_4,60.0,0.032196841,0.1147600242,59.0,29.5,0.3220338983050847,0.00917193095,0.00412751755,2.0,8.0,0.0625,0.2767857142857143,0.15178571428571427,0.7142857142857143,,,,
dt030,dt030_node_5,100.0,0.0240078954,0.041216113900000004,2.0,1.0,0.0,0.00950051805,0.00171588485,2.0,8.0,0.0625,0.2767857142857143,0.15178571428571427,0.7142857142857143,,,,
dt030,dt030_node_6,23.0,0.0050444134,0.11980443760000001,39.0,19.5,0.5384615384615384,0.03524139255,0.0030506587499999974,2.0,8.0,0.0625,0.2767857142857143,0.15178571428571427,0.7142857142857143,,,,
dt030,dt030_node_7,64.0,0.0132994485,0.1280594727,20.0,10.0,0.8,0.03558886865,0.026121382149999997,2.0,8.0,0.0625,0.2767857142857143,0.15178571428571427,0.7142857142857143,,,,
dt030,dt030_node_8,67.0,0.0382920513,0.1580964889,30.0,15.0,0.7333333333333333,0.0233960442,0.0014586436999999997,2.0,8.0,0.0625,0.2767857142857143,0.15178571428571427,0.7142857142857143,,,,
dt030,dt030_node_9,99.0,0.0321907338,0.15199517140000002,9.0,4.5,0.3333333333333333,0.021405989950000003,0.011765377250000002,2.0,8.0,0.0625,0.2767857142857143,0.15178571428571427,0.7142857142857143,,,,
dt030,dt030_node_10,32.0,0.0094674865,0.13752695920000002,18.0,9.0,0.0,0.00728711575,0.0038884806499999997,2.0,8.0,0.0625,0.2767857142857143,0.15178571428571427,0.7142857142857143,,,,
dt030,dt030_node_11,99.0,0.0617102508,0.18976972350000001,2.0,1.0,0.0,0.0681279199,0.0024403389999999997,2.0,8.0,0.0625,0.2767857142857143,0.15178571428571427,0.7142857142857143,,,,
dt030,dt030_node_12,41.0,0.0219374005,0.1800338894,26.0,13.0,0.23076923076923078,0.00746283075,0.0030985351499999998,2.0,8.0,0.0625,0.2767857142857143,0.15178571428571427,0.7142857142857143,,,,
dt030,dt030_node_13,95.0,0.0248546879,0.1829511768,4.0,2.0,0.5,0.0734842404,0.07348217929999999,2.0,8.0,0.0625,0.2767857142857143,0.15178571428571427,0.7142857142857143,,,,
dt030,dt030_node_14,55.0,0.0096406127,0.1616357841,6.0,3.0,0.6666666666666666,0.06023072365,0.048312428350000006,2.0,8.0,0.0625,0.2767857142857143,0.15178571428571427,0.7142857142857143,,,,
dt030,dt030_node_15,93.0,0.0331713672,0.1851665386,3.0,1.5,0.3333333333333333,0.036247718,0.005399124000000002,2.0,8.0,0.0625,0.2767857142857143,0.15178571428571427,0.7142857142857143,,,,
dt030,dt030_node_16,24.0,0.0111755964,0.1487025556,9.0,4.5,0.3333333333333333,0.054478395,0.0212953902,2.0,8.0,0.0625,0.2767857142857143,0.15178571428571427,0.7142857142857143,,,,
dt030,dt030_node_17,11.0,0.0033986351,0.1409255943,9.0,4.5,0.5555555555555556,0.0221272319,0.0155903725,2.0,8.0,0.0625,0.2767857142857143,0.15178571428571427,0.7142857142857143,,,,
dt030,dt030_node_18,34.0,0.0105613659,0.19059525530000002,10.0,5.0,0.8,0.07919625525,0.06430267105,2.0,8.0,0.0625,0.2767857142857143,0.15178571428571427,0.7142857142857143,,,,
dt030,dt030_node_19,29.0,0.0043642956,0.18439818500000002,16.0,8.0,0.375,0.026730708800000003,0.0007163732000000003,2.0,8.0,0.0625,0.2767857142857143,0.15178571428571427,0.7142857142857143,,,,
dt030,dt030_node_20,39.0,2.0611e-06,0.1829532379,3.0,1.5,0.3333333333333333,0.04634384345,0.038710565849999996,2.0,8.0,0.0625,0.2767857142857143,0.15178571428571427,0.7142857142857143,,,,
dt030,dt030_node_21,65.0,0.0119182953,0.1735540794,5.0,2.5,0.6,0.06838232255,0.04770241555,2.0,8.0,0.0625,0.2767857142857143,0.15178571428571427,0.7142857142857143,,,,
dt030,dt030_node_22,99.0,0.030848594,0.21601513260000002,2.0,1.0,0.0,0.01197939115,0.00815904845,2.0,8.0,0.0625,0.2767857142857143,0.15178571428571427,0.7142857142857143,,,,
dt030,dt030_node_23,74.0,0.0331830048,0.1818855604,6.0,3.0,0.0,0.04173300565,0.007566278650000001,2.0,8.0,0.0625,0.2767857142857143,0.15178571428571427,0.7142857142857143,,,,
dt030,dt030_node_24,100.0,0.0757737852,0.2244763408,3.0,1.5,0.3333333333333333,0.0136781271,0.009561875099999999,2.0,8.0,0.0625,0.2767857142857143,0.15178571428571427,0.7142857142857143,,,,
dt030,dt030_node_25,19.0,0.0065368594,0.14746245370000002,7.0,3.5,0.14285714285714285,0.02197571395,0.005818709950000001,2.0,8.0,0.0625,0.2767857142857143,0.15178571428571427,0.7142857142857143,,,,
dt030,dt030_node_26,74.0,0.0377176044,0.1786431987,2.0,1.0,0.0,0.1427056095,0.006560586600000001,2.0,8.0,0.0625,0.2767857142857143,0.15178571428571427,0.7142857142857143,,,,
dt030,dt030_node_27,56.0,0.0148935842,0.20548883950000002,9.0,4.5,0.7777777777777778,0.14453979425,0.09482839774999999,2.0,8.0,0.0625,0.2767857142857143,0.15178571428571427,0.7142857142857143,,,,
dt030,dt030_node_28,38.0,0.027447082,0.21184526700000003,11.0,5.5,0.09090909090909091,0.01646565825,0.01146830905,2.0,8.0,0.0625,0.2767857142857143,0.15178571428571427,0.7142857142857143,,,,
dt030,dt030_node_29,70.0,0.0260143356,0.2104125206,5.0,2.5,0.2,0.02555169825,0.004267379349999999,2.0,8.0,0.0625,0.2767857142857143,0.15178571428571427,0.7142857142857143,,,,
dt030,dt030_node_30,56.0,0.0076332776,0.1905865155,2.0,1.0,0.0,0.0960296162,0.020053541300000005,2.0,8.0,0.0625,0.2767857142857143,0.15178571428571427,0.7142857142857143,,,,
dt030,dt030_node_31,65.0,0.020679907,0.1942339864,4.0,2.0,0.5,0.03105923095,0.02204521335,2.0,8.0,0.0625,0.2767857142857143,0.15178571428571427,0.7142857142857143,,,,
dt030,dt030_node_32,86.0,0.0492992843,0.2311848447,3.0,1.5,0.3333333333333333,0.0721470008,0.010860407399999997,2.0,8.0,0.0625,0.2767857142857143,0.15178571428571427,0.7142857142857143,,,,
dt030,dt030_node_33,82.0,0.034166727,0.21605228740000001,3.0,1.5,0.3333333333333333,0.0369797557,0.0209231525,2.0,8.0,0.0625,0.2767857142857143,0.15178571428571427,0.7142857142857143,,,,
dt030,dt030_node_34,43.0,0.004116252,0.2285925928,2.0,1.0,0.0,0.0094605184,0.0045689454,2.0,8.0,0.0625,0.2767857142857143,0.15178571428571427,0.7142857142857143,,,,
dt030,dt030_node_35,73.0,0.016157004,0.16361945770000003,3.0,1.5,0.3333333333333333,0.032031913099999997,0.0157379079,2.0,8.0,0.0625,0.2767857142857143,0.15178571428571427,0.7142857142857143,,,,
dt030,dt030_node_36,80.0,0.0277944239,0.17525687760000003,4.0,2.0,0.5,0.05866140295,0.050843630849999995,2.0,8.0,0.0625,0.2767857142857143,0.15178571428571427,0.7142857142857143,,,,
dt030,dt030_node_37,70.0,0.0497113965,0.255200236,8.0,4.0,0.5,0.0211010968,0.0055739546,2.0,8.0,0.0625,0.2767857142857143,0.15178571428571427,0.7142857142857143,,,,
dt030,dt030_node_38,15.0,0.0049973492,0.21684261620000003,6.0,3.0,0.6666666666666666,0.06662333945,0.021466992350000002,2.0,8.0,0.0625,0.2767857142857143,0.15178571428571427,0.7142857142857143,,,,
dt030,dt030_node_39,50.0,0.0279339673,0.23977923430000003,5.0,2.5,0.6,0.1023726952,0.027696876600000003,2.0,8.0,0.0625,0.2767857142857143,0.15178571428571427,0.7142857142857143,,,,
dt030,dt030_node_40,63.0,0.0212843189,0.23169683950000003,3.0,1.5,0.3333333333333333,0.0577725606,0.027726002800000003,2.0,8.0,0.0625,0.2767857142857143,0.15178571428571427,0.7142857142857143,,,,
dt030,dt030_node_41,79.0,0.0298190776,0.2402315982,2.0,1.0,0.0,0.0993450018,0.020320589200000003,2.0,8.0,0.0625,0.2767857142857143,0.15178571428571427,0.7142857142857143,,,,
dt030,dt030_node_42,52.0,0.0090140176,0.203248004,3.0,1.5,0.3333333333333333,0.0702238178,0.0036313396999999997,2.0,8.0,0.0625,0.2767857142857143,0.15178571428571427,0.7142857142857143,,,,
dt030,dt030_node_43,98.0,0.0612865934,0.2924714381,2.0,1.0,0.0,0.08378863855,0.009914999950000003,2.0,8.0,0.0625,0.2767857142857143,0.15178571428571427,0.7142857142857143,,,,
dt030,dt030_node_44,53.0,0.0160566032,0.2321088906,2.0,1.0,0.0,0.11177304269999999,0.017931901299999997,2.0,8.0,0.0625,0.2767857142857143,0.15178571428571427,0.7142857142857143,,,,
dt030,dt030_node_45,48.0,0.0162940052,0.17991346290000002,2.0,1.0,0.0,0.07136131009999999,0.008619914900000004,2.0,8.0,0.0625,0.2767857142857143,0.15178571428571427,0.7142857142857143,,,,
dt030,dt030_node_46,59.0,0.0078177721,0.18307464970000004,3.0,1.5,0.3333333333333333,0.0854061123,0.012517001200000002,2.0,8.0,0.0625,0.2767857142857143,0.15178571428571427,0.7142857142857143,,,,
dt030,dt030_node_47,37.0,0.0155271422,0.27072737820000004,6.0,3.0,0.3333333333333333,0.02260901115,0.00357016265,2.0,8.0,0.0625,0.2767857142857143,0.15178571428571427,0.7142857142857143,,,,
dt030,dt030_node_48,82.0,0.0266750514,0.2818752874,2.0,1.0,0.0,0.06762308145,0.02329869155,2.0,8.0,0.0625,0.2767857142857143,0.15178571428571427,0.7142857142857143,,,,
dt030,dt030_node_49,54.0,0.0451563471,0.26199896330000005,5.0,2.5,0.2,0.09123747609999999,0.029821694099999997,2.0,8.0,0.0625,0.2767857142857143,0.15178571428571427,0.7142857142857143,,,,
dt030,dt030_node_50,100.0,0.0746758186,0.31445505290000003,4.0,2.0,0.5,0.018939846450000002,0.015210312750000001,2.0,8.0,0.0625,0.2767857142857143,0.15178571428571427,0.7142857142857143,,,,
dt030,dt030_node_51,88.0,0.0300465578,0.2617433973,2.0,1.0,0.0,0.09358141035,0.030483830150000002,2.0,8.0,0.0625,0.2767857142857143,0.15178571428571427,0.7142857142857143,,,,
dt030,dt030_node_52,100.0,0.0738551575,0.27710316150000003,2.0,1.0,0.0,0.0463018422,0.0112453603,2.0,8.0,0.0625,0.2767857142857143,0.15178571428571427,0.7142857142857143,,,,
dt030,dt030_node_53,98.0,0.0728891111,0.25596376080000005,2.0,1.0,0.0,0.06494469155,0.010849325450000002,2.0,8.0,0.0625,0.2767857142857143,0.15178571428571427,0.7142857142857143,,,,
dt030,dt030_node_54,52.0,0.0261791738,0.29690655200000005,4.0,2.0,0.5,0.11273208779999999,0.059586618,2.0,8.0,0.0625,0.2767857142857143,0.15178571428571427,0.7142857142857143,,,,
dt030,dt030_node_55,75.0,0.0190388485,0.2897662267,2.0,1.0,0.0,0.07271608660000001,0.0193498041,2.0,8.0,0.0625,0.2767857142857143,0.15178571428571427,0.7142857142857143,,,,
dt030,dt030_node_56,96.0,0.061415782,0.32341474530000003,3.0,1.5,0.3333333333333333,0.06773873255,0.048288595350000005,2.0,8.0,0.0625,0.2767857142857143,0.15178571428571427,0.7142857142857143,,,,
dt030,dt030_node_57,100.0,0.1210591702,0.38305813350000006,2.0,1.0,0.0,0.04847231115,0.0017065722499999998,2.0,8.0,0.0625,0.2767857142857143,0.15178571428571427,0.7142857142857143,,,,
dt030,dt030_node_58,55.0,0.0037295337,0.31818458660000004,3.0,1.5,0.3333333333333333,0.01730754575,0.01017903545,2.0,8.0,0.0625,0.2767857142857143,0.15178571428571427,0.7142857142857143,,,,
dt030,dt030_node_59,100.0,0.0531454698,0.35005202180000006,3.0,1.5,0.3333333333333333,0.0478117666,0.024427362199999997,2.0,8.0,0.0625,0.2767857142857143,0.15178571428571427,0.7142857142857143,,,,
dt030,dt030_node_60,82.0,0.0194501372,0.3428648825,2.0,1.0,0.0,0.04551414535,0.01995534245,2.0,8.0,0.0625,0.2767857142857143,0.15178571428571427,0.7142857142857143,,,,
dt030,dt030_node_61,51.0,0.0071285103,0.32531309690000004,2.0,1.0,0.0,0.028495132149999998,0.0016005398500000007,2.0,8.0,0.0625,0.2767857142857143,0.15178571428571427,0.7142857142857143,,,,
dt030,dt030_node_62,89.0,0.0233844044,0.37343642620000006,2.0,1.0,0.0,0.045250649500000004,0.0163121318,2.0,8.0,0.0625,0.2767857142857143,0.15178571428571427,0.7142857142857143,,,,
dt031,dt031_node_0,94.0,0.0331883004,0.0331883004,44.0,22.0,0.9545454545454546,0.15485473149999998,0.11970185839999999,2.0,8.0,0.25,0.1875,0.0625,0.75,,,,
dt031,dt031_node_1,96.0,0.0351528731,0.0683411735,43.0,21.5,0.4883720930232558,0.0075522411,7.234819999999993e-05,2.0,8.0,0.25,0.1875,0.0625,0.75,,,,
dt031,dt031_node_2,48.0,0.0074798929,0.0758210664,32.0,16.0,0.875,0.02025727125,0.0002816382500000006,2.0,8.0,0.25,0.1875,0.0625,0.75,,,,
dt031,dt031_node_3,43.0,0.0076245893,0.0759657628,11.0,5.5,0.09090909090909091,0.0120364103,1.5620000000035605e-07,2.0,8.0,0.25,0.1875,0.0625,0.75,,,,
dt031,dt031_node_4,97.0,0.019975633,0.09579669939999999,30.0,15.0,0.7333333333333333,0.010646861149999999,0.00035792724999999994,2.0,8.0,0.25,0.1875,0.0625,0.75,,,,
dt031,dt031_node_5,95.0,0.0205389095,0.0963599759,2.0,1.0,0.0,0.0731756928,0.0083733088,2.0,8.0,0.25,0.1875,0.0625,0.75,,,,
dt031,dt031_node_6,58.0,0.0120362541,0.08800201690000001,6.0,3.0,0.6666666666666666,0.05496930765,0.03455929605,2.0,8.0,0.25,0.1875,0.0625,0.75,,,,
dt031,dt031_node_7,38.0,0.0120365665,0.0880023293,5.0,2.5,0.2,0.03015587935,0.02898476325,2.0,8.0,0.25,0.1875,0.0625,0.75,,,,
dt031,dt031_node_8,89.0,0.0110047884,0.10680148779999998,26.0,13.0,0.38461538461538464,0.0180168524,0.0001530548000000017,2.0,8.0,0.25,0.1875,0.0625,0.75,,,,
dt031,dt031_node_9,63.0,0.0102889339,0.1060856333,4.0,2.0,0.0,0.0676431921,0.021753932599999998,2.0,8.0,0.25,0.1875,0.0625,0.75,,,,
dt031,dt031_node_10,97.0,0.0204100116,0.10841202850000001,5.0,2.5,0.6,0.0576380601,0.043126152200000004,2.0,8.0,0.25,0.1875,0.0625,0.75,,,,
dt031,dt031_node_11,24.0,0.0011711161,0.0891734454,3.0,1.5,0.3333333333333333,0.057469259,0.0393678763,2.0,8.0,0.25,0.1875,0.0625,0.75,,,,
dt031,dt031_node_12,100.0,0.0591406426,0.1471429719,2.0,1.0,0.0,0.039995276600000004,0.0022986099000000017,2.0,8.0,0.25,0.1875,0.0625,0.75,,,,
dt031,dt031_node_13,100.0,0.0181699072,0.12497139499999999,18.0,9.0,0.5555555555555556,0.01661794725,0.00685162985,2.0,8.0,0.25,0.1875,0.0625,0.75,,,,
dt031,dt031_node_14,100.0,0.0178637976,0.12466528539999998,8.0,4.0,0.5,0.0223363358,0.0033251246,2.0,8.0,0.25,0.1875,0.0625,0.75,,,,
dt031,dt031_node_15,100.0,0.0893971247,0.19548275799999998,2.0,1.0,0.0,0.03335571775,0.0014033791500000017,2.0,8.0,0.25,0.1875,0.0625,0.75,,,,
dt031,dt031_node_16,100.0,0.0458892595,0.15197489279999998,2.0,1.0,0.0,0.037052128749999996,0.002269876649999999,2.0,8.0,0.25,0.1875,0.0625,0.75,,,,
dt031,dt031_node_17,69.0,0.0145119079,0.1229239364,4.0,2.0,0.0,0.0417343068,0.005257271399999999,2.0,8.0,0.25,0.1875,0.0625,0.75,,,,
dt031,dt031_node_18,91.0,0.0181013827,0.1072748281,2.0,1.0,0.0,0.0718447137,0.000611090099999996,2.0,8.0,0.25,0.1875,0.0625,0.75,,,,
dt031,dt031_node_19,92.0,0.0097663174,0.1347377124,14.0,7.0,0.14285714285714285,0.03405714215,0.005527652149999998,2.0,8.0,0.25,0.1875,0.0625,0.75,,,,
dt031,dt031_node_20,100.0,0.0234695771,0.14844097209999998,4.0,2.0,0.0,0.04133321525,0.007688210049999998,2.0,8.0,0.25,0.1875,0.0625,0.75,,,,
dt031,dt031_node_21,100.0,0.0190112112,0.14367649659999998,6.0,3.0,0.0,0.022967857449999997,0.00213722855,2.0,8.0,0.25,0.1875,0.0625,0.75,,,,
dt031,dt031_node_22,100.0,0.0256614604,0.15032674579999997,2.0,1.0,0.0,0.0064128618,4.346530000000001e-05,2.0,8.0,0.25,0.1875,0.0625,0.75,,,,
dt031,dt031_node_23,100.0,0.0364770354,0.1594009718,2.0,1.0,0.0,0.0555175185,0.0057599472999999984,2.0,8.0,0.25,0.1875,0.0625,0.75,,,,
dt031,dt031_node_24,100.0,0.0469915782,0.1699155146,2.0,1.0,0.0,0.040066079899999996,0.007846852800000002,2.0,8.0,0.25,0.1875,0.0625,0.75,,,,
dt031,dt031_node_25,100.0,0.02852949,0.16326720239999998,6.0,3.0,0.6666666666666666,0.0320448646,0.009787573,2.0,8.0,0.25,0.1875,0.0625,0.75,,,,
dt031,dt031_node_26,100.0,0.0395847943,0.1743225067,8.0,4.0,0.5,0.01874469505,0.011308670849999999,2.0,8.0,0.25,0.1875,0.0625,0.75,,,,
dt031,dt031_node_27,100.0,0.0490214253,0.1974623974,2.0,1.0,0.0,0.00234340665,0.0023406090500000002,2.0,8.0,0.25,0.1875,0.0625,0.75,,,,
dt031,dt031_node_28,100.0,0.0336450052,0.18208597729999998,2.0,1.0,0.0,0.00047767889999999997,0.0004749577,2.0,8.0,0.25,0.1875,0.0625,0.75,,,,
dt031,dt031_node_29,100.0,0.0208306289,0.1645071255,3.0,1.5,0.3333333333333333,0.0013524840000000002,0.00046735350000000006,2.0,8.0,0.25,0.1875,0.0625,0.75,,,,
dt031,dt031_node_30,100.0,0.025105086,0.16878158259999998,3.0,1.5,0.3333333333333333,0.0024565599,0.0012231769,2.0,8.0,0.25,0.1875,0.0625,0.75,,,,
dt031,dt031_node_31,100.0,0.0222572916,0.18552449399999998,5.0,2.5,0.6,0.02106169805,0.0013919333499999992,2.0,8.0,0.25,0.1875,0.0625,0.75,,,,
dt031,dt031_node_32,69.0,0.0074360242,0.1817585309,2.0,1.0,0.0,0.03639982825,0.003148231750000001,2.0,8.0,0.25,0.1875,0.0625,0.75,,,,
dt031,dt031_node_33,100.0,0.0300533659,0.20437587259999998,6.0,3.0,0.3333333333333333,0.0028906575,0.0005073854999999999,2.0,8.0,0.25,0.1875,0.0625,0.75,,,,
dt031,dt031_node_34,39.0,0.0008851305,0.165392256,2.0,1.0,0.0,0.0005009006,0.0004981825000000001,2.0,8.0,0.25,0.1875,0.0625,0.75,,,,
dt031,dt031_node_35,55.0,0.001233383,0.17001496559999998,2.0,1.0,0.0,0.00163049525,0.00117660875,2.0,8.0,0.25,0.1875,0.0625,0.75,,,,
dt031,dt031_node_36,100.0,0.0196697647,0.2051942587,4.0,2.0,0.5,0.0002428401,0.00024063779999999998,2.0,8.0,0.25,0.1875,0.0625,0.75,,,,
dt031,dt031_node_37,49.0,0.002383272,0.20675914459999997,4.0,2.0,0.5,0.0039806337,0.0033029828,2.0,8.0,0.25,0.1875,0.0625,0.75,,,,
dt031,dt031_node_38,89.0,0.003398043,0.20777391559999997,2.0,1.0,0.0,0.0033631393499999997,0.00112806215,2.0,8.0,0.25,0.1875,0.0625,0.75,,,,
dt031,dt031_node_39,93.0,0.0004834779,0.2056777366,3.0,1.5,0.3333333333333333,2.7181e-06,0.0,2.0,8.0,0.25,0.1875,0.0625,0.75,,,,
dt031,dt031_node_40,42.0,0.0006776509,0.20743679549999997,3.0,1.5,0.3333333333333333,0.006915826999999999,0.0047350607,2.0,8.0,0.25,0.1875,0.0625,0.75,,,,
dt031,dt031_node_41,74.0,2.7181e-06,0.2056804547,2.0,1.0,0.0,0.00052270335,4.6360349999999994e-05,2.0,8.0,0.25,0.1875,0.0625,0.75,,,,
dt031,dt031_node_42,70.0,0.0021807663,0.20961756179999996,2.0,1.0,0.0,0.00578136125,0.0005130864499999998,2.0,8.0,0.25,0.1875,0.0625,0.75,,,,
dt032,dt032_node_0,88.0,0.0033699391,0.0033699391,67.0,33.5,0.9701492537313433,0.0008406235,0.0008381288,2.0,8.0,0.375,0.5625,0.4375,1.0,,,,
dt032,dt032_node_1,63.0,0.0016787523,0.0050486914,66.0,33.0,0.9696969696969697,0.034386902149999996,0.034384407449999994,2.0,8.0,0.375,0.5625,0.4375,1.0,,,,
dt032,dt032_node_2,100.0,0.0687713096,0.073820001,65.0,32.5,0.2,0.0235878854,0.004033007600000001,2.0,8.0,0.375,0.5625,0.4375,1.0,,,,
dt032,dt032_node_3,41.0,0.0195548778,0.09337487879999999,39.0,19.5,0.1794871794871795,0.03420019825,0.02091036755,2.0,8.0,0.375,0.5625,0.4375,1.0,,,,
dt032,dt032_node_4,51.0,0.027620893,0.101440894,26.0,13.0,0.6153846153846154,0.0276992919,0.007769620499999998,2.0,8.0,0.375,0.5625,0.4375,1.0,,,,
dt032,dt032_node_5,43.0,0.0132898307,0.1066647095,23.0,11.5,0.13043478260869565,0.04967205985,0.03819490275,2.0,8.0,0.375,0.5625,0.4375,1.0,,,,
dt032,dt032_node_6,99.0,0.0551105658,0.1484854446,16.0,8.0,0.25,0.03080129545,0.00826858015,2.0,8.0,0.375,0.5625,0.4375,1.0,,,,
dt032,dt032_node_7,82.0,0.0354689124,0.1369098064,5.0,2.5,0.6,0.1296076069,0.032748948199999996,2.0,8.0,0.375,0.5625,0.4375,1.0,,,,
dt032,dt032_node_8,46.0,0.0199296714,0.1213705654,21.0,10.5,0.9047619047619048,0.11503102675,0.08674020635,2.0,8.0,0.375,0.5625,0.4375,1.0,,,,
dt032,dt032_node_9,35.0,0.0114771571,0.11814186659999999,10.0,5.0,0.6,0.13728120859999998,0.007661900799999996,2.0,8.0,0.375,0.5625,0.4375,1.0,,,,
dt032,dt032_node_10,100.0,0.0878669626,0.1945316721,13.0,6.5,0.38461538461538464,0.00855124895,0.0043449599499999995,2.0,8.0,0.375,0.5625,0.4375,1.0,,,,
dt032,dt032_node_11,100.0,0.0390698756,0.1875553202,10.0,5.0,0.2,0.01203695475,0.00466753285,2.0,8.0,0.375,0.5625,0.4375,1.0,,,,
dt032,dt032_node_12,96.0,0.0225327153,0.1710181599,6.0,3.0,0.6666666666666666,0.00169653585,0.00169404115,2.0,8.0,0.375,0.5625,0.4375,1.0,,,,
dt032,dt032_node_13,100.0,0.0968586587,0.2337684651,4.0,2.0,0.5,0.0016585074,0.0016559497,2.0,8.0,0.375,0.5625,0.4375,1.0,,,,
dt032,dt032_node_14,64.0,0.0282908204,0.1496613858,20.0,10.0,0.5,0.1387097946,0.030592345900000005,2.0,8.0,0.375,0.5625,0.4375,1.0,,,,
dt032,dt032_node_15,100.0,0.1449431094,0.26308497599999997,2.0,1.0,0.0,0.0008012851499999999,0.00079890385,2.0,8.0,0.375,0.5625,0.4375,1.0,,,,
dt032,dt032_node_16,100.0,0.1296193078,0.2477611744,8.0,4.0,0.75,0.0008206307000000001,0.000818136,2.0,8.0,0.375,0.5625,0.4375,1.0,,,,
dt032,dt032_node_17,78.0,0.004206289,0.1987379611,9.0,4.5,0.5555555555555556,0.0016209831000000001,0.0016184762,2.0,8.0,0.375,0.5625,0.4375,1.0,,,,
dt032,dt032_node_18,80.0,0.0128962089,0.207427881,4.0,2.0,0.5,0.0032349085500000003,0.00013033645000000015,2.0,8.0,0.375,0.5625,0.4375,1.0,,,,
dt032,dt032_node_19,98.0,0.0167044876,0.2042598078,6.0,3.0,0.6666666666666666,0.008542736549999999,0.0015898888499999999,2.0,8.0,0.375,0.5625,0.4375,1.0,,,,
dt032,dt032_node_20,97.0,0.0073694219,0.1949247421,4.0,2.0,0.5,0.0033051458,0.0019422290999999998,2.0,8.0,0.375,0.5625,0.4375,1.0,,,,
dt032,dt032_node_21,49.0,2.4947e-06,0.1710206546,5.0,2.5,0.6,0.00503953575,0.00503704105,2.0,8.0,0.375,0.5625,0.4375,1.0,,,,
dt032,dt032_node_22,87.0,0.0033144571,0.2370829222,3.0,1.5,0.3333333333333333,0.00082593665,0.00082344195,2.0,8.0,0.375,0.5625,0.4375,1.0,,,,
dt032,dt032_node_23,100.0,0.1693021405,0.3189635263,15.0,7.5,0.8666666666666667,0.00248308725,0.00248067995,2.0,8.0,0.375,0.5625,0.4375,1.0,,,,
dt032,dt032_node_24,100.0,0.1081174487,0.2577788345,5.0,2.5,0.2,0.0076772885499999995,0.00562705265,2.0,8.0,0.375,0.5625,0.4375,1.0,,,,
dt032,dt032_node_25,60.0,0.0016387667,0.2493999411,7.0,3.5,0.42857142857142855,2.4947e-06,0.0,2.0,8.0,0.375,0.5625,0.4375,1.0,,,,
dt032,dt032_node_26,98.0,2.5069e-06,0.198740468,2.0,1.0,0.0,2.4947e-06,0.0,2.0,8.0,0.375,0.5625,0.4375,1.0,,,,
dt032,dt032_node_27,80.0,0.0032394593,0.2019774204,7.0,3.5,0.7142857142857143,0.0024378854,0.0024353907,2.0,8.0,0.375,0.5625,0.4375,1.0,,,,
dt032,dt032_node_28,79.0,0.003365245,0.210793126,3.0,1.5,0.3333333333333333,0.0008038361,0.0008013413999999999,2.0,8.0,0.375,0.5625,0.4375,1.0,,,,
dt032,dt032_node_29,100.0,0.0101326254,0.2143924332,5.0,2.5,0.6,0.0008094368,0.0008069421,2.0,8.0,0.375,0.5625,0.4375,1.0,,,,
dt032,dt032_node_30,69.0,0.0013629167,0.1962876588,3.0,1.5,0.3333333333333333,0.00082601655,0.00082352185,2.0,8.0,0.375,0.5625,0.4375,1.0,,,,
dt032,dt032_node_31,18.0,2.4947e-06,0.17102314929999998,4.0,2.0,0.0,2.4947e-06,0.0,2.0,8.0,0.375,0.5625,0.4375,1.0,,,,
dt032,dt032_node_32,98.0,2.4947e-06,0.23708541689999998,2.0,1.0,0.0,2.4947e-06,0.0,2.0,8.0,0.375,0.5625,0.4375,1.0,,,,
dt032,dt032_node_33,83.0,0.0049637672,0.32392729350000005,14.0,7.0,0.8571428571428571,0.00350083845,0.00349830755,2.0,8.0,0.375,0.5625,0.4375,1.0,,,,
dt032,dt032_node_34,100.0,0.0133043412,0.2710831757,2.0,1.0,0.0,2.4947e-06,0.0,2.0,8.0,0.375,0.5625,0.4375,1.0,,,,
dt032,dt032_node_35,71.0,0.0020502359,0.2598290704,3.0,1.5,0.3333333333333333,0.0016680495,0.0016655548000000001,2.0,8.0,0.375,0.5625,0.4375,1.0,,,,
dt032,dt032_node_36,33.0,2.4947e-06,0.2494024358,5.0,2.5,0.6,0.00330022275,0.0016651106499999998,2.0,8.0,0.375,0.5625,0.4375,1.0,,,,
dt032,dt032_node_37,93.0,2.4947e-06,0.2494024358,2.0,1.0,0.0,2.4947e-06,0.0,2.0,8.0,0.375,0.5625,0.4375,1.0,,,,
dt032,dt032_node_38,29.0,2.4947e-06,0.2019799151,6.0,3.0,0.3333333333333333,2.4947e-06,0.0,2.0,8.0,0.375,0.5625,0.4375,1.0,,,,
dt032,dt032_node_39,46.0,2.4947e-06,0.2107956207,2.0,1.0,0.0,0.0008069269,0.0008044322,2.0,8.0,0.375,0.5625,0.4375,1.0,,,,
dt032,dt032_node_40,64.0,2.4947e-06,0.2143949279,4.0,2.0,0.5,0.0008111727,0.000808678,2.0,8.0,0.375,0.5625,0.4375,1.0,,,,
dt032,dt032_node_41,74.0,0.0016495384,0.1979371972,2.0,1.0,0.0,0.0016334469499999999,6.84500000000315e-08,2.0,8.0,0.375,0.5625,0.4375,1.0,,,,
dt032,dt032_node_42,23.0,2.4947e-06,0.17102564399999998,2.0,1.0,0.0,0.0033090923999999997,7.309000000000915e-07,2.0,8.0,0.375,0.5625,0.4375,1.0,,,,
dt032,dt032_node_43,25.0,2.4947e-06,0.17102564399999998,2.0,1.0,0.0,0.00082694335,0.00082444865,2.0,8.0,0.375,0.5625,0.4375,1.0,,,,
dt032,dt032_node_44,90.0,0.006999146,0.33092643950000006,13.0,6.5,0.6923076923076923,0.00416295805,0.0008628475499999999,2.0,8.0,0.375,0.5625,0.4375,1.0,,,,
dt032,dt032_node_45,100.0,2.4947e-06,0.2598315651,2.0,1.0,0.0,2.4947e-06,0.0,2.0,8.0,0.375,0.5625,0.4375,1.0,,,,
dt032,dt032_node_46,89.0,0.0049653334,0.2543677692,4.0,2.0,0.5,0.0008230182,0.0008205234999999999,2.0,8.0,0.375,0.5625,0.4375,1.0,,,,
dt032,dt032_node_47,14.0,2.4947e-06,0.20198240979999998,2.0,1.0,0.0,0.00161126635,1.117049999999932e-06,2.0,8.0,0.375,0.5625,0.4375,1.0,,,,
dt032,dt032_node_48,12.0,2.4947e-06,0.20198240979999998,4.0,2.0,0.5,0.00080781265,0.0008053179499999999,2.0,8.0,0.375,0.5625,0.4375,1.0,,,,
dt032,dt032_node_49,94.0,2.4947e-06,0.2143974226,3.0,1.5,0.3333333333333333,2.4947e-06,0.0,2.0,8.0,0.375,0.5625,0.4375,1.0,,,,
dt032,dt032_node_50,53.0,0.0033001105,0.33422655000000007,2.0,1.0,0.0,0.0076591051999999995,0.0027036029999999997,2.0,8.0,0.375,0.5625,0.4375,1.0,,,,
dt032,dt032_node_51,93.0,0.0050258056,0.33595224510000005,11.0,5.5,0.8181818181818182,0.00249459175,0.0008849608499999999,2.0,8.0,0.375,0.5625,0.4375,1.0,,,,
dt032,dt032_node_52,63.0,0.0016435417,0.25601131089999996,3.0,1.5,0.3333333333333333,0.0016492493499999999,0.0016467546499999998,2.0,8.0,0.375,0.5625,0.4375,1.0,,,,
dt032,dt032_node_53,63.0,2.4947e-06,0.20198490449999998,3.0,1.5,0.3333333333333333,2.4947e-06,0.0,2.0,8.0,0.375,0.5625,0.4375,1.0,,,,
dt032,dt032_node_54,81.0,0.0016096309,0.33756187600000004,10.0,5.0,0.6,2.4947e-06,0.0,2.0,8.0,0.375,0.5625,0.4375,1.0,,,,
dt032,dt032_node_55,49.0,2.4947e-06,0.2560138056,2.0,1.0,0.0,0.00082097115,0.00081847645,2.0,8.0,0.375,0.5625,0.4375,1.0,,,,
dt032,dt032_node_56,26.0,2.4947e-06,0.33756437070000006,8.0,4.0,0.5,0.00082203595,0.00081954125,2.0,8.0,0.375,0.5625,0.4375,1.0,,,,
dt032,dt032_node_57,35.0,2.4947e-06,0.33756437070000006,2.0,1.0,0.0,0.00330179605,1.6349999999937595e-08,2.0,8.0,0.375,0.5625,0.4375,1.0,,,,
dt032,dt032_node_58,92.0,0.0016415772,0.3392059479000001,6.0,3.0,0.6666666666666666,2.4947e-06,0.0,2.0,8.0,0.375,0.5625,0.4375,1.0,,,,
dt032,dt032_node_59,88.0,2.4947e-06,0.3375668654000001,2.0,1.0,0.0,2.4947e-06,0.0,2.0,8.0,0.375,0.5625,0.4375,1.0,,,,
dt033,dt033_node_0,93.0,0.0268708935,0.0268708935,56.0,28.0,0.9642857142857143,0.056854601299999995,0.028331565699999995,2.0,8.0,0.375,0.5625,0.4375,1.0,,,,
dt033,dt033_node_1,61.0,0.0285230356,0.0553939291,55.0,27.5,0.9636363636363636,0.04784631275,0.035874372349999996,2.0,8.0,0.375,0.5625,0.4375,1.0,,,,
dt033,dt033_node_2,30.0,0.0119719404,0.06736586950000001,54.0,27.0,0.8888888888888888,0.0111956738,0.0011699514000000008,2.0,8.0,0.375,0.5625,0.4375,1.0,,,,
dt033,dt033_node_3,36.0,0.0123656252,0.07973149470000002,3.0,1.5,0.3333333333333333,0.06574020185,0.036598738650000004,2.0,8.0,0.375,0.5625,0.4375,1.0,,,,
dt033,dt033_node_4,43.0,0.0100257224,0.0773915919,51.0,25.5,0.7647058823529411,0.02495686615,0.009026291050000001,2.0,8.0,0.375,0.5625,0.4375,1.0,,,,
dt033,dt033_node_5,82.0,0.0291414632,0.10887295790000001,2.0,1.0,0.0,0.1328566588,0.025252936199999992,2.0,8.0,0.375,0.5625,0.4375,1.0,,,,
dt033,dt033_node_6,98.0,0.0339831572,0.1113747491,45.0,22.5,0.7777777777777778,0.0107329059,0.0006563105,2.0,8.0,0.375,0.5625,0.4375,1.0,,,,
dt033,dt033_node_7,76.0,0.0159305751,0.093322167,6.0,3.0,0.6666666666666666,0.045483117999999996,0.0387087712,2.0,8.0,0.375,0.5625,0.4375,1.0,,,,
dt033,dt033_node_8,93.0,0.0100765954,0.1214513445,40.0,20.0,0.35,0.007787042250000001,0.0033185150500000004,2.0,8.0,0.375,0.5625,0.4375,1.0,,,,
dt033,dt033_node_9,83.0,0.0113892164,0.1227639655,5.0,2.5,0.6,0.05707661,0.047706859899999995,2.0,8.0,0.375,0.5625,0.4375,1.0,,,,
dt033,dt033_node_10,84.0,0.0067743468,0.1000965138,5.0,2.5,0.6,0.03085968165,0.02109987575,2.0,8.0,0.375,0.5625,0.4375,1.0,,,,
dt033,dt033_node_11,52.0,0.0044685272,0.1259198717,27.0,13.5,0.9259259259259259,0.0337674303,0.0266285755,2.0,8.0,0.375,0.5625,0.4375,1.0,,,,
dt033,dt033_node_12,56.0,0.0111055573,0.13255690180000002,13.0,6.5,0.5384615384615384,0.030447672949999997,0.00814269085,2.0,8.0,0.375,0.5625,0.4375,1.0,,,,
dt033,dt033_node_13,63.0,0.0093697501,0.1321337156,4.0,2.0,0.5,0.04345326695,0.02777636805,2.0,8.0,0.375,0.5625,0.4375,1.0,,,,
dt033,dt033_node_14,62.0,0.0097598059,0.1098563197,4.0,2.0,0.0,0.0132058184,0.0022471056000000003,2.0,8.0,0.375,0.5625,0.4375,1.0,,,,
dt033,dt033_node_15,69.0,0.0071388548,0.1330587265,26.0,13.0,0.8461538461538461,0.04675833385,0.010138889149999997,2.0,8.0,0.375,0.5625,0.4375,1.0,,,,
dt033,dt033_node_16,100.0,0.0385903638,0.17114726560000001,10.0,5.0,0.6,0.04466692135,0.011907221949999998,2.0,8.0,0.375,0.5625,0.4375,1.0,,,,
dt033,dt033_node_17,87.0,0.0223049821,0.15486188390000002,3.0,1.5,0.3333333333333333,0.056127515350000004,0.023204477650000003,2.0,8.0,0.375,0.5625,0.4375,1.0,,,,
dt033,dt033_node_18,63.0,0.0156768989,0.1478106145,3.0,1.5,0.3333333333333333,0.04283992405,0.011622793050000002,2.0,8.0,0.375,0.5625,0.4375,1.0,,,,
dt033,dt033_node_19,86.0,0.015452924,0.1253092437,2.0,1.0,0.0,0.06627238005,0.0026697924499999998,2.0,8.0,0.375,0.5625,0.4375,1.0,,,,
dt033,dt033_node_20,57.0,0.0109587128,0.1208150325,2.0,1.0,0.0,0.0609039407,0.011901723900000001,2.0,8.0,0.375,0.5625,0.4375,1.0,,,,
dt033,dt033_node_21,100.0,0.0366194447,0.1696781712,24.0,12.0,0.5833333333333334,0.01634932105,0.008196771450000001,2.0,8.0,0.375,0.5625,0.4375,1.0,,,,
dt033,dt033_node_22,100.0,0.056897223,0.1899559495,2.0,1.0,0.0,0.08882674775,0.01808210095,2.0,8.0,0.375,0.5625,0.4375,1.0,,,,
dt033,dt033_node_23,100.0,0.0327596994,0.20390696500000002,8.0,4.0,0.25,0.1563696403,0.052326061400000005,2.0,8.0,0.375,0.5625,0.4375,1.0,,,,
dt033,dt033_node_24,100.0,0.0565741433,0.2277214089,2.0,1.0,0.0,0.06839355964999999,0.018508112449999996,2.0,8.0,0.375,0.5625,0.4375,1.0,,,,
dt033,dt033_node_25,99.0,0.0329230377,0.18778492160000002,2.0,1.0,0.0,0.064213928,0.011368263699999999,2.0,8.0,0.375,0.5625,0.4375,1.0,,,,
dt033,dt033_node_26,100.0,0.031217131,0.1790277455,2.0,1.0,0.0,0.0346932512,0.0023421177,2.0,8.0,0.375,0.5625,0.4375,1.0,,,,
dt033,dt033_node_27,100.0,0.0245460925,0.1942242637,19.0,9.5,0.2631578947368421,0.00645529865,0.0007302458500000001,2.0,8.0,0.375,0.5625,0.4375,1.0,,,,
dt033,dt033_node_28,72.0,0.0081525496,0.1778307208,5.0,2.5,0.2,0.0093686851,0.0061004146,2.0,8.0,0.375,0.5625,0.4375,1.0,,,,
dt033,dt033_node_29,100.0,0.1040435789,0.30795054390000004,5.0,2.5,0.6,0.03720247525,0.020645401450000003,2.0,8.0,0.375,0.5625,0.4375,1.0,,,,
dt033,dt033_node_30,100.0,0.2086957017,0.4126026667,3.0,1.5,0.3333333333333333,0.04783559700000001,0.015693401200000002,2.0,8.0,0.375,0.5625,0.4375,1.0,,,,
dt033,dt033_node_31,27.0,0.0057250528,0.1999493165,12.0,6.0,0.5,0.0065898916999999994,0.0015860191000000002,2.0,8.0,0.375,0.5625,0.4375,1.0,,,,
dt033,dt033_node_32,30.0,0.0071855445,0.2014098082,7.0,3.5,0.14285714285714285,0.011592631899999999,0.004582786,2.0,8.0,0.375,0.5625,0.4375,1.0,,,,
dt033,dt033_node_33,41.0,0.0032682705,0.1810989913,3.0,1.5,0.3333333333333333,0.03861580755,0.03088731445,2.0,8.0,0.375,0.5625,0.4375,1.0,,,,
dt033,dt033_node_34,76.0,0.0154690997,0.1932998205,2.0,1.0,0.0,0.06379818105,0.010273662749999999,2.0,8.0,0.375,0.5625,0.4375,1.0,,,,
dt033,dt033_node_35,66.0,0.0165570738,0.32450761770000003,4.0,2.0,0.5,0.08162932845,0.04608169164999999,2.0,8.0,0.375,0.5625,0.4375,1.0,,,,
dt033,dt033_node_36,69.0,0.0321421958,0.4447448625,2.0,1.0,0.0,0.08590166465,0.009201621549999997,2.0,8.0,0.375,0.5625,0.4375,1.0,,,,
dt033,dt033_node_37,20.0,0.0050038726,0.2049531891,9.0,4.5,0.5555555555555556,0.010893401649999999,0.0011891590500000002,2.0,8.0,0.375,0.5625,0.4375,1.0,,,,
dt033,dt033_node_38,33.0,0.0081759108,0.2081252273,3.0,1.5,0.3333333333333333,0.04529834215,0.040112232649999996,2.0,8.0,0.375,0.5625,0.4375,1.0,,,,
dt033,dt033_node_39,63.0,0.0161754179,0.2175852261,4.0,2.0,0.5,0.022624965749999996,0.015258372849999998,2.0,8.0,0.375,0.5625,0.4375,1.0,,,,
dt033,dt033_node_40,47.0,0.0070098459,0.20841965410000002,3.0,1.5,0.3333333333333333,0.028160894,0.013701343,2.0,8.0,0.375,0.5625,0.4375,1.0,,,,
dt033,dt033_node_41,41.0,0.0077284931,0.18882748440000002,2.0,1.0,0.0,0.06453964805000001,0.01266548385,2.0,8.0,0.375,0.5625,0.4375,1.0,,,,
dt033,dt033_node_42,98.0,0.0355476368,0.36005525450000003,3.0,1.5,0.3333333333333333,0.0751202163,0.006938015899999997,2.0,8.0,0.375,0.5625,0.4375,1.0,,,,
dt033,dt033_node_43,40.0,0.0097042426,0.21465743169999998,7.0,3.5,0.7142857142857143,0.0309198581,0.0257241787,2.0,8.0,0.375,0.5625,0.4375,1.0,,,,
dt033,dt033_node_44,44.0,0.0120825607,0.21703574979999998,2.0,1.0,0.0,0.052310357200000004,0.0122820464,2.0,8.0,0.375,0.5625,0.4375,1.0,,,,
dt033,dt033_node_45,26.0,0.0051861095,0.2133113368,2.0,1.0,0.0,0.03915823735,0.010731584350000002,2.0,8.0,0.375,0.5625,0.4375,1.0,,,,
dt033,dt033_node_46,52.0,0.0073665929,0.224951819,3.0,1.5,0.3333333333333333,0.02822118305,0.02537218745,2.0,8.0,0.375,0.5625,0.4375,1.0,,,,
dt033,dt033_node_47,41.0,0.014459551,0.2228792051,2.0,1.0,0.0,0.05677467905,0.007848424449999999,2.0,8.0,0.375,0.5625,0.4375,1.0,,,,
dt033,dt033_node_48,100.0,0.0820582322,0.44211348670000006,2.0,1.0,0.0,0.03667034325,0.0037587587500000005,2.0,8.0,0.375,0.5625,0.4375,1.0,,,,
dt033,dt033_node_49,41.0,0.0051956794,0.2198531111,6.0,3.0,0.3333333333333333,0.02642885515,0.010983104149999999,2.0,8.0,0.375,0.5625,0.4375,1.0,,,,
dt033,dt033_node_50,54.0,0.0028489956,0.22780081459999998,2.0,1.0,0.0,0.020483646,0.0054962074,2.0,8.0,0.375,0.5625,0.4375,1.0,,,,
dt033,dt033_node_51,72.0,0.015445751,0.2352988621,4.0,2.0,0.5,0.017310843450000002,0.01730845845,2.0,8.0,0.375,0.5625,0.4375,1.0,,,,
dt033,dt033_node_52,99.0,0.0374119593,0.2572650704,2.0,1.0,0.0,0.045816268300000004,0.011137996600000002,2.0,8.0,0.375,0.5625,0.4375,1.0,,,,
dt033,dt033_node_53,32.0,2.385e-06,0.2353012471,3.0,1.5,0.3333333333333333,0.02804134245,0.01487796895,2.0,8.0,0.375,0.5625,0.4375,1.0,,,,
dt033,dt033_node_54,72.0,0.0131633735,0.2484646206,2.0,1.0,0.0,0.0248732836,0.00034809350000000044,2.0,8.0,0.375,0.5625,0.4375,1.0,,,,
dt034,dt034_node_0,100.0,0.1193094387,0.1193094387,5.0,2.5,0.2,0.023018721199999998,0.008425214799999999,2.0,8.0,0.4375,0.5625,0.4375,1.0,,,,
dt034,dt034_node_1,100.0,0.031443936,0.1507533747,3.0,1.5,0.3333333333333333,0.00866494535,0.00474711965,2.0,8.0,0.4375,0.5625,0.4375,1.0,,,,
dt034,dt034_node_2,88.0,0.0145935064,0.1339029451,2.0,1.0,0.0,0.0077252057,0.0030267862,2.0,8.0,0.4375,0.5625,0.4375,1.0,,,,
dt034,dt034_node_3,99.0,0.013412065,0.1641654397,2.0,1.0,0.0,0.0024547596500000004,0.0024523689500000004,2.0,8.0,0.4375,0.5625,0.4375,1.0,,,,
dt035,dt035_node_0,65.0,0.1717788362,0.1717788362,23.0,11.5,0.9130434782608695,0.2394302799,0.1291005925,2.0,8.0,0.4375,0.5625,0.4375,1.0,,,,
dt035,dt035_node_1,31.0,0.1103296874,0.2821085236,22.0,11.0,0.45454545454545453,0.0211463624,0.0211441724,2.0,8.0,0.4375,0.5625,0.4375,1.0,,,,
dt035,dt035_node_2,26.0,0.0422905348,0.3243990584,6.0,3.0,0.6666666666666666,0.23294880804999998,0.17967229815,2.0,8.0,0.4375,0.5625,0.4375,1.0,,,,
dt035,dt035_node_3,3.0,2.19e-06,0.2821107136,16.0,8.0,0.625,0.019101197450000003,0.00308752015,2.0,8.0,0.4375,0.5625,0.4375,1.0,,,,
dt035,dt035_node_4,20.0,0.0532765099,0.3776755683,5.0,2.5,0.2,0.0845349029,0.026492375,2.0,8.0,0.4375,0.5625,0.4375,1.0,,,,
dt035,dt035_node_5,9.0,0.0221887176,0.3042994312,3.0,1.5,0.3333333333333333,0.24718902439999998,0.09763426659999999,2.0,8.0,0.4375,0.5625,0.4375,1.0,,,,
dt035,dt035_node_6,18.0,0.0160136773,0.2981243909,13.0,6.5,0.07692307692307693,0.0665813291,0.030707978099999998,2.0,8.0,0.4375,0.5625,0.4375,1.0,,,,
dt035,dt035_node_7,35.0,0.0580425279,0.4357180962,2.0,1.0,0.0,0.5894575885,0.18734626279999994,2.0,8.0,0.4375,0.5625,0.4375,1.0,,,,
dt035,dt035_node_8,50.0,0.1110272779,0.4887028462,3.0,1.5,0.3333333333333333,0.28107030055,0.11819137145000001,2.0,8.0,0.4375,0.5625,0.4375,1.0,,,,
dt035,dt035_node_9,54.0,0.1495547578,0.453854189,2.0,1.0,0.0,0.6334866641,0.05566025470000002,2.0,8.0,0.4375,0.5625,0.4375,1.0,,,,
dt035,dt035_node_10,48.0,0.035873351,0.3339977419,7.0,3.5,0.14285714285714285,0.03557520255,0.03122233675,2.0,8.0,0.4375,0.5625,0.4375,1.0,,,,
dt035,dt035_node_11,61.0,0.0972893072,0.3954136981,6.0,3.0,0.0,0.1460373989,0.1127847796,2.0,8.0,0.4375,0.5625,0.4375,1.0,,,,
dt035,dt035_node_12,99.0,0.1628789291,0.6515817752999999,2.0,1.0,0.0,0.15756162315,0.011298037650000009,2.0,8.0,0.4375,0.5625,0.4375,1.0,,,,
dt035,dt035_node_13,51.0,0.0667975393,0.40079528119999996,3.0,1.5,0.3333333333333333,0.27941033979999996,0.20539892839999999,2.0,8.0,0.4375,0.5625,0.4375,1.0,,,,
dt035,dt035_node_14,18.0,0.0043528658,0.3383506077,4.0,2.0,0.0,0.1008360482,0.06294988600000001,2.0,8.0,0.4375,0.5625,0.4375,1.0,,,,
dt035,dt035_node_15,57.0,0.0332526193,0.4286663174,3.0,1.5,0.3333333333333333,0.2165769031,0.10038868769999999,2.0,8.0,0.4375,0.5625,0.4375,1.0,,,,
dt035,dt035_node_16,100.0,0.2588221785,0.6542358766,3.0,1.5,0.3333333333333333,0.21745456915,0.06967272335000001,2.0,8.0,0.4375,0.5625,0.4375,1.0,,,,
dt035,dt035_node_17,37.0,0.0740114114,0.47480669259999997,2.0,1.0,0.0,0.39433785315000003,0.07708355284999999,2.0,8.0,0.4375,0.5625,0.4375,1.0,,,,
dt035,dt035_node_18,90.0,0.1637859342,0.5021365419,2.0,1.0,0.0,0.40497503855,0.008334755149999984,2.0,8.0,0.4375,0.5625,0.4375,1.0,,,,
dt035,dt035_node_19,32.0,0.0378861622,0.3762367699,2.0,1.0,0.0,0.3618653085,0.0034642718000000012,2.0,8.0,0.4375,0.5625,0.4375,1.0,,,,
dt035,dt035_node_20,68.0,0.1161882154,0.5448545328,2.0,1.0,0.0,0.5404577672499999,0.24613809645,2.0,8.0,0.4375,0.5625,0.4375,1.0,,,,
dt035,dt035_node_21,99.0,0.1477818458,0.8020177224,2.0,1.0,0.0,0.2945251741,0.003893203900000003,2.0,8.0,0.4375,0.5625,0.4375,1.0,,,,
dt036,dt036_node_0,61.0,0.0136466521,0.0136466521,63.0,31.5,0.8412698412698413,0.0373666429,0.0259875789,2.0,8.0,0.3125,0.5625,0.4375,1.0,,,,
dt036,dt036_node_1,81.0,0.0268939744,0.0268939744,10.0,5.0,0.6,0.0429626506,0.023693350999999998,2.0,8.0,0.3125,0.5625,0.4375,1.0,,,,
dt036,dt036_node_2,47.0,0.011379064,0.025025716099999998,58.0,29.0,0.896551724137931,0.02120367555,0.00230034015,2.0,8.0,0.3125,0.5625,0.4375,1.0,,,,
dt036,dt036_node_3,97.0,0.0633542218,0.0770008739,5.0,2.5,0.2,0.0652033412,0.0483914651,2.0,8.0,0.3125,0.5625,0.4375,1.0,,,,
dt036,dt036_node_4,52.0,0.0192692996,0.046163274000000004,8.0,4.0,0.75,0.0476006222,0.028902827599999997,2.0,8.0,0.3125,0.5625,0.4375,1.0,,,,
dt036,dt036_node_5,100.0,0.0666560016,0.093549976,2.0,1.0,0.0,0.00330608445,0.00330404375,2.0,8.0,0.3125,0.5625,0.4375,1.0,,,,
dt036,dt036_node_6,71.0,0.0189033354,0.043929051499999996,55.0,27.5,0.9636363636363636,0.0913529066,0.08586722570000001,2.0,8.0,0.3125,0.5625,0.4375,1.0,,,,
dt036,dt036_node_7,75.0,0.0235040157,0.048529731799999996,3.0,1.5,0.3333333333333333,0.14031570745,0.015463284850000002,2.0,8.0,0.3125,0.5625,0.4375,1.0,,,,
dt036,dt036_node_8,100.0,0.1135948063,0.1905956802,2.0,1.0,0.0,0.0032165078000000002,0.0017191349,2.0,8.0,0.3125,0.5625,0.4375,1.0,,,,
dt036,dt036_node_9,57.0,0.0168118761,0.09381275,3.0,1.5,0.3333333333333333,0.08736593735,0.0006338746499999978,2.0,8.0,0.3125,0.5625,0.4375,1.0,,,,
dt036,dt036_node_10,61.0,0.0186977946,0.0648610686,7.0,3.5,0.7142857142857143,0.05153497864999999,0.027984662249999997,2.0,8.0,0.3125,0.5625,0.4375,1.0,,,,
dt036,dt036_node_11,34.0,0.0054856809,0.049414732399999994,54.0,27.0,0.9629629629629629,0.0568542757,0.051169132799999996,2.0,8.0,0.3125,0.5625,0.4375,1.0,,,,
dt036,dt036_node_12,100.0,0.1248524226,0.1733821544,2.0,1.0,0.0,0.00642642495,0.00642534525,2.0,8.0,0.3125,0.5625,0.4375,1.0,,,,
dt036,dt036_node_13,100.0,0.0867320627,0.1805448127,2.0,1.0,0.0,0.0030076273000000002,0.0010248511,2.0,8.0,0.3125,0.5625,0.4375,1.0,,,,
dt036,dt036_node_14,73.0,0.0235503164,0.08841138500000001,6.0,3.0,0.6666666666666666,0.03379820485,0.01729569735,2.0,8.0,0.3125,0.5625,0.4375,1.0,,,,
dt036,dt036_node_15,8.0,0.0056851429,0.0550998753,53.0,26.5,0.8867924528301887,0.0180860287,0.016099968399999998,2.0,8.0,0.3125,0.5625,0.4375,1.0,,,,
dt036,dt036_node_16,73.0,0.0165025075,0.10491389250000001,5.0,2.5,0.2,0.024472165049999998,0.00956409745,2.0,8.0,0.3125,0.5625,0.4375,1.0,,,,
dt036,dt036_node_17,14.0,0.0019860603,0.0570859356,50.0,25.0,0.88,0.0239530058,0.0011122091000000008,2.0,8.0,0.3125,0.5625,0.4375,1.0,,,,
dt036,dt036_node_18,91.0,0.0341859971,0.0892858724,3.0,1.5,0.3333333333333333,0.1198327854,0.0242751805,2.0,8.0,0.3125,0.5625,0.4375,1.0,,,,
dt036,dt036_node_19,65.0,0.0149080676,0.11982196010000001,3.0,1.5,0.3333333333333333,0.06338305505,0.03161665885,2.0,8.0,0.3125,0.5625,0.4375,1.0,,,,
dt036,dt036_node_20,100.0,0.0340362625,0.13895015500000002,2.0,1.0,0.0,0.004315969550000001,0.00431393235,2.0,8.0,0.3125,0.5625,0.4375,1.0,,,,
dt036,dt036_node_21,42.0,0.0228407967,0.0799267323,3.0,1.5,0.3333333333333333,0.09775317835,0.03797085045,2.0,8.0,0.3125,0.5625,0.4375,1.0,,,,
dt036,dt036_node_22,30.0,0.0250652149,0.08215115049999999,47.0,23.5,0.9148936170212766,0.03534048765,0.02528530335,2.0,8.0,0.3125,0.5625,0.4375,1.0,,,,
dt036,dt036_node_23,100.0,0.0955576049,0.1848434773,2.0,1.0,0.0,0.08394952345000001,0.004778520350000003,2.0,8.0,0.3125,0.5625,0.4375,1.0,,,,
dt036,dt036_node_24,100.0,0.0949997139,0.21482167400000002,2.0,1.0,0.0,0.0031864303999999998,0.0031843932,2.0,8.0,0.3125,0.5625,0.4375,1.0,,,,
dt036,dt036_node_25,100.0,0.1357240288,0.2156507611,2.0,1.0,0.0,0.00208905655,0.0020870158500000003,2.0,8.0,0.3125,0.5625,0.4375,1.0,,,,
dt036,dt036_node_26,17.0,0.0100551843,0.0922063348,45.0,22.5,0.06666666666666667,0.02530690015,0.00207415245,2.0,8.0,0.3125,0.5625,0.4375,1.0,,,,
dt036,dt036_node_27,95.0,0.060625791,0.14277694149999998,2.0,1.0,0.0,0.0504068218,0.016662447,2.0,8.0,0.3125,0.5625,0.4375,1.0,,,,
dt036,dt036_node_28,55.0,0.0273810526,0.1195873874,21.0,10.5,0.7142857142857143,0.0435716213,0.009562439700000001,2.0,8.0,0.3125,0.5625,0.4375,1.0,,,,
dt036,dt036_node_29,35.0,0.0232327477,0.1154390825,24.0,12.0,0.25,0.01379347605,0.006368312750000001,2.0,8.0,0.3125,0.5625,0.4375,1.0,,,,
dt036,dt036_node_30,89.0,0.0340091816,0.153596569,18.0,9.0,0.3333333333333333,0.10867696895000001,0.019932983850000002,2.0,8.0,0.3125,0.5625,0.4375,1.0,,,,
dt036,dt036_node_31,98.0,0.053134061,0.1727214484,3.0,1.5,0.3333333333333333,0.0833464019,0.0176124193,2.0,8.0,0.3125,0.5625,0.4375,1.0,,,,
dt036,dt036_node_32,16.0,0.0074251633,0.1228642458,9.0,4.5,0.3333333333333333,0.0227866787,0.013219624200000002,2.0,8.0,0.3125,0.5625,0.4375,1.0,,,,
dt036,dt036_node_33,35.0,0.0201617888,0.1356008713,15.0,7.5,0.3333333333333333,0.1091839351,0.04703154350000001,2.0,8.0,0.3125,0.5625,0.4375,1.0,,,,
dt036,dt036_node_34,100.0,0.0887439851,0.2423405541,6.0,3.0,0.6666666666666666,0.0010263606,0.0010234463999999998,2.0,8.0,0.3125,0.5625,0.4375,1.0,,,,
dt036,dt036_node_35,100.0,0.1286099528,0.2822065218,12.0,6.0,0.5,0.0043362377,0.0015410514000000002,2.0,8.0,0.3125,0.5625,0.4375,1.0,,,,
dt036,dt036_node_36,100.0,0.0657339826,0.238455431,2.0,1.0,0.0,0.0009932618500000001,0.0009910687500000002,2.0,8.0,0.3125,0.5625,0.4375,1.0,,,,
dt036,dt036_node_37,45.0,0.0095670545,0.1324313003,3.0,1.5,0.3333333333333333,0.13590474575,0.04536235465,2.0,8.0,0.3125,0.5625,0.4375,1.0,,,,
dt036,dt036_node_38,49.0,0.0360063029,0.1588705487,6.0,3.0,0.6666666666666666,0.09117337855,0.04919732365,2.0,8.0,0.3125,0.5625,0.4375,1.0,,,,
dt036,dt036_node_39,100.0,0.1562154786,0.29181634990000005,5.0,2.5,0.2,0.00200825255,0.00070835665,2.0,8.0,0.3125,0.5625,0.4375,1.0,,,,
dt036,dt036_node_40,99.0,0.0621523916,0.1977532629,10.0,5.0,0.8,0.0010830359499999999,0.00108099875,2.0,8.0,0.3125,0.5625,0.4375,1.0,,,,
dt036,dt036_node_41,41.0,2.9142e-06,0.2423434683,5.0,2.5,0.6,0.002064807,1.7079999999991373e-07,2.0,8.0,0.3125,0.5625,0.4375,1.0,,,,
dt036,dt036_node_42,92.0,0.0058772891,0.2880838109,9.0,4.5,0.7777777777777778,0.0010386403,0.0010366031000000001,2.0,8.0,0.3125,0.5625,0.4375,1.0,,,,
dt036,dt036_node_43,73.0,0.0027951863,0.2850017081,3.0,1.5,0.3333333333333333,0.00105014235,0.00104810515,2.0,8.0,0.3125,0.5625,0.4375,1.0,,,,
dt036,dt036_node_44,100.0,0.0905423911,0.2229736914,2.0,1.0,0.0,0.00429981595,0.0030762551500000002,2.0,8.0,0.3125,0.5625,0.4375,1.0,,,,
dt036,dt036_node_45,68.0,0.0419760549,0.2008466036,5.0,2.5,0.6,0.07431157299999999,0.0545394844,2.0,8.0,0.3125,0.5625,0.4375,1.0,,,,
dt036,dt036_node_46,64.0,0.0012998959,0.29311624580000006,3.0,1.5,0.3333333333333333,0.0020122193,0.0020101821,2.0,8.0,0.3125,0.5625,0.4375,1.0,,,,
dt036,dt036_node_47,85.0,0.0027166092,0.29453295910000005,2.0,1.0,0.0,0.00100003055,0.00099799335,2.0,8.0,0.3125,0.5625,0.4375,1.0,,,,
dt036,dt036_node_48,45.0,2.0372e-06,0.1977553001,9.0,4.5,0.1111111111111111,0.00103326185,0.00103122465,2.0,8.0,0.3125,0.5625,0.4375,1.0,,,,
dt036,dt036_node_49,52.0,0.0020646362,0.2444081045,4.0,2.0,0.5,0.00108807285,0.00108603565,2.0,8.0,0.3125,0.5625,0.4375,1.0,,,,
dt036,dt036_node_50,47.0,0.0020752434,0.2901590543,8.0,4.0,0.75,0.0020805781999999997,3.5125800000000056e-05,2.0,8.0,0.3125,0.5625,0.4375,1.0,,,,
dt036,dt036_node_51,45.0,2.0372e-06,0.2850037453,2.0,1.0,0.0,0.00215756615,0.00215552895,2.0,8.0,0.3125,0.5625,0.4375,1.0,,,,
dt036,dt036_node_52,39.0,0.0197720886,0.22061869220000002,4.0,2.0,0.5,0.09416983575,0.06332711925000001,2.0,8.0,0.3125,0.5625,0.4375,1.0,,,,
dt036,dt036_node_53,88.0,0.0040224014,0.29713864720000005,2.0,1.0,0.0,0.00202876375,3.045975000000008e-05,2.0,8.0,0.3125,0.5625,0.4375,1.0,,,,
dt036,dt036_node_54,66.0,0.0020644865,0.1998197866,5.0,2.5,0.6,0.0010337503999999999,0.0010317132,2.0,8.0,0.3125,0.5625,0.4375,1.0,,,,
dt036,dt036_node_55,18.0,2.0372e-06,0.1977573373,4.0,2.0,0.0,2.0372e-06,0.0,2.0,8.0,0.3125,0.5625,0.4375,1.0,,,,
dt036,dt036_node_56,21.0,2.0372e-06,0.2444101417,3.0,1.5,0.3333333333333333,0.00102990085,0.00102786365,2.0,8.0,0.3125,0.5625,0.4375,1.0,,,,
dt036,dt036_node_57,54.0,0.0020454524,0.2922045067,7.0,3.5,0.42857142857142855,0.00102778195,0.0010257447500000001,2.0,8.0,0.3125,0.5625,0.4375,1.0,,,,
dt036,dt036_node_58,43.0,0.0308427165,0.2514614087,3.0,1.5,0.3333333333333333,0.07618123525,0.04238493475,2.0,8.0,0.3125,0.5625,0.4375,1.0,,,,
dt036,dt036_node_59,51.0,2.0372e-06,0.1998218238,4.0,2.0,0.5,0.004193522200000001,0.004191485000000001,2.0,8.0,0.3125,0.5625,0.4375,1.0,,,,
dt036,dt036_node_60,19.0,2.0372e-06,0.1977593745,2.0,1.0,0.0,0.0010333596,0.0010313224,2.0,8.0,0.3125,0.5625,0.4375,1.0,,,,
dt036,dt036_node_61,16.0,2.0372e-06,0.1977593745,2.0,1.0,0.0,0.00206746755,6.871949999999981e-06,2.0,8.0,0.3125,0.5625,0.4375,1.0,,,,
dt036,dt036_node_62,26.0,2.0372e-06,0.2444121789,2.0,1.0,0.0,0.00103254995,0.00103051275,2.0,8.0,0.3125,0.5625,0.4375,1.0,,,,
dt036,dt036_node_63,27.0,2.0372e-06,0.2922065439,2.0,1.0,0.0,0.00208468145,3.018635000000009e-05,2.0,8.0,0.3125,0.5625,0.4375,1.0,,,,
dt036,dt036_node_64,66.0,0.0020535267,0.29425803339999995,5.0,2.5,0.6,0.0010692563499999999,0.00106721915,2.0,8.0,0.3125,0.5625,0.4375,1.0,,,,
dt036,dt036_node_65,45.0,0.0337963005,0.2852577092,2.0,1.0,0.0,0.1794703429,0.050030549199999996,2.0,8.0,0.3125,0.5625,0.4375,1.0,,,,
dt036,dt036_node_66,85.0,0.0083850072,0.20820683099999998,3.0,1.5,0.3333333333333333,0.007814304499999999,0.0078122673,2.0,8.0,0.3125,0.5625,0.4375,1.0,,,,
dt036,dt036_node_67,20.0,2.0372e-06,0.2942600706,4.0,2.0,0.0,2.0372e-06,0.0,2.0,8.0,0.3125,0.5625,0.4375,1.0,,,,
dt036,dt036_node_68,81.0,2.0372e-06,0.20820886819999998,2.0,1.0,0.0,0.00103390825,0.00103187105,2.0,8.0,0.3125,0.5625,0.4375,1.0,,,,
dt036,dt036_node_69,22.0,2.0372e-06,0.2942621078,2.0,1.0,0.0,0.004127525,4.553600000000227e-06,2.0,8.0,0.3125,0.5625,0.4375,1.0,,,,
dt036,dt036_node_70,20.0,2.0372e-06,0.2942621078,2.0,1.0,0.0,0.00412865335,1.4628499999998906e-06,2.0,8.0,0.3125,0.5625,0.4375,1.0,,,,
dt037,dt037_node_0,35.0,2.1662e-06,2.1662e-06,2.0,1.0,0.0,0.02591872125,0.01259500435,2.0,8.0,0.125,0.3125,0.1875,1.0,,,,
dt037,dt037_node_1,42.0,0.0048906267,0.0048906267,4.0,2.0,0.0,0.04151517595,0.028844847049999997,2.0,8.0,0.125,0.3125,0.1875,1.0,,,,
dt037,dt037_node_2,51.0,0.070360023,0.07525064969999999,2.0,1.0,0.0,0.4621588302,0.4611273715,2.0,8.0,0.125,0.3125,0.1875,1.0,,,,
dt037,dt037_node_3,99.0,0.0126703289,0.0175609556,2.0,1.0,0.0,0.00165045515,0.0016479043499999999,2.0,8.0,0.125,0.3125,0.1875,1.0,,,,
dt038,dt038_node_0,36.0,0.0005626532,0.0005626532,8.0,4.0,0.75,0.010961074599999999,0.0091621564,2.0,8.0,0.375,0.5625,0.4375,1.0,,,,
dt038,dt038_node_1,35.0,0.0017989182,0.0023615714,7.0,3.5,0.14285714285714285,0.0156080552,0.0102682745,2.0,8.0,0.375,0.5625,0.4375,1.0,,,,
dt038,dt038_node_2,100.0,0.0258763297,0.028237901099999997,4.0,2.0,0.5,0.02302884685,0.01981672825,2.0,8.0,0.375,0.5625,0.4375,1.0,,,,
dt038,dt038_node_3,53.0,0.0053397807,0.0077013521,3.0,1.5,0.3333333333333333,0.01490123695,0.0076122451499999995,2.0,8.0,0.375,0.5625,0.4375,1.0,,,,
dt038,dt038_node_4,63.0,0.0032121186,0.0314500197,3.0,1.5,0.3333333333333333,0.014450812300000001,0.0009618928000000001,2.0,8.0,0.375,0.5625,0.4375,1.0,,,,
dt038,dt038_node_5,86.0,0.0072889918,0.014990343900000001,2.0,1.0,0.0,0.0166874441,0.003267492099999999,2.0,8.0,0.375,0.5625,0.4375,1.0,,,,
dt038,dt038_node_6,100.0,0.0134889195,0.0449389392,2.0,1.0,0.0,0.00281276315,0.0006413758500000001,2.0,8.0,0.375,0.5625,0.4375,1.0,,,,
