dataset_id,node_id,target_bootstrap,branch_length,depth,n_leaves_subtree,subtree_fraction,subtree_balance,mean_child_branch_length,std_child_branch_length,taxa_count,alignment_length,gap_fraction_global,gc_mean_global,gc_std_global,variable_site_fraction_global,gap_fraction_clade,gc_mean_clade,gc_std_clade,mean_pairwise_pdist_clade
dt1,dt1_node_0,45.4,0.00889254203417354,0.00889254203417354,22.0,0.6875,0.0,0.019185994078804267,0.014369835021385837,32.0,2142.0,0.3125437675070028,0.5174342888945273,0.0372795562692959,0.8300993847610033,0.3291152400584034,0.5215645839960245,0.03672095304603138,0.3639099745539052
dt1,dt1_node_1,99.9,0.0437883348561001,0.0437883348561001,3.0,0.09375,0.3333333333333333,0.049395116654666796,0.0162354754014804,32.0,2142.0,0.3125437675070028,0.5174342888945273,0.0372795562692959,0.8300993847610033,0.25023342670401494,0.49893385971995835,0.03536995701313509,0.11641516877594382
dt1,dt1_node_2,30.4,0.00222356156793538,0.00222356156793538,7.0,0.21875,0.42857142857142855,0.013115761799979048,0.0027669043719109497,32.0,2142.0,0.3125437675070028,0.5174342888945273,0.0372795562692959,0.8300993847610033,0.2832529589855322,0.5123821167932082,0.03678740024661489,0.2506063865360183
dt1,dt1_node_3,100.0,0.0335558291001901,0.042448371134363644,11.0,0.34375,0.6363636363636364,0.031143018914030977,0.024792526582504328,32.0,2142.0,0.3125437675070028,0.5174342888945273,0.0372795562692959,0.8300993847610033,0.30629064681862,0.5139123386798938,0.03733913959476418,0.44415581228431367
dt1,dt1_node_4,42.4,0.00481615905741843,0.01370870109159197,11.0,0.34375,0.8181818181818182,0.047516091307924745,0.01859717609628845,32.0,2142.0,0.3125437675070028,0.5174342888945273,0.0372795562692959,0.8300993847610033,0.35193983329818707,0.5292168293121552,0.03443155126891481,0.2154767968271178
dt1,dt1_node_5,100.0,0.0331596412531864,0.0769479761092865,2.0,0.0625,0.0,0.05792576854309695,0.0018871953073600484,32.0,2142.0,0.3125437675070028,0.5174342888945273,0.0372795562692959,0.8300993847610033,0.1816059757236228,0.47401054567749845,0.0036105456774984668,0.09895513214505225
dt1,dt1_node_6,88.2,0.01588266617189,0.018106227739825377,2.0,0.0625,0.0,0.07882993416148384,0.035414829522703146,32.0,2142.0,0.3125437675070028,0.5174342888945273,0.0372795562692959,0.8300993847610033,0.22644484585111302,0.5165507108595134,0.026824683462253113,0.253766851704996
dt1,dt1_node_7,60.699999999999996,0.0103488574280681,0.01257241899600348,5.0,0.15625,0.6,0.06519009642970292,0.05905940819600408,32.0,2142.0,0.3125437675070028,0.5174342888945273,0.0372795562692959,0.8300993847610033,0.30597620423929983,0.5107146791666861,0.039963499192291356,0.22978204387378504
dt1,dt1_node_8,77.60000000000001,0.00635049233152665,0.048798863465890296,9.0,0.28125,0.5555555555555556,0.016017352172985066,0.012654013796500036,32.0,2142.0,0.3125437675070028,0.5174342888945273,0.0372795562692959,0.8300993847610033,0.3410530252277375,0.520896444598341,0.03783283369074812,0.46335339029546585
dt1,dt1_node_9,100.0,0.0559355454965353,0.09838391663089895,2.0,0.0625,0.0,0.0066400344480027,0.0013910829328825803,32.0,2142.0,0.3125437675070028,0.5174342888945273,0.0372795562692959,0.8300993847610033,0.14985994397759103,0.48248386204688193,0.004467502128681522,0.013027295285359801
dt1,dt1_node_10,93.2,0.0289189152116363,0.04262761630322827,10.0,0.3125,0.8,0.026829475298081256,0.024555633589871347,32.0,2142.0,0.3125437675070028,0.5174342888945273,0.0372795562692959,0.8300993847610033,0.3373439987858759,0.5271617680573242,0.035463063188197905,0.1677528513983493
dt1,dt1_node_11,46.0,0.00613068823369883,0.01870310722970231,4.0,0.125,0.0,0.02856814044125105,0.00159609514988715,32.0,2142.0,0.3125437675070028,0.5174342888945273,0.0372795562692959,0.8300993847610033,0.2757942515642975,0.5013819483068918,0.03950762278483176,0.2364619227630159
dt1,dt1_node_12,100.0,0.0286713659694851,0.0774702294353754,7.0,0.21875,0.7142857142857143,0.01193234392780027,0.006883572580687731,32.0,2142.0,0.3125437675070028,0.5174342888945273,0.0372795562692959,0.8300993847610033,0.37397416047996757,0.5318483263115232,0.03549675019742812,0.4542043526240617
dt1,dt1_node_13,50.4,0.00336333837648503,0.05216220184237533,2.0,0.0625,0.0,0.04104432020890865,0.0002983719303105495,32.0,2142.0,0.3125437675070028,0.5174342888945273,0.0372795562692959,0.8300993847610033,0.2258290518449323,0.482564858602203,0.011906885869541473,0.14329643296432965
dt1,dt1_node_14,8.9,0.00227384170820991,0.04490145801143818,9.0,0.28125,0.5555555555555556,0.005475223827401225,0.0016863743494150449,32.0,2142.0,0.3125437675070028,0.5174342888945273,0.0372795562692959,0.8300993847610033,0.3197379631701142,0.5248299480472327,0.036646849033185,0.1740637693442625
dt1,dt1_node_15,99.8,0.0301642355911382,0.04886734282084051,2.0,0.0625,0.0,0.07416385320635821,0.010016914638361497,32.0,2142.0,0.3125437675070028,0.5174342888945273,0.0372795562692959,0.8300993847610033,0.23086021181206845,0.5127523918986083,0.039591358101391666,0.3035143769968051
dt1,dt1_node_16,99.3,0.0269720452913639,0.04567515252106621,2.0,0.0625,0.0,0.08059479241939155,0.00017535605381024943,32.0,2142.0,0.3125437675070028,0.5174342888945273,0.0372795562692959,0.8300993847610033,0.3207282913165266,0.4900115047151753,0.035995206694220655,0.13029661016949154
dt1,dt1_node_17,64.4,0.00504877134711254,0.08251900078248794,6.0,0.1875,0.6666666666666666,0.001381189604231865,0.001381189604231865,32.0,2142.0,0.3125437675070028,0.5174342888945273,0.0372795562692959,0.8300993847610033,0.4258767944472948,0.541472449753882,0.028664546442810912,0.4676349365352793
dt1,dt1_node_18,20.7,0.00716159817681627,0.05206305618825445,2.0,0.0625,0.0,0.0562432695480901,0.0235719195324416,32.0,2142.0,0.3125437675070028,0.5174342888945273,0.0372795562692959,0.8300993847610033,0.219187675070028,0.5048309178743962,0.028502415458937197,0.09669811320754718
dt1,dt1_node_19,13.3,0.00378884947798618,0.048690307489424364,7.0,0.21875,0.14285714285714285,0.004582319126642465,0.0015075777130811748,32.0,2142.0,0.3125437675070028,0.5174342888945273,0.0372795562692959,0.8300993847610033,0.34846661691299596,0.5305439566680431,0.03671059956941752,0.18970627375327556
dt1,dt1_node_20,42.6,0.00276237920846373,0.08528137999095167,5.0,0.15625,0.6,0.004003517835110394,0.003785096647264176,32.0,2142.0,0.3125437675070028,0.5174342888945273,0.0372795562692959,0.8300993847610033,0.4108634740914708,0.5389918924456791,0.030806955058408587,0.4730583508417573
dt1,dt1_node_21,43.9,0.00608989683972364,0.054780204329148006,3.0,0.09375,0.3333333333333333,0.02967543602271325,0.0012807000596747505,32.0,2142.0,0.3125437675070028,0.5174342888945273,0.0372795562692959,0.8300993847610033,0.30336371405690304,0.5254555468389032,0.035797624949878114,0.2678205840783844
dt1,dt1_node_22,41.6,0.00307474141356129,0.05176504890298565,4.0,0.125,0.5,0.01980236401252625,0.009190700647297548,32.0,2142.0,0.3125437675070028,0.5174342888945273,0.0372795562692959,0.8300993847610033,0.3822937940550656,0.534360264039898,0.036923347754072404,0.12239859977835688
dt1,dt1_node_23,24.4,0.000218421187846218,0.0854998011787979,4.0,0.125,0.5,0.005447819610336955,0.003585059937418005,32.0,2142.0,0.3125437675070028,0.5174342888945273,0.0372795562692959,0.8300993847610033,0.38962976278240574,0.5355454211126546,0.033569998163787626,0.47102181555073214
dt1,dt1_node_24,100.0,0.030956136082388,0.08573634041153601,2.0,0.0625,0.0,0.00546702789361485,0.00546702789361485,32.0,2142.0,0.3125437675070028,0.5174342888945273,0.0372795562692959,0.8300993847610033,0.2449615374719092,0.510002965991044,0.03472546851374836,0.3497536945812808
dt1,dt1_node_25,92.7,0.0106116633652287,0.062376712268214354,3.0,0.09375,0.3333333333333333,0.01545835284785391,0.00818255423728349,32.0,2142.0,0.3125437675070028,0.5174342888945273,0.0372795562692959,0.8300993847610033,0.4935408072617184,0.5556272280754414,0.0029399164389205482,0.13814234277147522
dt1,dt1_node_26,44.9,0.00186275967291895,0.08736256085171684,3.0,0.09375,0.3333333333333333,0.000803356778602745,0.000803356778602745,32.0,2142.0,0.3125437675070028,0.5174342888945273,0.0372795562692959,0.8300993847610033,0.49773635510914865,0.5549044433400795,0.0018724500566220906,0.46660482807705317
dt1,dt1_node_27,94.89999999999999,0.00727579861057042,0.06965251087878477,2.0,0.0625,0.0,0.0158707886500771,0.005083268187670201,32.0,2142.0,0.3125437675070028,0.5174342888945273,0.0372795562692959,0.8300993847610033,0.49311233134075677,0.5536624487613616,0.0011762609160577142,0.17972350230414746
dt1,dt1_node_28,38.800000000000004,0.00160671355720549,0.08896927440892233,2.0,0.0625,0.0,0.00156154108368799,0.00156154108368799,32.0,2142.0,0.3125437675070028,0.5174342888945273,0.0372795562692959,0.8300993847610033,0.49754261896766294,0.5538519921129229,0.001391453579960955,0.4232209737827715
dt10,dt10_node_0,98.9,0.0382419470134935,0.0382419470134935,7.0,3.5,0.14285714285714285,0.07749318755638175,0.00119282678585525,2.0,8.0,0.0625,0.20535714285714285,0.08035714285714285,0.8571428571428571,,,,
dt10,dt10_node_1,79.2,0.0166620387390607,0.0166620387390607,5.0,2.5,0.2,0.097313772620658,0.016554077669146003,2.0,8.0,0.0625,0.20535714285714285,0.08035714285714285,0.8571428571428571,,,,
dt10,dt10_node_2,53.900000000000006,0.0110273916748438,0.0110273916748438,5.0,2.5,0.6,0.0790310982307017,0.0668395338984573,2.0,8.0,0.0625,0.20535714285714285,0.08035714285714285,0.8571428571428571,,,,
dt10,dt10_node_3,99.6,0.0763003607705265,0.11454230778402,4.0,2.0,0.5,3.96759372049832e-05,3.96759372049832e-05,2.0,8.0,0.0625,0.20535714285714285,0.08035714285714285,0.8571428571428571,,,,
dt10,dt10_node_4,99.7,0.078686014342237,0.1169279613557305,3.0,1.5,0.3333333333333333,0.0269953172340121,0.0017770067080589008,2.0,8.0,0.0625,0.20535714285714285,0.08035714285714285,0.8571428571428571,,,,
dt10,dt10_node_5,100.0,0.080759694951512,0.09742173369057269,2.0,1.0,0.0,0.04366644759171525,0.0013584557801780486,2.0,8.0,0.0625,0.20535714285714285,0.08035714285714285,0.8571428571428571,,,,
dt10,dt10_node_6,99.9,0.113867850289804,0.1305298890288647,3.0,1.5,0.3333333333333333,0.0015571933642042008,0.0008737205715074889,2.0,8.0,0.0625,0.20535714285714285,0.08035714285714285,0.8571428571428571,,,,
dt10,dt10_node_7,65.9,0.0121915643322444,0.0232189560070882,4.0,2.0,0.0,0.016293402040334023,0.012279871514980976,2.0,8.0,0.0625,0.20535714285714285,0.08035714285714285,0.8571428571428571,,,,
dt10,dt10_node_8,56.599999999999994,7.93518744099664e-05,0.11462165965842996,3.0,1.5,0.3333333333333333,6.9457776897449e-05,6.9457776897449e-05,2.0,8.0,0.0625,0.20535714285714285,0.08035714285714285,0.8571428571428571,,,,
dt10,dt10_node_9,95.7,0.028772323942071,0.1457002852978015,2.0,1.0,0.0,0.003053941984631345,0.0015389323605859051,2.0,8.0,0.0625,0.20535714285714285,0.08035714285714285,0.8571428571428571,,,,
dt10,dt10_node_10,63.1,0.00243091393571169,0.13296080296457638,2.0,1.0,0.0,0.000209871910841919,0.000209871910841919,2.0,8.0,0.0625,0.20535714285714285,0.08035714285714285,0.8571428571428571,,,,
dt10,dt10_node_11,93.7,0.028573273555315,0.0517922295624032,2.0,1.0,0.0,0.09373159271344375,0.0051447984979443445,2.0,8.0,0.0625,0.20535714285714285,0.08035714285714285,0.8571428571428571,,,,
dt10,dt10_node_12,39.800000000000004,0.00401353052535305,0.02723248653244125,2.0,1.0,0.0,0.13335485826306798,0.005513713195592004,2.0,8.0,0.0625,0.20535714285714285,0.08035714285714285,0.8571428571428571,,,,
dt10,dt10_node_13,40.8,0.000138915553794898,0.11476057521222487,2.0,1.0,0.0,0.001524080523220475,0.00011195851224651495,2.0,8.0,0.0625,0.20535714285714285,0.08035714285714285,0.8571428571428571,,,,
dt11,dt11_node_0,100.0,0.0475386345441915,0.0475386345441915,22.0,0.55,0.36363636363636365,0.0034734602490254698,0.0006729129998319398,40.0,1671.0,0.01484141232794734,0.4089765228245291,0.00640727914980203,0.9304973037747154,0.011317222280912344,0.4066369703964792,0.0021483534807021035,0.09375381327567349
dt11,dt11_node_1,60.099999999999994,0.00350487552770635,0.00350487552770635,5.0,0.125,0.6,0.036713117209081006,0.032376949486067494,40.0,1671.0,0.01484141232794734,0.4089765228245291,0.00640727914980203,0.9304973037747154,0.009761764686013625,0.4051022309735348,0.006460656242890021,0.5606978963357638
dt11,dt11_node_2,98.0,0.0138935132841976,0.0138935132841976,13.0,0.325,0.8461538461538461,0.032023130199435736,0.02985431559921276,40.0,1671.0,0.01484141232794734,0.4089765228245291,0.00640727914980203,0.9304973037747154,0.010527764496174229,0.41442587764545724,0.0075974715283301806,0.35299480826501933
dt11,dt11_node_3,97.0,0.00414637324885741,0.05168500779304891,15.0,0.375,0.2,0.001812064141957095,0.00045911939817430507,40.0,1671.0,0.01484141232794734,0.4089765228245291,0.00640727914980203,0.9304973037747154,0.011370436864153203,0.4061743341404359,0.0021992617584243304,0.013167300818632535
dt11,dt11_node_4,95.89999999999999,0.00280054724919353,0.05033918179338503,7.0,0.175,0.42857142857142855,0.0022583549026638752,0.00032895000808881505,40.0,1671.0,0.01484141232794734,0.4089765228245291,0.00640727914980203,0.9304973037747154,0.011203191031110504,0.40762833380228664,0.0016430772648672325,0.21875245333729007
dt11,dt11_node_5,65.60000000000001,0.00433616772301351,0.00784104325071986,4.0,0.1,0.5,0.031538460075562866,0.02284189946964833,40.0,1671.0,0.01484141232794734,0.4089765228245291,0.00640727914980203,0.9304973037747154,0.009489728461495333,0.4033918045609161,0.006127585682475055,0.48983215005315056
dt11,dt11_node_6,42.5,0.00216881460022298,0.01606232788442058,12.0,0.3,0.8333333333333334,0.028175007554171128,0.02751816882578447,40.0,1671.0,0.01484141232794734,0.4089765228245291,0.00640727914980203,0.9304973037747154,0.010679990157783113,0.41406063599678977,0.0077972742515654715,0.30473708006170563
dt11,dt11_node_7,85.1,0.0022711835401314,0.05395619133318031,9.0,0.225,0.5555555555555556,0.0023950004908753703,0.0003233827694560001,40.0,1671.0,0.01484141232794734,0.4089765228245291,0.00640727914980203,0.9304973037747154,0.011370436864153202,0.40523271455474846,0.0013418036954035654,0.008272800645682001
dt11,dt11_node_8,64.1,0.00135294474378279,0.053037952536831696,6.0,0.15,0.3333333333333333,0.00461098378993931,0.0014419409210878502,40.0,1671.0,0.01484141232794734,0.4089765228245291,0.00640727914980203,0.9304973037747154,0.011370436864153203,0.4075867635189669,0.0024629853946193927,0.009846650524616628
dt11,dt11_node_9,97.5,0.00258730491075269,0.052926486704137715,2.0,0.05,0.0,0.00030279786694350943,0.0002178712291106966,40.0,1671.0,0.01484141232794734,0.4089765228245291,0.00640727914980203,0.9304973037747154,0.011370436864153202,0.41010895883777243,0.00030266343825666175,0.0006053268765133172
dt11,dt11_node_10,99.8,0.00192940489457506,0.05226858668796009,5.0,0.125,0.6,0.000602143501654094,0.000262315844977023,40.0,1671.0,0.01484141232794734,0.4089765228245291,0.00640727914980203,0.9304973037747154,0.011136292697893426,0.40663608378809235,0.0005449602532020272,0.2668352937545578
dt11,dt11_node_11,90.7,0.00869656060591454,0.0165376038566344,3.0,0.075,0.3333333333333333,0.0367755405303482,0.010919236730697201,40.0,1671.0,0.01484141232794734,0.4089765228245291,0.00640727914980203,0.9304973037747154,0.010375538569778455,0.40464748425508007,0.0066148430883950435,0.3595531050835661
dt11,dt11_node_12,29.299999999999997,0.000656838728386656,0.016719166612807236,11.0,0.275,0.6363636363636364,0.018275282096052052,0.002636949141192951,40.0,1671.0,0.01484141232794734,0.4089765228245291,0.00640727914980203,0.9304973037747154,0.010916393579664181,0.41382372411771,0.008102530657282506,0.24918585338336657
dt11,dt11_node_13,88.6,0.00207161772141937,0.056027809054599684,7.0,0.175,0.14285714285714285,0.0033642827508858627,0.002854959744164047,40.0,1671.0,0.01484141232794734,0.4089765228245291,0.00640727914980203,0.9304973037747154,0.011370436864153203,0.4053960567277758,0.00124115358824001,0.0061109189438487265
dt11,dt11_node_14,96.1,0.00271838326033137,0.05667457459351168,2.0,0.05,0.0,0.00273770600580385,0.0006432392561895499,40.0,1671.0,0.01484141232794734,0.4089765228245291,0.00640727914980203,0.9304973037747154,0.011370436864153202,0.4046610169491526,0.0015133171912833088,0.005447941888619854
dt11,dt11_node_15,100.0,0.00605292471102716,0.05909087724785886,2.0,0.05,0.0,0.0,0.0,40.0,1671.0,0.01484141232794734,0.4089765228245291,0.00640727914980203,0.9304973037747154,0.011370436864153202,0.4043583535108959,0.0,0.0
dt11,dt11_node_16,94.39999999999999,0.00316904286885146,0.056206995405683156,4.0,0.1,0.5,0.00443086236345449,0.0009175940381358002,40.0,1671.0,0.01484141232794734,0.4089765228245291,0.00640727914980203,0.9304973037747154,0.011370436864153202,0.4092009685230024,0.0011324628894594372,0.005649717514124294
dt11,dt11_node_17,71.7,0.000339827656677071,0.05260841434463716,4.0,0.1,0.5,1.41851204683416e-05,1.41851204683416e-05,40.0,1671.0,0.01484141232794734,0.4089765228245291,0.00640727914980203,0.9304973037747154,0.011076054495121272,0.40638717015001546,0.00024786508600292066,0.2532224813666099
dt11,dt11_node_18,100.0,0.025856303799651,0.042393907656285396,2.0,0.05,0.0,0.025226403159200002,6.0546738712198914e-05,40.0,1671.0,0.01484141232794734,0.4089765228245291,0.00640727914980203,0.9304973037747154,0.01137419953629545,0.4093248775594457,1.411576984475249e-05,0.4823386114494519
dt11,dt11_node_19,100.0,0.020912231237245,0.037631397850052234,2.0,0.05,0.0,0.02824618332430085,0.0006557976562678505,40.0,1671.0,0.01484141232794734,0.4089765228245291,0.00640727914980203,0.9304973037747154,0.011071214841412328,0.4284428927373958,0.0037604970931126858,0.05333333333333334
dt11,dt11_node_20,99.8,0.0156383329548591,0.032357499567666335,9.0,0.225,0.7777777777777778,0.02147647535542213,0.01684010036474977,40.0,1671.0,0.01484141232794734,0.4089765228245291,0.00640727914980203,0.9304973037747154,0.010881988854831258,0.4105750199800021,0.004364649246041792,0.27510715200066826
dt11,dt11_node_21,66.2,0.000509323006721816,0.0565371320613215,4.0,0.1,0.5,0.002129693787611305,0.0005647694307578652,40.0,1671.0,0.01484141232794734,0.4089765228245291,0.00640727914980203,0.9304973037747154,0.011370436864153202,0.4043583535108959,0.0004280307392170429,0.0032284100080710245
dt11,dt11_node_22,100.0,0.00621924249504991,0.062247051549649594,3.0,0.075,0.3333333333333333,0.0,0.0,40.0,1671.0,0.01484141232794734,0.4089765228245291,0.00640727914980203,0.9304973037747154,0.0113704368641532,0.4067796610169492,0.0,0.0
dt11,dt11_node_23,100.0,0.00351326832531869,0.059720263731001845,3.0,0.075,0.3333333333333333,0.0006064527274786,0.000318876611632765,40.0,1671.0,0.01484141232794734,0.4089765228245291,0.00640727914980203,0.9304973037747154,0.0113704368641532,0.4085956416464891,0.0004942473250167885,0.0016142050040355127
dt11,dt11_node_24,43.1,2.83702409366832e-05,0.05263678458557384,3.0,0.075,0.3333333333333333,0.000313945750620829,0.000313945750620829,40.0,1671.0,0.01484141232794734,0.4089765228245291,0.00640727914980203,0.9304973037747154,0.011175258288904212,0.40625633986103754,0.00011597360226716093,0.2579991899554475
dt11,dt11_node_25,83.2,0.00463637499067236,0.0369938745583387,8.0,0.2,0.75,0.0232767913652488,0.0078446848247042,40.0,1671.0,0.01484141232794734,0.4089765228245291,0.00640727914980203,0.9304973037747154,0.011041757269608335,0.40985144293204784,0.004088931366770384,0.182069531366134
dt11,dt11_node_26,99.1,0.00156492435685344,0.05810205641817494,3.0,0.075,0.3333333333333333,0.0006063074365599937,0.0005862990461633562,40.0,1671.0,0.01484141232794734,0.4089765228245291,0.00640727914980203,0.9304973037747154,0.0113704368641532,0.4045601291364003,0.0002853538261446953,0.0012106537530266344
dt11,dt11_node_27,99.6,0.0,0.062247051549649594,2.0,0.05,0.0,0.0,0.0,40.0,1671.0,0.01484141232794734,0.4089765228245291,0.00640727914980203,0.9304973037747154,0.011370436864153202,0.4067796610169492,0.0,0.0
dt11,dt11_node_28,51.2,0.000287576115845835,0.06000783984684768,2.0,0.05,0.0,0.0006059607567938027,0.0005119074791333273,40.0,1671.0,0.01484141232794734,0.4089765228245291,0.00640727914980203,0.9304973037747154,0.011370436864153202,0.4085956416464891,0.0006053268765133235,0.0012106537530266344
dt11,dt11_node_29,85.8,0.000627891501241658,0.053264676086815496,2.0,0.05,0.0,0.0,0.0,40.0,1671.0,0.01484141232794734,0.4089765228245291,0.00640727914980203,0.9304973037747154,0.011370436864153202,0.40617433414043586,0.0,0.0
dt11,dt11_node_30,100.0,0.0154321065405446,0.0524259810988833,7.0,0.175,0.42857142857142855,0.003602632394265795,0.0001761640305064649,40.0,1671.0,0.01484141232794734,0.4089765228245291,0.00640727914980203,0.9304973037747154,0.01125127906130839,0.4094461031005881,0.0042182267187438815,0.1956614161489933
dt11,dt11_node_31,94.6,0.00119260648272335,0.05929466290089829,2.0,0.05,0.0,0.0003028353371472664,0.0002882069766516356,40.0,1671.0,0.01484141232794734,0.4089765228245291,0.00640727914980203,0.9304973037747154,0.011370436864153202,0.4046610169491526,0.00030266343825666175,0.0006053268765133172
dt11,dt11_node_32,79.10000000000001,0.00342646836375933,0.05585244946264263,2.0,0.05,0.0,0.019311111847064702,0.0037732102123181005,40.0,1671.0,0.01484141232794734,0.4089765228245291,0.00640727914980203,0.9304973037747154,0.011669658886894075,0.41446845955012923,0.0035593686410383407,0.03696969696969697
dt11,dt11_node_33,86.6,0.00377879642477226,0.05620477752365556,5.0,0.125,0.6,0.01103937202501212,0.004666744860539681,40.0,1671.0,0.01484141232794734,0.4089765228245291,0.00640727914980203,0.9304973037747154,0.011083927131074114,0.4074371605207717,0.0023911698497583516,0.25342375599401334
dt11,dt11_node_34,98.0,0.00637262716447244,0.062577404688128,4.0,0.1,0.5,0.00418312048348719,0.0012260735962617301,40.0,1671.0,0.01484141232794734,0.4089765228245291,0.00640727914980203,0.9304973037747154,0.010862688686433905,0.4075399394456345,0.0026635125353585156,0.306790624954953
dt11,dt11_node_35,86.4,0.00295704688722546,0.06553445157535347,3.0,0.075,0.3333333333333333,0.0037189267584921,0.0006504146217015897,40.0,1671.0,0.01484141232794734,0.4089765228245291,0.00640727914980203,0.9304973037747154,0.010693439293860808,0.40638093620999854,0.002021363739448529,0.4029676480658579
dt11,dt11_node_36,96.89999999999999,0.00306851213679051,0.06860296371214397,2.0,0.05,0.0,0.00347660877526659,0.0006095850661686501,40.0,1671.0,0.01484141232794734,0.4089765228245291,0.00640727914980203,0.9304973037747154,0.010354940508714609,0.40648423724477983,0.0024691807830483636,0.5965909090909091
dt12,dt12_node_0,86.1,0.0182608462328691,0.0182608462328691,19.0,0.9047619047619048,0.3684210526315789,0.01269261557009714,0.0073102778255355605,21.0,553.0,0.0008611039352449841,0.2667483490818195,0.01038292341544053,0.4972875226039783,0.000857606316286037,0.26636990367252017,0.00991399281019802,0.12669458971564385
dt12,dt12_node_1,34.599999999999994,0.00538233774456158,0.02364318397743068,13.0,0.6190476190476191,0.23076923076923078,0.00458832326930617,0.0012430987299407103,21.0,553.0,0.0008611039352449841,0.2667483490818195,0.01038292341544053,0.4972875226039783,0.0,0.2629016553067186,0.009343639239808979,0.1137849492279872
dt12,dt12_node_2,99.3,0.0200028933956327,0.0382637396285018,6.0,0.2857142857142857,0.3333333333333333,0.020883173295183702,0.0066399937521642,21.0,553.0,0.0008611039352449841,0.2667483490818195,0.01038292341544053,0.4972875226039783,0.0027157533349057837,0.2738844417984237,0.0062892458912148065,0.09811506323814591
dt12,dt12_node_3,41.0,0.00583142199924688,0.02947460597667756,8.0,0.38095238095238093,0.25,0.008718193568993289,0.0039233044293787095,21.0,553.0,0.0008611039352449841,0.2667483490818195,0.01038292341544053,0.4972875226039783,0.0,0.2667269439421338,0.008625128403408197,0.10669077757685351
dt12,dt12_node_4,23.5,0.00334522453936546,0.02698840851679614,5.0,0.23809523809523808,0.6,0.03502642352172087,0.03273788888625484,21.0,553.0,0.0008611039352449841,0.2667483490818195,0.01038292341544053,0.4972875226039783,0.0,0.25678119349005424,0.006862085338520901,0.09837251356238697
dt12,dt12_node_5,87.1,0.0142431795430195,0.052506919171521296,2.0,0.09523809523809523,0.0,0.0301642063487952,0.0009895995152288985,21.0,553.0,0.0008611039352449841,0.2667483490818195,0.01038292341544053,0.4972875226039783,0.0,0.27757685352622063,0.0027124773960217063,0.05786618444846293
dt12,dt12_node_6,100.0,0.0275231670473479,0.0657869066758497,4.0,0.19047619047619047,0.0,0.006065419441157195,0.0022175978396873647,21.0,553.0,0.0008611039352449841,0.2667483490818195,0.01038292341544053,0.4972875226039783,0.004073630002358676,0.27203823593452525,0.0067400093273377445,0.09060663940339686
dt12,dt12_node_7,78.7,0.012641497998372,0.04211610397504956,5.0,0.23809523809523808,0.6,0.03578966685673305,0.02240824707027305,21.0,553.0,0.0008611039352449841,0.2667483490818195,0.01038292341544053,0.4972875226039783,0.0,0.2654611211573237,0.005986598682548597,0.07649186256781194
dt12,dt12_node_8,29.7,0.00479488913961458,0.03426949511629214,3.0,0.14285714285714285,0.3333333333333333,0.03795742595190682,0.033007097902036875,21.0,553.0,0.0008611039352449841,0.2667483490818195,0.01038292341544053,0.4972875226039783,0.0,0.26883664858348405,0.011468533809789303,0.12236286919831223
dt12,dt12_node_9,24.9,0.00228853463546603,0.029276943152262168,4.0,0.19047619047619047,0.0,0.02847565777447477,0.019102438484249327,21.0,553.0,0.0008611039352449841,0.2667483490818195,0.01038292341544053,0.4972875226039783,0.0,0.2563291139240506,0.007605155443607927,0.08740204942736589
dt12,dt12_node_10,90.2,0.00828301728084456,0.07406992395669426,2.0,0.09523809523809523,0.0,0.0045637259880246545,0.0012866799989656248,21.0,553.0,0.0008611039352449841,0.2667483490818195,0.01038292341544053,0.4972875226039783,0.0009041591320072332,0.2742108263228241,0.002963086720654151,0.009057971014492754
dt12,dt12_node_11,48.4,0.00384782160146983,0.06963472827731954,2.0,0.09523809523809523,0.0,0.009313472795708329,0.00154994337217577,21.0,553.0,0.0008611039352449841,0.2667483490818195,0.01038292341544053,0.4972875226039783,0.007243100872710118,0.2698656455462263,0.008522632842052097,0.1577981651376147
dt12,dt12_node_12,97.39999999999999,0.01338141978646,0.05549752376150956,4.0,0.19047619047619047,0.5,0.025669199808932043,0.015773668391548354,21.0,553.0,0.0008611039352449841,0.2667483490818195,0.01038292341544053,0.4972875226039783,0.0,0.26311030741410485,0.00414337766270872,0.06088004822182038
dt12,dt12_node_13,41.3,0.00495032804986994,0.03921982316616208,2.0,0.09523809523809523,0.0,0.0645650456729606,0.008760467400726505,21.0,553.0,0.0008611039352449841,0.2667483490818195,0.01038292341544053,0.4972875226039783,0.0,0.2631103074141049,0.009945750452079571,0.11573236889692586
dt12,dt12_node_14,64.9,0.00937321929022544,0.038650162442487604,2.0,0.09523809523809523,0.0,0.05746647967631445,0.005349663582633047,21.0,553.0,0.0008611039352449841,0.2667483490818195,0.01038292341544053,0.4972875226039783,0.0,0.2613019891500904,0.008137432188065091,0.10488245931283906
dt12,dt12_node_15,100.0,0.0475780962587241,0.07685503941098626,2.0,0.09523809523809523,0.0,0.0,0.0,21.0,553.0,0.0008611039352449841,0.2667483490818195,0.01038292341544053,0.4972875226039783,0.0,0.2513562386980108,0.0,0.0
dt12,dt12_node_16,93.0,0.00989553141738369,0.06539305517889324,3.0,0.14285714285714285,0.3333333333333333,0.01590748332097036,0.00995533014287014,21.0,553.0,0.0008611039352449841,0.2667483490818195,0.01038292341544053,0.4972875226039783,0.0,0.26100060277275466,0.002255369130062655,0.04822182037371911
dt12,dt12_node_17,78.4,0.00595215317810022,0.07134520835699346,2.0,0.09523809523809523,0.0,0.02140061215769795,0.00303722408291175,21.0,553.0,0.0008611039352449841,0.2667483490818195,0.01038292341544053,0.4972875226039783,0.0,0.26220614828209765,0.0018083182640144524,0.04159132007233273
dt13,dt13_node_0,49.6,0.00134592392167282,0.00134592392167282,29.0,14.5,0.7931034482758621,0.001377974340374105,0.0002468971445293049,2.0,8.0,0.375,0.3125,0.1875,0.5,,,,
dt13,dt13_node_1,54.0,0.00162487148490341,0.00297079540657623,26.0,13.0,0.9230769230769231,0.0032413320427318046,0.001646445005954785,2.0,8.0,0.375,0.3125,0.1875,0.5,,,,
dt13,dt13_node_2,41.6,0.0011310771958448,0.00247700111751762,3.0,1.5,0.3333333333333333,0.01108692874716097,0.008999675898489929,2.0,8.0,0.375,0.3125,0.1875,0.5,,,,
dt13,dt13_node_3,64.7,0.00159488703677702,0.00456568244335325,25.0,12.5,0.6,0.00223737993007018,4.260764024847019e-05,2.0,8.0,0.375,0.3125,0.1875,0.5,,,,
dt13,dt13_node_4,99.7,0.0200866046456509,0.02256360576316852,2.0,1.0,0.0,0.0,0.0,2.0,8.0,0.375,0.3125,0.1875,0.5,,,,
dt13,dt13_node_5,56.10000000000001,0.00219477228982171,0.006760454733174959,20.0,10.0,0.8,0.0030779955479237,0.00079032557148177,2.0,8.0,0.375,0.3125,0.1875,0.5,,,,
dt13,dt13_node_6,64.9,0.00227998757031865,0.0068456700136719,5.0,2.5,0.6,7.20643886313155e-06,7.20643886313155e-06,2.0,8.0,0.375,0.3125,0.1875,0.5,,,,
dt13,dt13_node_7,57.199999999999996,0.00386832111940547,0.01062877585258043,18.0,9.0,0.8888888888888888,0.0021874177306291254,0.0016579822996965344,2.0,8.0,0.375,0.3125,0.1875,0.5,,,,
dt13,dt13_node_8,72.0,0.00228766997644193,0.009048124709616889,2.0,1.0,0.0,0.00440531484107746,0.0022260429692330403,2.0,8.0,0.375,0.3125,0.1875,0.5,,,,
dt13,dt13_node_9,64.5,1.44128777262631e-05,0.006860082891398164,4.0,2.0,0.5,8.93454684892575e-06,8.93454684892575e-06,2.0,8.0,0.375,0.3125,0.1875,0.5,,,,
dt13,dt13_node_10,37.4,0.000529435430932591,0.011158211283513022,17.0,8.5,0.8823529411764706,0.00219827602926475,0.0021724955146842704,2.0,8.0,0.375,0.3125,0.1875,0.5,,,,
dt13,dt13_node_11,62.2,1.78690936978515e-05,0.006877951985096015,3.0,1.5,0.3333333333333333,0.00440531484107746,0.0,2.0,8.0,0.375,0.3125,0.1875,0.5,,,,
dt13,dt13_node_12,18.6,2.57805145804795e-05,0.011183991798093502,16.0,8.0,0.875,2.88452829023318e-06,2.88452829023318e-06,2.0,8.0,0.375,0.3125,0.1875,0.5,,,,
dt13,dt13_node_13,69.39999999999999,0.00440531484107746,0.011283266826173475,2.0,1.0,0.0,0.0,0.0,2.0,8.0,0.375,0.3125,0.1875,0.5,,,,
dt13,dt13_node_14,2.9000000000000004,5.76905658046636e-06,0.011189760854673969,15.0,7.5,0.7333333333333333,1.13437869783949e-06,9.1397599447714e-07,2.0,8.0,0.375,0.3125,0.1875,0.5,,,,
dt13,dt13_node_15,0.2,2.2040270336235e-07,0.011189981257377331,13.0,6.5,0.07692307692307693,1.4625474768542498e-07,2.0422237012379977e-09,2.0,8.0,0.375,0.3125,0.1875,0.5,,,,
dt13,dt13_node_16,3.8,2.04835469231663e-06,0.011191809209366285,2.0,1.0,0.0,0.002201142702402055,0.002201142702402055,2.0,8.0,0.375,0.3125,0.1875,0.5,,,,
dt13,dt13_node_17,0.0,1.44212523984187e-07,0.011190125469901314,7.0,3.5,0.14285714285714285,1.2617637034223496e-06,9.163799069129806e-07,2.0,8.0,0.375,0.3125,0.1875,0.5,,,,
dt13,dt13_node_18,0.0,1.48296971386663e-07,0.011190129554348718,6.0,3.0,0.0,1.2290575052546235e-06,8.955127876863865e-07,2.0,8.0,0.375,0.3125,0.1875,0.5,,,,
dt13,dt13_node_19,4.5,2.17814361033533e-06,0.01119230361351165,4.0,2.0,0.5,3.044038668921075e-06,3.044038668921075e-06,2.0,8.0,0.375,0.3125,0.1875,0.5,,,,
dt13,dt13_node_20,0.2,3.45383796509369e-07,0.011190470853697823,3.0,1.5,0.3333333333333333,0.002202657420538732,0.0022007793993483677,2.0,8.0,0.375,0.3125,0.1875,0.5,,,,
dt13,dt13_node_21,3.5999999999999996,2.12457029294101e-06,0.011192254124641659,3.0,1.5,0.3333333333333333,3.07615649706352e-06,3.07615649706352e-06,2.0,8.0,0.375,0.3125,0.1875,0.5,,,,
dt13,dt13_node_22,0.6,3.33544717568237e-07,0.011190463099066286,3.0,1.5,0.3333333333333333,0.0022026574205387286,0.002200890249379272,2.0,8.0,0.375,0.3125,0.1875,0.5,,,,
dt13,dt13_node_23,14.6,6.08807733784215e-06,0.011198391690849492,3.0,1.5,0.3333333333333333,6.05497323255185e-06,6.05497323255185e-06,2.0,8.0,0.375,0.3125,0.1875,0.5,,,,
dt13,dt13_node_24,4.6,1.87802119036434e-06,0.011192348874888187,2.0,1.0,0.0,0.00220102881191791,0.00220102881191791,2.0,8.0,0.375,0.3125,0.1875,0.5,,,,
dt13,dt13_node_25,9.8,6.15231299412704e-06,0.011198406437635786,2.0,1.0,0.0,0.004411031323104225,0.004411031323104225,2.0,8.0,0.375,0.3125,0.1875,0.5,,,,
dt13,dt13_node_26,5.2,1.76717115945672e-06,0.011192230270225742,2.0,1.0,0.0,0.00220094023043024,0.00220094023043024,2.0,8.0,0.375,0.3125,0.1875,0.5,,,,
dt13,dt13_node_27,45.6,1.21099464651037e-05,0.011210501637314596,2.0,1.0,0.0,0.00886109116640125,0.00886109116640125,2.0,8.0,0.375,0.3125,0.1875,0.5,,,,
dt14,dt14_node_0,21.9,0.010178267033677,0.010178267033677,35.0,0.9459459459459459,0.7142857142857143,0.00477878552031492,0.00179995247752592,37.0,630.0,0.004761904761904764,0.2981162981162981,0.02132819888630587,0.5151515151515151,0.004761904761904763,0.2964684438368648,0.020053956840969677,0.13125862785305512
dt14,dt14_node_1,4.3999999999999995,0.00657873799784084,0.01675700503151784,30.0,0.8108108108108109,0.06666666666666667,0.003025260470972905,0.00017808310500023496,37.0,630.0,0.004761904761904764,0.2981162981162981,0.02132819888630587,0.5151515151515151,0.004761904761904763,0.2977671451355661,0.020848453288904823,0.12990888925553173
dt14,dt14_node_2,23.0,0.002978833042789,0.013157100076466,5.0,0.13513513513513514,0.6,0.03256181591872735,0.02225630191579285,37.0,630.0,0.004761904761904764,0.2981162981162981,0.02132819888630587,0.5151515151515151,0.004761904761904762,0.28867623604465714,0.011676558352614424,0.07703349282296651
dt14,dt14_node_3,16.0,0.00320334357597314,0.019960348607490977,16.0,0.43243243243243246,0.75,0.012521301785620016,0.003653734684932585,37.0,630.0,0.004761904761904764,0.2981162981162981,0.02132819888630587,0.5151515151515151,0.004761904761904762,0.2875797448165869,0.009069877424783025,0.08048910154173312
dt14,dt14_node_4,3.4000000000000004,0.00284717736597267,0.01960418239749051,14.0,0.3783783783783784,0.7142857142857143,0.010571729723781464,0.007573978260324535,37.0,630.0,0.004761904761904764,0.2981162981162981,0.02132819888630587,0.5151515151515151,0.004761904761904761,0.3094098883572568,0.024150212557282027,0.1557039451776294
dt14,dt14_node_5,55.60000000000001,0.0103055140029345,0.0234626140794005,4.0,0.10810810810810811,0.5,0.05697660544335745,0.0023885610913642503,37.0,630.0,0.004761904761904764,0.2981162981162981,0.02132819888630587,0.5151515151515151,0.004761904761904762,0.29385964912280704,0.006007384040398455,0.05342902711323764
dt14,dt14_node_6,90.4,0.0161750364705526,0.03613538507804358,14.0,0.3783783783783784,0.42857142857142855,0.025692846204077496,0.020614315090700407,37.0,630.0,0.004761904761904764,0.2981162981162981,0.02132819888630587,0.5151515151515151,0.004761904761904761,0.28913192071086813,0.008512892090348318,0.07148991359517677
dt14,dt14_node_7,35.0,0.00886756710068743,0.028827915708178407,2.0,0.05405405405405406,0.0,0.048572627918338954,0.0003024912353297472,37.0,630.0,0.004761904761904764,0.2981162981162981,0.02132819888630587,0.5151515151515151,0.004761904761904762,0.2767145135566188,0.003987240829346095,0.08771929824561403
dt14,dt14_node_8,83.0,0.018145707984106,0.03774989038159651,2.0,0.05405405405405406,0.0,0.0588036613118194,0.005439694130625797,37.0,630.0,0.004761904761904764,0.2981162981162981,0.02132819888630587,0.5151515151515151,0.004761904761904762,0.29585326953748003,0.003987240829346067,0.10526315789473684
dt14,dt14_node_9,3.2,0.00299775146345693,0.02260193386094744,12.0,0.32432432432432434,0.3333333333333333,0.00459145761694419,0.00169505636458721,37.0,630.0,0.004761904761904764,0.2981162981162981,0.02132819888630587,0.5151515151515151,0.0047619047619047615,0.3116693248272196,0.025338768201139932,0.15818471799333045
dt14,dt14_node_10,100.0,0.0593651665347217,0.0828277806141222,3.0,0.08108108108108109,0.3333333333333333,0.000800232562229687,0.000300959353169043,37.0,630.0,0.004761904761904764,0.2981162981162981,0.02132819888630587,0.5151515151515151,0.004761904761904762,0.29718234981392877,0.0019891852135959158,0.003189792663476874
dt14,dt14_node_11,67.10000000000001,0.00507853111337709,0.04121391619142067,10.0,0.2702702702702703,0.2,0.0315868456469151,0.0170608346550684,37.0,630.0,0.004761904761904764,0.2981162981162981,0.02132819888630587,0.5151515151515151,0.0047619047619047615,0.2904306220095694,0.009634282813740952,0.05812511075668972
dt14,dt14_node_12,100.0,0.0463071612947779,0.08244254637282147,4.0,0.10810810810810811,0.0,0.005673718107943889,7.967747478485011e-05,37.0,630.0,0.004761904761904764,0.2981162981162981,0.02132819888630587,0.5151515151515151,0.004761904761904762,0.28588516746411485,0.0026146086620023757,0.013024986709197236
dt14,dt14_node_13,15.6,0.0062865139815314,0.02888844784247884,4.0,0.10810810810810811,0.5,0.06368875442046405,0.05534306972022594,37.0,630.0,0.004761904761904764,0.2981162981162981,0.02132819888630587,0.5151515151515151,0.004761904761904762,0.33373205741626794,0.010897647821942932,0.19750132908027648
dt14,dt14_node_14,4.2,0.00289640125235698,0.02549833511330442,8.0,0.21621621621621623,0.0,0.0050920164298636,0.0011825325428985803,37.0,630.0,0.004761904761904764,0.2981162981162981,0.02132819888630587,0.5151515151515151,0.004761904761904762,0.30063795853269537,0.02320834483389991,0.12474367737525631
dt14,dt14_node_15,51.1,0.00110119191539873,0.08392897252952093,2.0,0.05405405405405406,0.0,0.001596740566952675,0.0004315829612794751,37.0,630.0,0.004761904761904764,0.2981162981162981,0.02132819888630587,0.5151515151515151,0.004761904761904762,0.2982456140350877,0.0015948963317384268,0.003189792663476874
dt14,dt14_node_16,93.30000000000001,0.0145260109918467,0.05573992718326737,6.0,0.16216216216216217,0.0,0.022035316039579,0.0024999388454769993,37.0,630.0,0.004761904761904764,0.2981162981162981,0.02132819888630587,0.5151515151515151,0.004761904761904762,0.28415736310473155,0.007447594750729339,0.036469962785752257
dt14,dt14_node_17,100.0,0.0486476803019835,0.08986159649340417,4.0,0.10810810810810811,0.5,0.000910035926796465,0.000910035926796465,37.0,630.0,0.004761904761904764,0.2981162981162981,0.02132819888630587,0.5151515151515151,0.004761904761904762,0.29984051036682613,0.0011277620114618107,0.0034556087187666133
dt14,dt14_node_18,99.9,0.00559404063315904,0.08803658700598051,2.0,0.05405405405405406,0.0,0.0007979067252970854,0.0006503976762746345,37.0,630.0,0.004761904761904764,0.2981162981162981,0.02132819888630587,0.5151515151515151,0.004761904761904762,0.284688995215311,0.0007974481658692134,0.001594896331738437
dt14,dt14_node_19,94.89999999999999,0.00575339558272874,0.08819594195555021,2.0,0.05405405405405406,0.0,0.00482025474012014,0.00237534416621065,37.0,630.0,0.004761904761904764,0.2981162981162981,0.02132819888630587,0.5151515151515151,0.004761904761904762,0.28708133971291866,0.0031897926634768536,0.009569377990430622
dt14,dt14_node_20,42.0,0.00834568470023811,0.03723413254271695,3.0,0.08108108108108109,0.3333333333333333,0.07347158696081556,0.05202554619816345,37.0,630.0,0.004761904761904764,0.2981162981162981,0.02132819888630587,0.5151515151515151,0.004761904761904762,0.33758639021796916,0.009945926067979623,0.19191919191919193
dt14,dt14_node_21,11.1,0.00390948388696502,0.02940781900026944,4.0,0.10810810810810811,0.5,0.03079218588332627,0.02848210199951843,37.0,630.0,0.004761904761904764,0.2981162981162981,0.02132819888630587,0.5151515151515151,0.004761904761904762,0.30701754385964913,0.030895327955040682,0.12652844231791602
dt14,dt14_node_22,16.5,0.00627454897276218,0.0317728840860666,4.0,0.10810810810810811,0.5,0.045608068485415224,0.04123897667223518,37.0,630.0,0.004761904761904764,0.2981162981162981,0.02132819888630587,0.5151515151515151,0.004761904761904762,0.2942583732057416,0.006429232654145571,0.10207336523125997
dt14,dt14_node_23,100.0,0.019535377194102,0.07527530437736937,3.0,0.08108108108108109,0.3333333333333333,0.0015991655228281816,0.0010158476551171687,37.0,630.0,0.004761904761904764,0.2981162981162981,0.02132819888630587,0.5151515151515151,0.004761904761904762,0.2769803296119086,0.0007518413409745273,0.002126528442317916
dt14,dt14_node_24,99.9,0.024535254885056,0.08027518206832338,3.0,0.08108108108108109,0.3333333333333333,0.009340366359594236,0.004402049097018965,37.0,630.0,0.004761904761904764,0.2981162981162981,0.02132819888630587,0.5151515151515151,0.004761904761904762,0.2913343965975545,0.002710802505897289,0.017543859649122806
dt14,dt14_node_25,65.0,0.00182007185359293,0.09168166834699709,3.0,0.08108108108108109,0.3333333333333333,0.001600701769500383,0.0006205188171571271,37.0,630.0,0.004761904761904764,0.2981162981162981,0.02132819888630587,0.5151515151515151,0.004761904761904762,0.3003721424774056,0.0007518413409745536,0.003189792663476874
dt14,dt14_node_26,85.7,0.0214460407626521,0.05868017330536905,2.0,0.05405405405405406,0.0,0.10465001543314251,0.0035578591551015046,37.0,630.0,0.004761904761904764,0.2981162981162981,0.02132819888630587,0.5151515151515151,0.004761904761904762,0.3309409888357257,0.003987240829346095,0.1722488038277512
dt14,dt14_node_27,13.0,0.00231008388380784,0.031717902884077276,3.0,0.08108108108108109,0.3333333333333333,0.07181413040114665,0.056760437121787355,37.0,630.0,0.004761904761904764,0.2981162981162981,0.02132819888630587,0.5151515151515151,0.004761904761904762,0.31206804891015416,0.03421497694780241,0.13024986709197237
dt14,dt14_node_28,37.0,0.00436909181318005,0.03614197589924665,3.0,0.08108108108108109,0.3333333333333333,0.05684264195033225,0.007896772264852851,37.0,630.0,0.004761904761904764,0.2981162981162981,0.02132819888630587,0.5151515151515151,0.004761904761904762,0.2913343965975545,0.004573272337609046,0.07549175970228601
dt14,dt14_node_29,88.3,0.00261501317794535,0.07789031755531473,2.0,0.05405405405405406,0.0,0.0,0.0,37.0,630.0,0.004761904761904764,0.2981162981162981,0.02132819888630587,0.5151515151515151,0.004761904761904762,0.27751196172248804,0.0,0.0
dt14,dt14_node_30,92.7,0.00493831726257527,0.08521349933089864,2.0,0.05405405405405406,0.0,0.00401641448251119,0.0007188784184251897,37.0,630.0,0.004761904761904764,0.2981162981162981,0.02132819888630587,0.5151515151515151,0.004761904761904762,0.2894736842105263,0.0007974481658692134,0.007974481658692184
dt14,dt14_node_31,63.1,0.000980182952343256,0.09266185129934035,2.0,0.05405405405405406,0.0,0.0007979067252970855,0.00042637295890189447,37.0,630.0,0.004761904761904764,0.2981162981162981,0.02132819888630587,0.5151515151515151,0.004761904761904762,0.30063795853269537,0.0007974481658692412,0.001594896331738437
dt14,dt14_node_32,92.0,0.0150536932793593,0.046771596163436575,2.0,0.05405405405405406,0.0,0.0414825500916653,0.0028245270331462985,37.0,630.0,0.004761904761904764,0.2981162981162981,0.02132819888630587,0.5151515151515151,0.004761904761904762,0.28787878787878785,0.0007974481658692134,0.07655502392344497
dt14,dt14_node_33,100.0,0.0489458696854794,0.08508784558472604,2.0,0.05405405405405406,0.0,0.006445877274344575,0.002476811970477745,37.0,630.0,0.004761904761904764,0.2981162981162981,0.02132819888630587,0.5151515151515151,0.004761904761904762,0.2886762360446571,0.0031897926634768814,0.012759170653907496
dt15,dt15_node_0,54.2,0.00645305956811847,0.00645305956811847,40.0,0.8888888888888888,0.9,0.00590035446675829,0.00445723880679741,45.0,1158.0,0.10408750719631549,0.3830961006918995,0.04333395684276942,0.9818652849740933,0.11283072267180602,0.3859577509883162,0.04494806327079959,0.2965504206658262
dt15,dt15_node_1,90.10000000000001,0.0126815560344281,0.0126815560344281,3.0,0.06666666666666667,0.3333333333333333,0.03756897045140837,0.03337330315830173,45.0,1158.0,0.10408750719631549,0.3830961006918995,0.04333395684276942,0.9818652849740933,0.029648819804260217,0.3667695984843915,0.011188215116263136,0.09686514464529011
dt15,dt15_node_2,100.0,0.0399708119224931,0.0399708119224931,2.0,0.044444444444444446,0.0,0.0883328785480371,0.010934664988605,45.0,1158.0,0.10408750719631549,0.3830961006918995,0.04333395684276942,0.9818652849740933,0.003038304527941834,0.3503528480748287,0.004598948594759372,0.5869947275922671
dt15,dt15_node_3,9.1,0.00144311565996088,0.00789617522807935,38.0,0.8444444444444444,0.5789473684210527,0.00303998213099736,0.0011166587115880602,45.0,1158.0,0.10408750719631549,0.3830961006918995,0.04333395684276942,0.9818652849740933,0.11858738010540074,0.3874352318165803,0.04563299384335213,0.3040854412848922
dt15,dt15_node_4,77.4,0.0103575932735557,0.01681065284167417,2.0,0.044444444444444446,0.0,0.049037519183397105,0.003344431585253698,45.0,1158.0,0.10408750719631549,0.3830961006918995,0.04333395684276942,0.9818652849740933,0.0034542314335060447,0.3578856152512998,0.0034662045060658564,0.09098786828422877
dt15,dt15_node_5,59.8,0.00419566729310663,0.01687722332753473,2.0,0.044444444444444446,0.0,0.0415796292499955,0.005004708387160103,45.0,1158.0,0.10408750719631549,0.3830961006918995,0.04333395684276942,0.9818652849740933,0.0034542314335060447,0.3591854419410745,0.003899480069324085,0.0779896013864818
dt15,dt15_node_6,3.8,0.0019233234194093,0.00981949864748865,30.0,0.6666666666666666,0.6666666666666666,0.0026525019072481254,0.000656234182211045,45.0,1158.0,0.10408750719631549,0.3830961006918995,0.04333395684276942,0.9818652849740933,0.148654084589981,0.38894899974724645,0.050822281749721095,0.3172471444450385
dt15,dt15_node_7,14.299999999999999,0.00415664084258542,0.01205281607066477,8.0,0.17777777777777778,0.25,0.0021732119921656946,0.0013362277504473657,45.0,1158.0,0.10408750719631549,0.3830961006918995,0.04333395684276942,0.9818652849740933,0.005837238288224892,0.38175860207658197,0.012827691533178339,0.25536209696979645
dt15,dt15_node_8,8.1,0.00330873608945917,0.013128234736947821,25.0,0.5555555555555556,0.84,0.0048731237286274804,0.0024427511069423703,45.0,1158.0,0.10408750719631549,0.3830961006918995,0.04333395684276942,0.9818652849740933,0.15593215834963936,0.3846905093670276,0.05043719782360291,0.31706612172109383
dt15,dt15_node_9,13.4,0.00199626772503708,0.01181576637252573,5.0,0.1111111111111111,0.2,0.02278592293222259,0.01806392783460791,45.0,1158.0,0.10408750719631549,0.3830961006918995,0.04333395684276942,0.9818652849740933,0.11226371579168926,0.410241451648341,0.047263401300048434,0.3343354249527638
dt15,dt15_node_10,13.8,0.000836984241718329,0.012889800312383098,3.0,0.06666666666666667,0.3333333333333333,0.045963723609298054,0.02444155060516305,45.0,1158.0,0.10408750719631549,0.3830961006918995,0.04333395684276942,0.9818652849740933,0.009229227882077624,0.37854441885398676,0.011128566766027689,0.3104594993975261
dt15,dt15_node_11,22.5,0.00350943974261306,0.015562255813277831,5.0,0.1111111111111111,0.2,0.014733461764060301,0.0025718598263740006,45.0,1158.0,0.10408750719631549,0.3830961006918995,0.04333395684276942,0.9818652849740933,0.003802044531913253,0.38368711201013916,0.01338113367081289,0.226197853499368
dt15,dt15_node_12,7.199999999999999,0.00243037262168511,0.015558607358632931,23.0,0.5111111111111111,0.8260869565217391,0.014733487025573831,0.012721105708638372,45.0,1158.0,0.10408750719631549,0.3830961006918995,0.04333395684276942,0.9818652849740933,0.1652112331689592,0.3851283919886045,0.052517928394641776,0.32816328653034105
dt15,dt15_node_13,49.0,0.00731587483556985,0.02044410957251767,2.0,0.044444444444444446,0.0,0.060154260498735845,0.02189360430318035,45.0,1158.0,0.10408750719631549,0.3830961006918995,0.04333395684276942,0.9818652849740933,0.04922279792746114,0.3796548592188919,0.0072661217075385975,0.10990009082652134
dt15,dt15_node_14,100.0,0.0408498507668305,0.05266561713935623,2.0,0.044444444444444446,0.0,0.026781140978147898,0.0025031922056481994,45.0,1158.0,0.10408750719631549,0.3830961006918995,0.04333395684276942,0.9818652849740933,0.004751060974499293,0.37543318039368456,0.0009761864753527194,0.6561954624781849
dt15,dt15_node_15,15.6,0.00472199509761468,0.01653776147014041,3.0,0.06666666666666667,0.3333333333333333,0.03694010233822487,0.03326483584530564,45.0,1158.0,0.10408750719631549,0.3830961006918995,0.04333395684276942,0.9818652849740933,0.18393881900314923,0.433446965818112,0.04874601000099724,0.1151134156227535
dt15,dt15_node_16,86.5,0.021522173004135,0.0344119733165181,2.0,0.044444444444444446,0.0,0.04346522819301795,0.005795004548584351,45.0,1158.0,0.10408750719631549,0.3830961006918995,0.04333395684276942,0.9818652849740933,0.012116726106363412,0.37067624699848445,0.00020763515056229642,0.39610963748894784
dt15,dt15_node_17,71.5,0.0121616019376863,0.02772385775096413,2.0,0.044444444444444446,0.0,0.0604872337776489,0.008046725480839297,45.0,1158.0,0.10408750719631549,0.3830961006918995,0.04333395684276942,0.9818652849740933,0.004322271426095583,0.38885841308115443,0.017554065255067447,0.11652173913043479
dt15,dt15_node_18,99.1,0.0173053215904343,0.03286757740371213,3.0,0.06666666666666667,0.3333333333333333,0.0354573051053838,0.0250243058940399,45.0,1158.0,0.10408750719631549,0.3830961006918995,0.04333395684276942,0.9818652849740933,0.0034552266024583654,0.38023957796279567,0.00795491661522473,0.2786616983399997
dt15,dt15_node_19,1.4000000000000001,0.00201238131693546,0.017570988675568392,21.0,0.4666666666666667,0.047619047619047616,0.002712612563906465,0.000910774142949945,45.0,1158.0,0.10408750719631549,0.3830961006918995,0.04333395684276942,0.9818652849740933,0.1763732191257327,0.38667181339908135,0.05470976322803588,0.3184889167132482
dt15,dt15_node_20,98.7,0.0274545927342122,0.043013200092845136,2.0,0.044444444444444446,0.0,0.05711722332718065,0.01238625603401965,45.0,1158.0,0.10408750719631549,0.3830961006918995,0.04333395684276942,0.9818652849740933,0.04801038062283737,0.36892246717859795,0.0016497399058706952,0.33575978161965425
dt15,dt15_node_21,25.8,0.00367526649291923,0.02021302796305964,2.0,0.044444444444444446,0.0,0.03625769657148195,0.01398652624917455,45.0,1158.0,0.10408750719631549,0.3830961006918995,0.04333395684276942,0.9818652849740933,0.27202221814202954,0.44695025725632376,0.054929441991796474,0.06954887218045112
dt15,dt15_node_22,94.89999999999999,0.0104329992113439,0.04330057661505603,2.0,0.044444444444444446,0.0,0.0479385599739459,0.000221962013515601,45.0,1158.0,0.10408750719631549,0.3830961006918995,0.04333395684276942,0.9818652849740933,0.0034557241869345263,0.3853507014329284,0.00406820576568398,0.35732870771899394
dt15,dt15_node_23,1.2,0.00180183842095652,0.019372827096524912,11.0,0.24444444444444444,0.45454545454545453,0.0062895944207219095,0.0044190360745750895,45.0,1158.0,0.10408750719631549,0.3830961006918995,0.04333395684276942,0.9818652849740933,0.18342777554822318,0.37925859583543586,0.04740049795128648,0.25832965313400563
dt15,dt15_node_24,5.0,0.00362338670685641,0.0211943753824248,10.0,0.2222222222222222,0.8,0.037725033129453224,0.03559797354252318,45.0,1158.0,0.10408750719631549,0.3830961006918995,0.04333395684276942,0.9818652849740933,0.16861320706099317,0.39482635271909144,0.06072228908660506,0.3663168901956683
dt15,dt15_node_25,10.2,0.00187055834614682,0.021243385442671733,8.0,0.17777777777777778,0.0,0.004808126640385005,0.0004215634442456852,45.0,1158.0,0.10408750719631549,0.3830961006918995,0.04333395684276942,0.9818652849740933,0.17858423888345334,0.3722149023901574,0.0451994848090683,0.2779874948501938
dt15,dt15_node_26,42.1,0.010708630495297,0.03008145759182191,3.0,0.06666666666666667,0.3333333333333333,0.0548462415136454,0.0016644002949390002,45.0,1158.0,0.10408750719631549,0.3830961006918995,0.04333395684276942,0.9818652849740933,0.19634387332094272,0.3980417783561783,0.04801249516065734,0.144952916103312
dt15,dt15_node_27,9.0,0.00212705958693005,0.023321434969354852,9.0,0.2,0.7777777777777778,0.028286899678360563,0.024584907635527935,45.0,1158.0,0.10408750719631549,0.3830961006918995,0.04333395684276942,0.9818652849740933,0.1817780472194076,0.400277182932243,0.061642269424332416,0.29021936914523067
dt15,dt15_node_28,35.0,0.00522969008463069,0.026473075527302423,4.0,0.08888888888888889,0.0,0.03731403951424525,0.013989118797798248,45.0,1158.0,0.10408750719631549,0.3830961006918995,0.04333395684276942,0.9818652849740933,0.30700545452102773,0.4011121627423871,0.048483841726708186,0.10785949313494224
dt15,dt15_node_29,30.7,0.00438656319613932,0.025629948638811052,4.0,0.08888888888888889,0.0,0.01428891870585385,0.005471171456097551,45.0,1158.0,0.10408750719631549,0.3830961006918995,0.04333395684276942,0.9818652849740933,0.05016302324587903,0.3433176420379277,0.008074690935311818,0.42311390659223397
dt15,dt15_node_30,100.0,0.0531818412187064,0.08326329881052831,2.0,0.044444444444444446,0.0,0.02080415787388025,0.02080415787388025,45.0,1158.0,0.10408750719631549,0.3830961006918995,0.04333395684276942,0.9818652849740933,0.26986183074265974,0.41189433268440406,0.05368537746052349,0.023985239852398525
dt15,dt15_node_31,27.0,0.00370199204283263,0.027023427012187483,8.0,0.17777777777777778,0.75,0.0036376945352975805,0.0033548670588342093,45.0,1158.0,0.10408750719631549,0.3830961006918995,0.04333395684276942,0.9818652849740933,0.19834213544681192,0.402698194435137,0.06497683342530959,0.24273517058874391
dt15,dt15_node_32,96.89999999999999,0.023324920716447,0.04979799624374942,2.0,0.044444444444444446,0.0,0.03558046032269812,0.026020397579031677,45.0,1158.0,0.10408750719631549,0.3830961006918995,0.04333395684276942,0.9818652849740933,0.3078796482475821,0.40834842448388264,0.05380296993842809,0.06786427145708583
dt15,dt15_node_33,100.0,0.0513031583120435,0.07777623383934593,2.0,0.044444444444444446,0.0,0.0320587151260849,0.0058689388820250005,45.0,1158.0,0.10408750719631549,0.3830961006918995,0.04333395684276942,0.9818652849740933,0.3061312607944732,0.39387590100089154,0.041253839518070545,0.06187624750499002
dt15,dt15_node_34,90.8,0.0197600901619514,0.04539003880076245,2.0,0.044444444444444446,0.0,0.07233410922711994,0.008887369157142548,45.0,1158.0,0.10408750719631549,0.3830961006918995,0.04333395684276942,0.9818652849740933,0.05110324856429692,0.3428569007879353,0.001038718969753466,0.6935638808837656
dt15,dt15_node_35,85.39999999999999,0.0088177472497563,0.03444769588856735,2.0,0.044444444444444446,0.0,0.0759881286940511,0.004023503659652303,45.0,1158.0,0.10408750719631549,0.3830961006918995,0.04333395684276942,0.9818652849740933,0.04922279792746114,0.3437783832879201,0.011353315168029066,0.1362397820163488
dt15,dt15_node_36,32.800000000000004,0.00699256159413179,0.03401598860631927,7.0,0.15555555555555556,0.7142857142857143,0.004286419622893715,0.00017608884805877514,45.0,1158.0,0.10408750719631549,0.3830961006918995,0.04333395684276942,0.9818652849740933,0.14562565294587534,0.3875147885075646,0.05459710272847134,0.27743201688191654
dt15,dt15_node_37,56.599999999999994,0.00411033077483494,0.03812631938115421,6.0,0.13333333333333333,0.0,0.02606506617273445,0.0026355768915408487,45.0,1158.0,0.10408750719631549,0.3830961006918995,0.04333395684276942,0.9818652849740933,0.05758402301586265,0.3654516033914514,0.008376272149667552,0.3137430343684315
dt15,dt15_node_38,100.0,0.0287006430642753,0.06682696244542952,3.0,0.06666666666666667,0.3333333333333333,0.03468040044810995,0.01631818132951765,45.0,1158.0,0.10408750719631549,0.3830961006918995,0.04333395684276942,0.9818652849740933,0.04494890990163123,0.3584659069232572,0.004478282126014799,0.1440130100030583
dt15,dt15_node_39,100.0,0.0234294892811936,0.06155580866234781,3.0,0.06666666666666667,0.3333333333333333,0.02587793041170365,0.0012723524138632501,45.0,1158.0,0.10408750719631549,0.3830961006918995,0.04333395684276942,0.9818652849740933,0.07021913613009406,0.37243729985964547,0.004761191989295206,0.4583627839248357
dt15,dt15_node_40,100.0,0.0183622191185923,0.08518918156402182,2.0,0.044444444444444446,0.0,0.019161970534475,0.0037483553767282997,45.0,1158.0,0.10408750719631549,0.3830961006918995,0.04333395684276942,0.9818652849740933,0.04835924006908463,0.3557168784029038,0.0027223230490018013,0.03720508166969147
dt15,dt15_node_41,100.0,0.0246055779978404,0.08616138666018822,2.0,0.044444444444444446,0.0,0.03256261433136385,0.01168359624971675,45.0,1158.0,0.10408750719631549,0.3830961006918995,0.04333395684276942,0.9818652849740933,0.09061008947652636,0.36909305951292937,0.0006720068813504676,0.6578669482576558
dt16,dt16_node_0,38.7,0.00731912506670918,0.00731912506670918,31.0,0.7045454545454546,0.5483870967741935,0.01950510001382453,0.014810335685904369,44.0,2083.0,0.16355344127787722,0.24613284175998765,0.01480868279307274,0.9806856591018831,0.15223160739109443,0.24406701193960167,0.015707577195092203,0.34573243787418934
dt16,dt16_node_1,5.3,0.00383389853972099,0.00383389853972099,12.0,0.2727272727272727,0.3333333333333333,0.0027941726700204538,0.001919553004732386,44.0,2083.0,0.16355344127787722,0.24613284175998765,0.01480868279307274,0.9806856591018831,0.1804688750200032,0.25152294130048686,0.011251514151976364,0.2473534284610688
dt16,dt16_node_2,16.5,0.00469476432792016,0.01201388939462934,24.0,0.5454545454545454,0.8333333333333334,0.0116913066397887,0.0079931741113006,44.0,2083.0,0.16355344127787722,0.24613284175998765,0.01480868279307274,0.9806856591018831,0.1743647705825403,0.24714408174929972,0.016322815982802292,0.366247788296233
dt16,dt16_node_3,99.8,0.0343154356997289,0.04163456076643808,7.0,0.1590909090909091,0.42857142857142855,0.0429486305868506,0.013530354980376701,44.0,2083.0,0.16355344127787722,0.24613284175998765,0.01480868279307274,0.9806856591018831,0.0763464764489943,0.23351705830635133,0.005949699206739395,0.20757364583624152
dt16,dt16_node_4,13.5,0.00471372567475284,0.00854762421447383,4.0,0.09090909090909091,0.0,0.01596140358279345,0.0013391140266059498,44.0,2083.0,0.16355344127787722,0.24613284175998765,0.01480868279307274,0.9806856591018831,0.23919827172347577,0.2596797510405608,0.007723953275061696,0.2703737358551883
dt16,dt16_node_5,11.799999999999999,0.000874619665288068,0.004708518205009058,8.0,0.18181818181818182,0.5,0.07687477735418236,0.004512710232782949,44.0,2083.0,0.16355344127787722,0.24613284175998765,0.01480868279307274,0.9806856591018831,0.15110417666826692,0.24744453643044986,0.010495950177029924,0.20178494581041775
dt16,dt16_node_6,33.4,0.0036981325284881,0.01571202192311744,22.0,0.5,0.45454545454545453,0.01856815811219675,0.00546167313415815,44.0,2083.0,0.16355344127787722,0.24613284175998765,0.01480868279307274,0.9806856591018831,0.1817056607812673,0.24823604240430158,0.016571552043640646,0.3789732804759967
dt16,dt16_node_7,96.89999999999999,0.0196844807510893,0.031698370145718635,2.0,0.045454545454545456,0.0,0.09019650812437721,0.0029324602382847995,44.0,2083.0,0.16355344127787722,0.24613284175998765,0.01480868279307274,0.9806856591018831,0.09361497839654345,0.23513251454427925,0.004363283775048479,0.15859030837004406
dt16,dt16_node_8,100.0,0.0564789855672273,0.09811354633366538,2.0,0.045454545454545456,0.0,0.06653152118676635,0.0004456164897613524,44.0,2083.0,0.16355344127787722,0.24613284175998765,0.01480868279307274,0.9806856591018831,0.10398655139289145,0.22890836613545334,0.0024832196250644395,0.259719222462203
dt16,dt16_node_9,100.0,0.0294182756064739,0.07105283637291199,5.0,0.11363636363636363,0.2,0.032510032880055204,0.0181313600573751,44.0,2083.0,0.16355344127787722,0.24613284175998765,0.01480868279307274,0.9806856591018831,0.06529044647143542,0.2353605351747105,0.005932749164915835,0.14714934344904182
dt16,dt16_node_10,65.2,0.0173005176093994,0.02584814182387323,2.0,0.045454545454545456,0.0,0.179171626913254,0.054293717971469,44.0,2083.0,0.16355344127787722,0.24613284175998765,0.01480868279307274,0.9806856591018831,0.14930388862217955,0.26094396195202646,0.008927832919768397,0.2784565916398714
dt16,dt16_node_11,44.1,0.0146222895561875,0.02316991377066133,2.0,0.045454545454545456,0.0,0.1469078556558105,0.005865027624020497,44.0,2083.0,0.16355344127787722,0.24613284175998765,0.01480868279307274,0.9806856591018831,0.32909265482477196,0.2584155401290951,0.00603458774814275,0.23809523809523808
dt16,dt16_node_12,100.0,0.0813874875869653,0.08609600579197436,2.0,0.045454545454545456,0.0,0.06728348025882935,0.006944787734302949,44.0,2083.0,0.16355344127787722,0.24613284175998765,0.01480868279307274,0.9806856591018831,0.18771003360537686,0.243636491772085,0.001474329609922831,0.12186865267433988
dt16,dt16_node_13,100.0,0.0723620671213994,0.07707058532640847,6.0,0.13636363636363635,0.6666666666666666,0.0776681069137457,0.0343917859897033,44.0,2083.0,0.16355344127787722,0.24613284175998765,0.01480868279307274,0.9806856591018831,0.13890222435589697,0.24871388464990485,0.011820198727168694,0.15403938833266825
dt16,dt16_node_14,98.0,0.0240298312463549,0.03974185316947234,16.0,0.36363636363636365,0.625,0.01390380982936656,0.009741781754669639,44.0,2083.0,0.16355344127787722,0.24613284175998765,0.01480868279307274,0.9806856591018831,0.18329116229235903,0.24537436920741976,0.017672003577043537,0.3834667823407558
dt16,dt16_node_15,75.1,0.0131064849780386,0.02881850690115604,6.0,0.13636363636363635,0.3333333333333333,0.0234414461073665,0.008975435633391201,44.0,2083.0,0.16355344127787722,0.24613284175998765,0.01480868279307274,0.9806856591018831,0.17747765675168933,0.2558671709293197,0.009698217525016786,0.3474274341589302
dt16,dt16_node_16,100.0,0.0506413929374303,0.1216942293103423,2.0,0.045454545454545456,0.0,0.0497332995414836,0.0016709658632593008,44.0,2083.0,0.16355344127787722,0.24613284175998765,0.01480868279307274,0.9806856591018831,0.05208833413346135,0.23321849835763156,0.002878569387565616,0.09243270695784662
dt16,dt16_node_17,100.0,0.0143786728226801,0.08543150919559209,3.0,0.06818181818181818,0.3333333333333333,0.03656463919307278,0.030425649289367713,44.0,2083.0,0.16355344127787722,0.24613284175998765,0.01480868279307274,0.9806856591018831,0.07409185469675149,0.23678855971942983,0.006931109436893489,0.1306883390829602
dt16,dt16_node_18,100.0,0.0432763209240424,0.12034690625045086,5.0,0.11363636363636363,0.2,0.018568759107447298,0.004062184044853199,44.0,2083.0,0.16355344127787722,0.24613284175998765,0.01480868279307274,0.9806856591018831,0.15362457993278927,0.24945820241193511,0.012819378454296055,0.13140697723570458
dt16,dt16_node_19,27.400000000000002,0.00416202807469692,0.04390388124416926,13.0,0.29545454545454547,0.38461538461538464,0.010806154957457702,0.005782392961229001,44.0,2083.0,0.16355344127787722,0.24613284175998765,0.01480868279307274,0.9806856591018831,0.20564747061855096,0.24687756392388774,0.019044223165091346,0.4173290466929315
dt16,dt16_node_20,99.9,0.0236455915840362,0.06338744475350853,3.0,0.06818181818181818,0.3333333333333333,0.0535655246422935,0.028041793236203802,44.0,2083.0,0.16355344127787722,0.24613284175998765,0.01480868279307274,0.9806856591018831,0.08641382621219396,0.2388605254360585,0.006461642997284847,0.17132705685266533
dt16,dt16_node_21,99.9,0.0324168817407577,0.06123538864191374,2.0,0.045454545454545456,0.0,0.09941747471217,0.021243272509157002,44.0,2083.0,0.16355344127787722,0.24613284175998765,0.01480868279307274,0.9806856591018831,0.28372539606337016,0.2688133485037216,0.002673691059716349,0.17189631650750342
dt16,dt16_node_22,81.10000000000001,0.0144660104739753,0.04328451737513134,4.0,0.09090909090909091,0.0,0.017032320473178278,0.015761264809508516,44.0,2083.0,0.16355344127787722,0.24613284175998765,0.01480868279307274,0.9806856591018831,0.12435378709584888,0.2493940821421188,0.0034360133092657184,0.4144910183480846
dt16,dt16_node_23,81.39999999999999,0.00613898990370507,0.09157049909929715,2.0,0.045454545454545456,0.0,0.0725678641300295,0.006254515060781798,44.0,2083.0,0.16355344127787722,0.24613284175998765,0.01480868279307274,0.9806856591018831,0.07705232837253961,0.24158160310310148,0.001772180127982359,0.13022763366860773
dt16,dt16_node_24,98.4,0.0145065750625941,0.13485348131304495,2.0,0.045454545454545456,0.0,0.07905867225597529,0.006894308357095001,44.0,2083.0,0.16355344127787722,0.24613284175998765,0.01480868279307274,0.9806856591018831,0.08185309649543927,0.2594760649002914,0.010121392726827244,0.14141949152542374
dt16,dt16_node_25,99.4,0.0226309431523005,0.14297784940275135,3.0,0.06818181818181818,0.3333333333333333,0.024758229649312,0.007356785490340202,44.0,2083.0,0.16355344127787722,0.24613284175998765,0.01480868279307274,0.9806856591018831,0.20147223555768926,0.24277962741969758,0.009700032798208358,0.09208837232607486
dt16,dt16_node_26,49.4,0.0050237619962287,0.04892764324039796,9.0,0.20454545454545456,0.5555555555555556,0.026410638803561818,0.01798130731545598,44.0,2083.0,0.16355344127787722,0.24613284175998765,0.01480868279307274,0.9806856591018831,0.11842386616632915,0.25026232710906826,0.017009450862235622,0.30354652233228824
dt16,dt16_node_27,88.6,0.0165885479186867,0.060492429162855965,4.0,0.09090909090909091,0.5,0.035923997713780395,0.0220532545793475,44.0,2083.0,0.16355344127787722,0.24613284175998765,0.01480868279307274,0.9806856591018831,0.40190058063604994,0.2392618467572315,0.021070552386935393,0.6094698861717296
dt16,dt16_node_28,100.0,0.0255237314060897,0.08891117615959823,2.0,0.045454545454545456,0.0,0.0943782624876051,0.019775937752110895,44.0,2083.0,0.16355344127787722,0.24613284175998765,0.01480868279307274,0.9806856591018831,0.09217474795967354,0.23945321679965087,0.007846999183070538,0.1650273224043716
dt16,dt16_node_29,100.0,0.0327935852826868,0.07607810265781814,2.0,0.045454545454545456,0.0,0.0754383811506224,0.007746497538054703,44.0,2083.0,0.16355344127787722,0.24613284175998765,0.01480868279307274,0.9806856591018831,0.128660585693711,0.249688555709569,0.0038485127680767534,0.1349206349206349
dt16,dt16_node_30,43.1,0.00127105566366976,0.044555573038801095,2.0,0.045454545454545456,0.0,0.1062822053377031,0.0150442320931619,44.0,2083.0,0.16355344127787722,0.24613284175998765,0.01480868279307274,0.9806856591018831,0.12004698849798676,0.24909960857466862,0.0029373278729142305,0.6512396694214876
dt16,dt16_node_31,96.5,0.0174014441589718,0.16037929356172315,2.0,0.045454545454545456,0.0,0.049299845786831206,0.019215972205827204,44.0,2083.0,0.16355344127787722,0.24613284175998765,0.01480868279307274,0.9806856591018831,0.2412385981757081,0.2381442907741609,0.008756535672120092,0.09195402298850575
dt16,dt16_node_32,84.6,0.00842933148810584,0.0573569747285038,7.0,0.1590909090909091,0.14285714285714285,0.008946921400045979,0.0032304614940999203,44.0,2083.0,0.16355344127787722,0.24613284175998765,0.01480868279307274,0.9806856591018831,0.13785695213086707,0.2499387374859738,0.01844365057092927,0.32043000124587884
dt16,dt16_node_33,100.0,0.0443919461190178,0.09331958935941576,2.0,0.045454545454545456,0.0,0.10832428565508431,0.0111598327931847,44.0,2083.0,0.16355344127787722,0.24613284175998765,0.01480868279307274,0.9806856591018831,0.050408065290446474,0.2513948907898992,0.010474174677367193,0.18522319138019497
dt16,dt16_node_34,57.699999999999996,0.0138707431344329,0.07436317229728887,3.0,0.06818181818181818,0.3333333333333333,0.10224196084870205,0.05154466731559395,44.0,2083.0,0.16355344127787722,0.24613284175998765,0.01480868279307274,0.9806856591018831,0.4101266111187698,0.23388205082034155,0.021821749545590415,0.5374454860793658
dt16,dt16_node_35,78.0,0.00571645990594606,0.06307343463444985,4.0,0.09090909090909091,0.5,0.06482825805738808,0.055444264918300915,44.0,2083.0,0.16355344127787722,0.24613284175998765,0.01480868279307274,0.9806856591018831,0.175239104539147,0.25734781889055186,0.021454265795354543,0.412927941752502
dt16,dt16_node_36,95.1,0.0121773828941459,0.0695343576226497,3.0,0.06818181818181818,0.3333333333333333,0.0491913750474958,0.038503477657130504,44.0,2083.0,0.16355344127787722,0.24613284175998765,0.01480868279307274,0.9806856591018831,0.0880140822531605,0.24005996227986967,0.0030379320625511935,0.17022911771867888
dt16,dt16_node_37,99.8,0.0506972935331081,0.12506046583039696,2.0,0.045454545454545456,0.0,0.13041164196274702,0.0038025877607390096,44.0,2083.0,0.16355344127787722,0.24613284175998765,0.01480868279307274,0.9806856591018831,0.3890737380895806,0.24915787027082784,0.0037724196736508564,0.6786885245901639
dt16,dt16_node_38,60.0,0.00938399313908717,0.07245742777353702,3.0,0.06818181818181818,0.3333333333333333,0.07186549257532604,0.07022042433662296,44.0,2083.0,0.16355344127787722,0.24613284175998765,0.01480868279307274,0.9806856591018831,0.16180064314613105,0.25173915631755345,0.022088133563656905,0.47865210854294676
dt16,dt16_node_39,93.89999999999999,0.0106878973903653,0.080222255013015,2.0,0.045454545454545456,0.0,0.098191881613991,0.016413461810760997,44.0,2083.0,0.16355344127787722,0.24613284175998765,0.01480868279307274,0.9806856591018831,0.09793566970715314,0.24159432260579114,0.0026039896304957677,0.17027176927343315
dt16,dt16_node_40,27.900000000000002,0.00164506823870308,0.0741024960122401,2.0,0.045454545454545456,0.0,0.08557585887790176,0.01158178789865115,44.0,2083.0,0.16355344127787722,0.24613284175998765,0.01480868279307274,0.9806856591018831,0.12388195367742988,0.236550799967514,0.006306342889628849,0.62
dt17,dt17_node_0,65.8,0.0105144556925046,0.0105144556925046,39.0,0.7222222222222222,0.48717948717948717,0.03994424359162155,0.01366463084601075,54.0,1011.0,0.0414697585815291,0.3748561339328951,0.02693164380502082,0.7329376854599406,0.05318420451951608,0.36833595879577036,0.018197881780278615,0.2040114735315647
dt17,dt17_node_1,77.5,0.00872044038450935,0.00872044038450935,13.0,0.24074074074074073,0.23076923076923078,0.01609447991121724,0.01043849220044666,54.0,1011.0,0.0414697585815291,0.3748561339328951,0.02693164380502082,0.7329376854599406,0.0025875328607833123,0.3982934577142227,0.033504579213367386,0.2667675580685417
dt17,dt17_node_2,98.7,0.0459696980196725,0.0459696980196725,2.0,0.037037037037037035,0.0,0.177623047474637,0.025903562651452994,54.0,1011.0,0.0414697585815291,0.3748561339328951,0.02693164380502082,0.7329376854599406,0.06379821958456973,0.3496569445281982,0.02818984636207092,0.27292340884573896
dt17,dt17_node_3,100.0,0.0536088744376323,0.0641233301301369,29.0,0.5370370370370371,0.8620689655172413,0.032441157018561116,0.03140540051881938,54.0,1011.0,0.0414697585815291,0.3748561339328951,0.02693164380502082,0.7329376854599406,0.06582762031447184,0.3658906262754758,0.018615749238789864,0.1645167429037439
dt17,dt17_node_4,99.1,0.0262796127456108,0.0367940684381154,10.0,0.18518518518518517,0.8,0.06912872055941828,0.06136089088569273,54.0,1011.0,0.0414697585815291,0.3748561339328951,0.02693164380502082,0.7329376854599406,0.01651829871414441,0.3754274231046243,0.014796003294809824,0.1810036476945236
dt17,dt17_node_5,57.8,0.00565598771077058,0.01437642809527993,5.0,0.09259259259259259,0.2,0.06703048341136045,0.05518877913192155,54.0,1011.0,0.0414697585815291,0.3748561339328951,0.02693164380502082,0.7329376854599406,0.004747774480712166,0.35920905821534826,0.017112278666570477,0.20516917152396194
dt17,dt17_node_6,98.8,0.0265329721116639,0.035253412496173246,8.0,0.14814814814814814,0.75,0.08189805307889757,0.07515470387657543,54.0,1011.0,0.0414697585815291,0.3748561339328951,0.02693164380502082,0.7329376854599406,0.0012373818483277788,0.42272120740101915,0.009469802681460644,0.2564724213386469
dt17,dt17_node_7,18.6,0.00103575649974173,0.06515908662987863,27.0,0.5,0.037037037037037035,0.009093843988277865,0.007328040496538335,54.0,1011.0,0.0414697585815291,0.3748561339328951,0.02693164380502082,0.7329376854599406,0.06971462065428435,0.36786367405923975,0.017669292245327192,0.1613737323247494
dt17,dt17_node_8,100.0,0.0638465575373805,0.12796988766751738,2.0,0.037037037037037035,0.0,0.03831310298137435,0.00246869063629495,54.0,1011.0,0.0414697585815291,0.3748561339328951,0.02693164380502082,0.7329376854599406,0.013353115727002967,0.3392544811946636,0.0069374080239318625,0.07317073170731707
dt17,dt17_node_9,39.7,0.00776782967372555,0.04456189811184095,9.0,0.16666666666666666,0.1111111111111111,0.026664799170691,0.009303418375650699,54.0,1011.0,0.0414697585815291,0.3748561339328951,0.02693164380502082,0.7329376854599406,0.018353665237938237,0.374169826089433,0.015080810515591677,0.170227795740478
dt17,dt17_node_10,59.199999999999996,0.0118417042794389,0.02621813237471883,3.0,0.05555555555555555,0.3333333333333333,0.08289002678818701,0.07628964294807099,54.0,1011.0,0.0414697585815291,0.3748561339328951,0.02693164380502082,0.7329376854599406,0.004945598417408507,0.3645367994170389,0.020422629782167284,0.23144187814846498
dt17,dt17_node_11,100.0,0.122219262543282,0.13659569063856192,2.0,0.037037037037037035,0.0,0.0001936558377388255,0.0001936558377388255,54.0,1011.0,0.0414697585815291,0.3748561339328951,0.02693164380502082,0.7329376854599406,0.004451038575667656,0.3512174464128124,7.995877680841423e-05,0.0
dt17,dt17_node_12,64.1,0.00674334920232215,0.041996761698495394,7.0,0.12962962962962962,0.7142857142857143,0.10551428473590274,0.044156545454235245,54.0,1011.0,0.0414697585815291,0.3748561339328951,0.02693164380502082,0.7329376854599406,0.0014141506838031756,0.42291495343499264,0.010108802395990539,0.24709935762840204
dt17,dt17_node_13,11.200000000000001,0.00176580349173953,0.06692489012161816,14.0,0.25925925925925924,0.5714285714285714,0.010858497157084606,0.008886475425531596,54.0,1011.0,0.0414697585815291,0.3748561339328951,0.02693164380502082,0.7329376854599406,0.05305920587819697,0.3559997822013687,0.016701528013441064,0.16123009318368028
dt17,dt17_node_14,94.19999999999999,0.0164218844848162,0.08158097111469483,13.0,0.24074074074074073,0.6923076923076923,0.058112814847872896,0.0175374206596775,54.0,1011.0,0.0414697585815291,0.3748561339328951,0.02693164380502082,0.7329376854599406,0.08765122118237846,0.3806401729831009,0.0057625943303896004,0.07776016326059768
dt17,dt17_node_15,100.0,0.0359682175463417,0.08053011565818265,4.0,0.07407407407407407,0.5,0.07998506224550996,0.01102758049202425,54.0,1011.0,0.0414697585815291,0.3748561339328951,0.02693164380502082,0.7329376854599406,0.01063303659742829,0.36195460743329827,0.008730322807324385,0.0972471939916359
dt17,dt17_node_16,85.0,0.0173613807950403,0.06192327890688125,5.0,0.09259259259259259,0.2,0.113191297153005,0.010144715612448,54.0,1011.0,0.0414697585815291,0.3748561339328951,0.02693164380502082,0.7329376854599406,0.024530168150346192,0.38394200101434084,0.011555779384364825,0.11946322648351007
dt17,dt17_node_17,50.3,0.00660038384011602,0.03281851621483485,2.0,0.037037037037037035,0.0,0.1298308478608675,0.010229039134276495,54.0,1011.0,0.0414697585815291,0.3748561339328951,0.02693164380502082,0.7329376854599406,0.002967359050445104,0.3501984126984127,0.002976190476190494,0.21428571428571427
dt17,dt17_node_18,100.0,0.0613577392816675,0.1033545009801629,6.0,0.1111111111111111,0.3333333333333333,0.029069279184573346,0.022617917274587757,54.0,1011.0,0.0414697585815291,0.3748561339328951,0.02693164380502082,0.7329376854599406,0.00033101621979476995,0.42078529213477617,0.00935259319222419,0.23221361048368444
dt17,dt17_node_19,19.1,0.00197202173155301,0.06889691185317118,11.0,0.2037037037037037,0.09090909090909091,0.03125815503348005,0.00505748540295725,54.0,1011.0,0.0414697585815291,0.3748561339328951,0.02693164380502082,0.7329376854599406,0.06564157899469471,0.3600428080921971,0.012634500784647631,0.15236665498230612
dt17,dt17_node_20,94.89999999999999,0.0197449725826162,0.08666986270423437,3.0,0.05555555555555555,0.3333333333333333,0.07613420133686365,0.012532534992977351,54.0,1011.0,0.0414697585815291,0.3748561339328951,0.02693164380502082,0.7329376854599406,0.006923837784371909,0.3411753539349978,0.02089768853849149,0.11088731029383848
dt17,dt17_node_21,100.0,0.0405753941881954,0.12215636530289023,2.0,0.037037037037037035,0.0,0.0718673176766203,0.004342254108257004,54.0,1011.0,0.0414697585815291,0.3748561339328951,0.02693164380502082,0.7329376854599406,0.16963402571711178,0.3727996529196799,0.0060331858538116845,0.1317365269461078
dt17,dt17_node_22,100.0,0.0756502355075504,0.1572312066222452,11.0,0.2037037037037037,0.09090909090909091,0.02099852099170715,0.0018535158797028488,54.0,1011.0,0.0414697585815291,0.3748561339328951,0.02693164380502082,0.7329376854599406,0.07274525672151787,0.38206572208554107,0.004406577201030613,0.034253002658271275
dt17,dt17_node_23,100.0,0.0689574817534857,0.14948759741166834,3.0,0.05555555555555555,0.3333333333333333,0.019843780715396102,0.0006028983264427992,54.0,1011.0,0.0414697585815291,0.3748561339328951,0.02693164380502082,0.7329376854599406,0.009231783712495879,0.3574388072336882,0.004478270795994482,0.03246989121695933
dt17,dt17_node_24,100.0,0.103046581540557,0.16496986044743825,2.0,0.037037037037037035,0.0,0.00289637402168687,0.00289637402168687,54.0,1011.0,0.0414697585815291,0.3748561339328951,0.02693164380502082,0.7329376854599406,0.03560830860534125,0.3701172091024292,0.0037700312536538827,0.004259850905218318
dt17,dt17_node_25,100.0,0.123336012765453,0.18525929167233424,3.0,0.05555555555555555,0.3333333333333333,0.001548700039164325,0.000907027835695475,54.0,1011.0,0.0414697585815291,0.3748561339328951,0.02693164380502082,0.7329376854599406,0.01714474118034949,0.39315852895561526,0.0008506879375558254,0.002728170768371773
dt17,dt17_node_26,100.0,0.0516871964591611,0.155041697439324,2.0,0.037037037037037035,0.0,0.031259428511701146,0.003750858292591048,54.0,1011.0,0.0414697585815291,0.3748561339328951,0.02693164380502082,0.7329376854599406,0.0,0.4198813056379822,0.009396636993076163,0.06033630069238378
dt17,dt17_node_27,61.199999999999996,0.00645136190998559,0.10980586289014849,4.0,0.07407407407407407,0.5,0.047647777794185955,0.03726703596927566,54.0,1011.0,0.0414697585815291,0.3748561339328951,0.02693164380502082,0.7329376854599406,0.0004965243296921549,0.4212372853831732,0.009297591733844,0.2750338318299699
dt17,dt17_node_28,100.0,0.0363156404364373,0.10521255228960848,6.0,0.1111111111111111,0.3333333333333333,0.041829839465360154,0.024306433137060653,54.0,1011.0,0.0414697585815291,0.3748561339328951,0.02693164380502082,0.7329376854599406,0.062149686778766894,0.3699154813431815,0.008242554634500854,0.11218768671799664
dt17,dt17_node_29,98.2,0.0262006696305228,0.09509758148369397,5.0,0.09259259259259259,0.6,0.05371338407018075,0.03020263850245275,54.0,1011.0,0.0414697585815291,0.3748561339328951,0.02693164380502082,0.7329376854599406,0.0698318496538081,0.34819560019101586,0.003512797501713679,0.10056993312603754
dt17,dt17_node_30,100.0,0.0636016663438863,0.15027152904812066,2.0,0.037037037037037035,0.0,0.01611793105801455,0.0008948236603690506,54.0,1011.0,0.0414697585815291,0.3748561339328951,0.02693164380502082,0.7329376854599406,0.0,0.3264094955489614,0.0009891196834816984,0.03165182987141444
dt17,dt17_node_31,100.0,0.02285203687141,0.1800832434936552,5.0,0.09259259259259259,0.6,0.000947166522026775,0.000301315085956445,54.0,1011.0,0.0414697585815291,0.3748561339328951,0.02693164380502082,0.7329376854599406,0.08288822947576657,0.3849069384367517,0.003309776507127476,0.009940956606710103
dt17,dt17_node_32,100.0,0.0191450051120043,0.1763762117342495,6.0,0.1111111111111111,0.3333333333333333,0.001710991722477535,0.00013808319922558503,54.0,1011.0,0.0414697585815291,0.3748561339328951,0.02693164380502082,0.7329376854599406,0.06429277942631058,0.3796980417928655,0.003760009634241301,0.011790372042026879
dt17,dt17_node_33,100.0,0.0192408823889533,0.16872847980062164,2.0,0.037037037037037035,0.0,0.005118244885936745,0.001677732199144055,54.0,1011.0,0.0414697585815291,0.3748561339328951,0.02693164380502082,0.7329376854599406,0.013847675568743818,0.36058946703253025,0.0005499022451909974,0.01017293997965412
dt17,dt17_node_34,90.4,0.0024557278748598,0.18771501954719402,2.0,0.037037037037037035,0.0,0.00064597582492483,0.00064597582492483,54.0,1011.0,0.0414697585815291,0.3748561339328951,0.02693164380502082,0.7329376854599406,0.00791295746785361,0.39281471651034594,0.0008549175153711175,0.0010050251256281408
dt17,dt17_node_35,77.8,0.0103807418249103,0.12018660471505879,3.0,0.05555555555555555,0.3333333333333333,0.067544342027271,0.003762754851095104,54.0,1011.0,0.0414697585815291,0.3748561339328951,0.02693164380502082,0.7329376854599406,0.0006620324395895399,0.41591941381126024,0.0014633012372326194,0.3058840318683536
dt17,dt17_node_36,97.0,0.0175234063282995,0.12273595861790798,4.0,0.07407407407407407,0.0,0.037282476799782346,0.013508148272453448,54.0,1011.0,0.0414697585815291,0.3748561339328951,0.02693164380502082,0.7329376854599406,0.08803165182987141,0.36472792684868627,0.004313828724376011,0.08308956819212403
dt17,dt17_node_37,100.0,0.0661362726024208,0.1713488248920293,2.0,0.037037037037037035,0.0,0.0185785932100928,0.002001365561146001,54.0,1011.0,0.0414697585815291,0.3748561339328951,0.02693164380502082,0.7329376854599406,0.010385756676557865,0.3802905903321717,0.0022663967837846244,0.036290322580645164
dt17,dt17_node_38,99.3,0.023510745567728,0.11860832705142198,4.0,0.07407407407407407,0.0,0.048051626180445256,0.0014132687945415494,54.0,1011.0,0.0414697585815291,0.3748561339328951,0.02693164380502082,0.7329376854599406,0.002472799208704253,0.3487924044303866,0.0036937523413735894,0.07105966898251764
dt17,dt17_node_39,23.1,0.00064585143607033,0.18072909492972553,4.0,0.07407407407407407,0.5,0.004043385566260105,0.003002016781083645,54.0,1011.0,0.0414697585815291,0.3748561339328951,0.02693164380502082,0.7329376854599406,0.009643916913946587,0.38327313421868137,0.0005888077309219728,0.01128564083157442
dt17,dt17_node_40,51.2,0.00157290852325195,0.17794912025750145,2.0,0.037037037037037035,0.0,0.006799123007279165,0.002356920360276105,54.0,1011.0,0.0414697585815291,0.3748561339328951,0.02693164380502082,0.7329376854599406,0.16963402571711178,0.3835193115253173,0.002708233384862313,0.01347305389221557
dt17,dt17_node_41,48.9,0.00184907492170312,0.1782252866559526,4.0,0.07407407407407407,0.5,0.0039681771037334,0.00218014242130144,54.0,1011.0,0.0414697585815291,0.3748561339328951,0.02693164380502082,0.7329376854599406,0.01162215628090999,0.3777874069266396,0.0025666452549632287,0.007396963898156486
dt17,dt17_node_42,100.0,0.0637815871761759,0.1839681918912347,2.0,0.037037037037037035,0.0,0.0035021936424504997,0.00035962223666677015,54.0,1011.0,0.0414697585815291,0.3748561339328951,0.02693164380502082,0.7329376854599406,0.0009930486593843098,0.4156694273439922,0.0017390790852857552,0.3592039800995025
dt17,dt17_node_43,99.9,0.0237743285273289,0.1465102871452369,2.0,0.037037037037037035,0.0,0.03620468973361155,0.0008018266413283501,54.0,1011.0,0.0414697585815291,0.3748561339328951,0.02693164380502082,0.7329376854599406,0.17210682492581603,0.3689774471760857,0.00095331444607058,0.0693815987933635
dt17,dt17_node_44,100.0,0.0507906250722358,0.1735265836901438,2.0,0.037037037037037035,0.0,0.002999958204412945,0.00019608434880187499,54.0,1011.0,0.0414697585815291,0.3748561339328951,0.02693164380502082,0.7329376854599406,0.003956478733926805,0.3604784065212868,0.00043884173394750925,0.005982053838484547
dt17,dt17_node_45,100.0,0.0466383573859037,0.16524668443732568,2.0,0.037037037037037035,0.0,0.009496594441829745,0.0013363970600538556,54.0,1011.0,0.0414697585815291,0.3748561339328951,0.02693164380502082,0.7329376854599406,0.0,0.3486646884272997,0.004451038575667643,0.018793273986152326
dt17,dt17_node_46,100.0,0.0494648949749868,0.1680732220264088,2.0,0.037037037037037035,0.0,0.00200293527956852,0.00015421677738169004,54.0,1011.0,0.0414697585815291,0.3748561339328951,0.02693164380502082,0.7329376854599406,0.004945598417408506,0.34892012043347354,0.002728231214878113,0.003996003996003996
dt17,dt17_node_47,23.1,0.00104136878517646,0.181770463714902,3.0,0.05555555555555555,0.3333333333333333,0.00125943279715599,5.213026913503994e-05,54.0,1011.0,0.0414697585815291,0.3748561339328951,0.02693164380502082,0.7329376854599406,0.012858555885262116,0.38343440645576904,0.0005985185495623936,0.009145826593500054
dt17,dt17_node_48,52.300000000000004,0.00178803468243196,0.18001332133838457,3.0,0.05555555555555555,0.3333333333333333,0.00229174963417352,0.00119914502476325,54.0,1011.0,0.0414697585815291,0.3748561339328951,0.02693164380502082,0.7329376854599406,0.009561490273656445,0.3764926419310548,0.0014414893610200873,0.004371459225450742
dt17,dt17_node_49,30.599999999999998,0.00131156306629103,0.183082026781193,2.0,0.037037037037037035,0.0,0.005660251610422835,0.0030406068650346146,54.0,1011.0,0.0414697585815291,0.3748561339328951,0.02693164380502082,0.7329376854599406,0.019287833827893175,0.3837569509299444,0.0004745859962033139,0.011213047910295617
dt17,dt17_node_50,78.8,0.00109260460941027,0.18110592594779484,2.0,0.037037037037037035,0.0,0.0009974550559541874,0.00038737390252022245,54.0,1011.0,0.0414697585815291,0.3748561339328951,0.02693164380502082,0.7329376854599406,0.0034619188921859545,0.37717576774996947,0.0013102880269229567,0.00199203187250996
dt18,dt18_node_0,99.3,0.0109406347203581,0.0109406347203581,8.0,4.0,0.75,0.00898441588601789,0.00478755039974301,2.0,8.0,0.375,0.5625,0.4375,1.0,,,,
dt18,dt18_node_1,76.9,0.00419686548627488,0.01513750020663298,7.0,3.5,0.7142857142857143,0.02549691823846735,0.008171154921620849,2.0,8.0,0.375,0.5625,0.4375,1.0,,,,
dt18,dt18_node_2,100.0,0.0173257633168465,0.03246326352347948,6.0,3.0,0.6666666666666666,0.008974060256692295,0.007430575308133305,2.0,8.0,0.375,0.5625,0.4375,1.0,,,,
dt18,dt18_node_3,47.0,0.00154348494855899,0.034006748472038474,5.0,2.5,0.2,0.003029646127596715,0.0013124391120872348,2.0,8.0,0.375,0.5625,0.4375,1.0,,,,
dt18,dt18_node_4,71.7,0.00434208523968395,0.03834883371172242,3.0,1.5,0.3333333333333333,0.01164999291559084,0.00676452374994076,2.0,8.0,0.375,0.5625,0.4375,1.0,,,,
dt18,dt18_node_5,54.6,0.00171720701550948,0.035723955487547955,2.0,1.0,0.0,0.01524208815424575,0.0019061491932633508,2.0,8.0,0.375,0.5625,0.4375,1.0,,,,
dt18,dt18_node_6,86.2,0.00488546916565008,0.0432343028773725,2.0,1.0,0.0,0.0152602462640864,0.0021462414374039005,2.0,8.0,0.375,0.5625,0.4375,1.0,,,,
dt19,dt19_node_0,34.4,0.0118695082978766,0.0118695082978766,11.0,5.5,0.2727272727272727,0.014385689639742275,0.009329618507586625,2.0,16.0,0.25,0.3125,0.1875,0.75,,,,
dt19,dt19_node_1,23.5,0.00505607113215565,0.01692557943003225,7.0,3.5,0.14285714285714285,0.029377376459354402,0.0178853862480615,2.0,16.0,0.25,0.3125,0.1875,0.75,,,,
dt19,dt19_node_2,72.6,0.0237153081473289,0.0355848164452055,4.0,2.0,0.5,0.0,0.0,2.0,16.0,0.25,0.3125,0.1875,0.75,,,,
dt19,dt19_node_3,47.699999999999996,0.0114919902112929,0.02841756964132515,4.0,2.0,0.5,0.05442468429469975,0.031046849305951654,2.0,16.0,0.25,0.3125,0.1875,0.75,,,,
dt19,dt19_node_4,99.5,0.0472627627074159,0.06418834213744815,3.0,1.5,0.3333333333333333,0.000932664407009875,0.000932664407009875,2.0,16.0,0.25,0.3125,0.1875,0.75,,,,
dt19,dt19_node_5,11.0,0.0,0.0355848164452055,3.0,1.5,0.3333333333333333,0.0,0.0,2.0,16.0,0.25,0.3125,0.1875,0.75,,,,
dt19,dt19_node_6,91.2,0.0233778349887481,0.05179540463007325,3.0,1.5,0.3333333333333333,0.0351103494018465,0.0008494299944356021,2.0,16.0,0.25,0.3125,0.1875,0.75,,,,
dt19,dt19_node_7,60.9,0.00186532881401975,0.0660536709514679,2.0,1.0,0.0,0.00245089761167985,0.00059361271000843,2.0,16.0,0.25,0.3125,0.1875,0.75,,,,
dt19,dt19_node_8,11.0,0.0,0.0355848164452055,2.0,1.0,0.0,0.0,0.0,2.0,16.0,0.25,0.3125,0.1875,0.75,,,,
dt19,dt19_node_9,100.0,0.0342609194074109,0.08605632403748414,2.0,1.0,0.0,0.00189155974233324,0.00189155974233324,2.0,16.0,0.25,0.3125,0.1875,0.75,,,,
dt2,dt2_node_0,47.599999999999994,0.00389158218484425,0.00389158218484425,38.0,0.8085106382978723,0.5789473684210527,0.009693064571023246,0.006466626023161055,47.0,1542.0,0.00033115324116234784,0.39848297244503966,0.014163661735897186,0.7334630350194552,0.00035838623796846203,0.3960041597900605,0.011133746949080496,0.19081191384466242
dt2,dt2_node_1,100.0,0.0377888323436612,0.0377888323436612,4.0,0.0851063829787234,0.5,0.04282425282883972,0.03974503220372069,47.0,1542.0,0.00033115324116234784,0.39848297244503966,0.014163661735897186,0.7334630350194552,0.0,0.38933125776968647,0.005852614328085619,0.18522161088764713
dt2,dt2_node_2,99.7,0.0169496204931173,0.0169496204931173,5.0,0.10638297872340426,0.2,0.07806842629413216,0.009194964392824752,47.0,1542.0,0.00033115324116234784,0.39848297244503966,0.014163661735897186,0.7334630350194552,0.0,0.4246433203631647,0.010870208477176126,0.13450064850843063
dt2,dt2_node_3,61.199999999999996,0.00322643854786219,0.00711802073270644,30.0,0.6382978723404256,0.3333333333333333,0.026790340412244,0.0090985090502579,47.0,1542.0,0.00033115324116234784,0.39848297244503966,0.014163661735897186,0.7334630350194552,0.00045395590142671856,0.399940764095512,0.008377851897351872,0.17990985611313118
dt2,dt2_node_4,98.1,0.0161596905941843,0.02005127277902855,8.0,0.1702127659574468,0.5,0.05425068389726335,0.04813209405287765,47.0,1542.0,0.00033115324116234784,0.39848297244503966,0.014163661735897186,0.7334630350194552,0.0,0.38124189364461736,0.0070404058179648265,0.15747174356123775
dt2,dt2_node_5,30.9,0.00307922062511903,0.040868052968780225,3.0,0.06382978723404255,0.3333333333333333,0.03859021972848658,0.03650315794190862,47.0,1542.0,0.00033115324116234784,0.39848297244503966,0.014163661735897186,0.7334630350194552,0.0,0.39070367443221493,0.006175490478394518,0.19659484677778424
dt2,dt2_node_6,100.0,0.0872633906869569,0.1042130111800742,2.0,0.0425531914893617,0.0,0.012219619532918224,0.002509960667363375,47.0,1542.0,0.00033115324116234784,0.39848297244503966,0.014163661735897186,0.7334630350194552,0.0,0.41277561608300906,0.0003242542153047978,0.023994811932555125
dt2,dt2_node_7,100.0,0.0688734619013074,0.0858230823944247,3.0,0.06382978723404255,0.3333333333333333,0.026192218248043714,0.019896498690820087,47.0,1542.0,0.00033115324116234784,0.39848297244503966,0.014163661735897186,0.7334630350194552,0.0,0.43255512321660183,0.0063540589955465064,0.07911802853437096
dt2,dt2_node_8,100.0,0.0358888494625019,0.04300687019520834,20.0,0.425531914893617,0.8,0.01537535341467214,0.01281923527370576,47.0,1542.0,0.00033115324116234784,0.39848297244503966,0.014163661735897186,0.7334630350194552,0.0006809338521400778,0.4010136104753042,0.009224032716084511,0.1586411222390093
dt2,dt2_node_9,99.7,0.0176918313619861,0.02480985209469254,10.0,0.2127659574468085,0.8,0.0559576118791207,0.0401085617094943,47.0,1542.0,0.00033115324116234784,0.39848297244503966,0.014163661735897186,0.7334630350194552,0.0,0.3977950713359274,0.005787370043404181,0.1109669981265312
dt2,dt2_node_10,100.0,0.102382777950141,0.12243405072916955,2.0,0.0425531914893617,0.0,0.00129975845694952,0.00021960088547641,47.0,1542.0,0.00033115324116234784,0.39848297244503966,0.014163661735897186,0.7334630350194552,0.0,0.3780804150453956,0.0006485084306095956,0.0025940337224383916
dt2,dt2_node_11,52.300000000000004,0.0061185898443857,0.02616986262341425,6.0,0.1276595744680851,0.6666666666666666,0.049269772775578806,0.0473585766207007,47.0,1542.0,0.00033115324116234784,0.39848297244503966,0.014163661735897186,0.7334630350194552,0.0,0.38229571984435795,0.007842663179278743,0.15270211846087334
dt2,dt2_node_12,26.900000000000002,0.00208706178657795,0.042955114755358174,2.0,0.0425531914893617,0.0,0.0791418931221467,0.0022121525379496937,47.0,1542.0,0.00033115324116234784,0.39848297244503966,0.014163661735897186,0.7334630350194552,0.0,0.3884565499351491,0.006485084306095984,0.14202334630350194
dt2,dt2_node_13,78.8,0.00629571955722363,0.09211880195164833,2.0,0.0425531914893617,0.0,0.0370312940231267,0.0001910061888776987,47.0,1542.0,0.00033115324116234784,0.39848297244503966,0.014163661735897186,0.7334630350194552,0.0,0.42866407263294426,0.003891050583657602,0.07003891050583658
dt2,dt2_node_14,57.49999999999999,0.00255611814096638,0.04556298833617472,18.0,0.3829787234042553,0.1111111111111111,0.01064864916007289,0.00501205640498221,47.0,1542.0,0.00033115324116234784,0.39848297244503966,0.014163661735897186,0.7334630350194552,0.0007565931690445309,0.39902218428658237,0.007147976665246958,0.15719092651746544
dt2,dt2_node_15,100.0,0.0281945886883779,0.07120145888358624,2.0,0.0425531914893617,0.0,0.05105598002268075,0.000581438307928752,47.0,1542.0,0.00033115324116234784,0.39848297244503966,0.014163661735897186,0.7334630350194552,0.0,0.4189364461738002,0.005836575875486388,0.0959792477302205
dt2,dt2_node_16,98.9,0.0158490501696264,0.04065890226431894,9.0,0.19148936170212766,0.7777777777777778,0.04613554656500788,0.04030880717958961,47.0,1542.0,0.00033115324116234784,0.39848297244503966,0.014163661735897186,0.7334630350194552,0.0,0.3985444588557429,0.005621330123891655,0.09576307825335062
dt2,dt2_node_17,38.4,0.00191119615487811,0.02808105877829236,5.0,0.10638297872340426,0.2,0.041918226137897224,0.03282359170359378,47.0,1542.0,0.00033115324116234784,0.39848297244503966,0.014163661735897186,0.7334630350194552,0.0,0.3815823605706874,0.008411631837660674,0.14455252918287936
dt2,dt2_node_18,99.9,0.0156607055650551,0.06122369390122982,10.0,0.2127659574468085,0.6,0.0286241651899009,0.0165412620911623,47.0,1542.0,0.00033115324116234784,0.39848297244503966,0.014163661735897186,0.7334630350194552,0.0013618677042801556,0.4006653532463281,0.00584186153835942,0.14594583023577257
dt2,dt2_node_19,75.4,0.00563659275509068,0.0511995810912654,8.0,0.1702127659574468,0.25,0.03007232531609474,0.02131728147971566,47.0,1542.0,0.00033115324116234784,0.39848297244503966,0.014163661735897186,0.7334630350194552,0.0,0.39696822308690016,0.008044102729715414,0.09729942560681859
dt2,dt2_node_20,76.8,0.00582673938541827,0.04648564164973721,8.0,0.1702127659574468,0.5,0.0335165587333509,0.0198165216667169,47.0,1542.0,0.00033115324116234784,0.39848297244503966,0.014163661735897186,0.7334630350194552,0.0,0.39931906614785995,0.005490821732125845,0.08090142671854735
dt2,dt2_node_21,100.0,0.074741817841491,0.10282287661978337,2.0,0.0425531914893617,0.0,0.01968571837569305,0.0008968546479609495,47.0,1542.0,0.00033115324116234784,0.39848297244503966,0.014163661735897186,0.7334630350194552,0.0,0.3738651102464332,0.0009727626459143934,0.03826199740596628
dt2,dt2_node_22,81.8,0.00909463443430345,0.03717569321259581,3.0,0.06382978723404255,0.3333333333333333,0.0670184512806764,0.019390123419803704,47.0,1542.0,0.00033115324116234784,0.39848297244503966,0.014163661735897186,0.7334630350194552,0.0,0.3867271941201902,0.007149950457648604,0.13251188932122784
dt2,dt2_node_23,100.0,0.0451654272810632,0.10638912118229302,8.0,0.1702127659574468,0.25,0.00853270276270208,0.0018702409408608203,47.0,1542.0,0.00033115324116234784,0.39848297244503966,0.014163661735897186,0.7334630350194552,0.0017023346303501946,0.40328077880649216,0.002703294029363036,0.019967993860002007
dt2,dt2_node_24,98.1,0.0120829030987386,0.07330659699996842,2.0,0.0425531914893617,0.0,0.044307227039695,0.0031818416297647,47.0,1542.0,0.00033115324116234784,0.39848297244503966,0.014163661735897186,0.7334630350194552,0.0,0.390203651005672,0.0021439495131347075,0.5658663205710578
dt2,dt2_node_25,91.60000000000001,0.00875504383637908,0.05995462492764448,3.0,0.06382978723404255,0.3333333333333333,0.05563324884224125,0.013292771267117552,47.0,1542.0,0.00033115324116234784,0.39848297244503966,0.014163661735897186,0.7334630350194552,0.0,0.3908344141807177,0.009357916481588131,0.09727626459143969
dt2,dt2_node_26,100.0,0.0513896067958104,0.1025891878870758,5.0,0.10638297872340426,0.6,0.016716457320481732,0.010169215999089471,47.0,1542.0,0.00033115324116234784,0.39848297244503966,0.014163661735897186,0.7334630350194552,0.0,0.4006485084306096,0.003856308365063171,0.036770428015564204
dt2,dt2_node_27,98.4,0.013700037066634,0.06018567871637121,2.0,0.0425531914893617,0.0,0.06531163946787275,0.0003481434316682519,47.0,1542.0,0.00033115324116234784,0.39848297244503966,0.014163661735897186,0.7334630350194552,0.0,0.39169909208819714,0.004539559014267169,0.11932555123216602
dt2,dt2_node_28,100.0,0.0533330804000678,0.09981872204980502,6.0,0.1276595744680851,0.6666666666666666,0.01569655574461784,0.01019823618650846,47.0,1542.0,0.00033115324116234784,0.39848297244503966,0.014163661735897186,0.7334630350194552,0.0,0.4018590575010808,0.0027428831691417087,0.030912235192390836
dt2,dt2_node_29,100.0,0.0476283278608727,0.08480402107346852,2.0,0.0425531914893617,0.0,0.04405038613692055,0.0013618830904795487,47.0,1542.0,0.00033115324116234784,0.39848297244503966,0.014163661735897186,0.7334630350194552,0.0,0.39105058365758755,0.004539559014267169,0.08300907911802853
dt2,dt2_node_30,99.1,0.00666246182184126,0.11305158300413427,5.0,0.10638297872340426,0.2,0.0057236859100085104,0.0006023238968676501,47.0,1542.0,0.00033115324116234784,0.39848297244503966,0.014163661735897186,0.7334630350194552,0.0,0.40155642023346305,0.0008603436550857038,0.009208819714656289
dt2,dt2_node_31,100.0,0.0104029437035629,0.11679206488585592,3.0,0.06382978723404255,0.3333333333333333,0.001167571846289182,0.000379243101433408,47.0,1542.0,0.00033115324116234784,0.39848297244503966,0.014163661735897186,0.7334630350194552,0.004539559014267186,0.40615470976154056,0.0022446924811085566,0.009136207309221836
dt2,dt2_node_32,100.0,0.0423404775751237,0.10229510250276819,2.0,0.0425531914893617,0.0,0.023826968037651802,0.0005687213857315989,47.0,1542.0,0.00033115324116234784,0.39848297244503966,0.014163661735897186,0.7334630350194552,0.0,0.3842412451361868,0.0009727626459143934,0.046044098573281456
dt2,dt2_node_33,97.0,0.00654724132139226,0.10913642920846806,4.0,0.0851063829787234,0.0,0.008543437585822194,0.0001678879854630352,47.0,1542.0,0.00033115324116234784,0.39848297244503966,0.014163661735897186,0.7334630350194552,0.0,0.39964332036316474,0.003679249584276991,0.028534370946822308
dt2,dt2_node_34,79.0,0.00549831955810938,0.1053170416079144,5.0,0.10638297872340426,0.6,0.01604446644973695,0.00234820163147155,47.0,1542.0,0.00033115324116234784,0.39848297244503966,0.014163661735897186,0.7334630350194552,0.0,0.4010376134889754,0.0022314721834092513,0.022568093385214004
dt2,dt2_node_35,100.0,0.00512136201314086,0.11817294501727513,3.0,0.06382978723404255,0.3333333333333333,0.0006500394752562315,0.00023853268303050053,47.0,1542.0,0.00033115324116234784,0.39848297244503966,0.014163661735897186,0.7334630350194552,0.0,0.4020752269779508,0.0005295049162955403,0.0030263726761781237
dt2,dt2_node_36,100.0,0.00632600980687616,0.11937759281101043,2.0,0.0425531914893617,0.0,0.000648828539888394,0.00024932595413606996,47.0,1542.0,0.00033115324116234784,0.39848297244503966,0.014163661735897186,0.7334630350194552,0.0,0.40077821011673154,0.0006485084306095956,0.0012970168612191958
dt2,dt2_node_37,45.9,0.000788328744855774,0.1175803936307117,2.0,0.0425531914893617,0.0,0.0019512388279556152,0.0006333125230297451,47.0,1542.0,0.00033115324116234784,0.39848297244503966,0.014163661735897186,0.7334630350194552,0.0,0.4077199015916863,0.0004566071688588136,0.015574302401038288
dt2,dt2_node_38,99.5,0.00837554960035916,0.11751197880882722,2.0,0.0425531914893617,0.0,0.01020678072653814,0.0011963831630873592,47.0,1542.0,0.00033115324116234784,0.39848297244503966,0.014163661735897186,0.7334630350194552,0.0,0.39721141374837876,0.002918287937743208,0.020103761348897537
dt2,dt2_node_39,99.9,0.00871132557128523,0.11784775477975329,2.0,0.0425531914893617,0.0,0.00753605813860298,0.0009145285786825003,47.0,1542.0,0.00033115324116234784,0.39848297244503966,0.014163661735897186,0.7334630350194552,0.0,0.40207522697795073,0.0025940337224383825,0.014915693904020753
dt2,dt2_node_40,100.0,0.0136962648182654,0.1190133064261798,4.0,0.0851063829787234,0.0,0.00458433936933626,0.0031563111916634,47.0,1542.0,0.00033115324116234784,0.39848297244503966,0.014163661735897186,0.7334630350194552,0.0,0.40191309987029833,0.0015465940360196858,0.011889321227842628
dt2,dt2_node_41,55.00000000000001,0.000411506792225731,0.11858445180950086,2.0,0.0425531914893617,0.0,0.001627485174508835,0.001627485174508835,47.0,1542.0,0.00033115324116234784,0.39848297244503966,0.014163661735897186,0.7334630350194552,0.0,0.40207522697795073,0.0006485084306095956,0.00324254215304799
dt2,dt2_node_42,56.49999999999999,0.00142802817767286,0.12044133460385266,2.0,0.0425531914893617,0.0,0.0042359017154642645,0.0002527759481125249,47.0,1542.0,0.00033115324116234784,0.39848297244503966,0.014163661735897186,0.7334630350194552,0.0,0.40045395590142674,0.0003242542153047978,0.008430609597924773
dt2,dt2_node_43,100.0,0.00774065056099966,0.12675395698717945,2.0,0.0425531914893617,0.0,0.0016241779764476398,0.00022063716426474003,47.0,1542.0,0.00033115324116234784,0.39848297244503966,0.014163661735897186,0.7334630350194552,0.0,0.4033722438391699,0.0006485084306095956,0.00324254215304799
dt20,dt20_node_0,6.1,0.00473458642268391,0.00473458642268391,13.0,6.5,0.38461538461538464,0.004098520201532,3.0753752182789695e-05,2.0,10.0,0.1,0.1625,0.037500000000000006,0.625,,,,
dt20,dt20_node_1,5.1,0.00638627786512996,0.00638627786512996,8.0,4.0,0.75,0.053601906381778246,0.05040783840818875,2.0,10.0,0.1,0.1625,0.037500000000000006,0.625,,,,
dt20,dt20_node_2,4.9,0.00405143863453492,0.00405143863453492,6.0,3.0,0.0,0.015251346341119965,0.008536612978432737,2.0,10.0,0.1,0.1625,0.037500000000000006,0.625,,,,
dt20,dt20_node_3,5.0,0.00412927395371479,0.0088638603763987,9.0,4.5,0.3333333333333333,0.0085883971645805,0.00120372647151013,2.0,10.0,0.1,0.1625,0.037500000000000006,0.625,,,,
dt20,dt20_node_4,19.3,0.00406776644934921,0.00880235287203312,4.0,2.0,0.5,0.06632093384363595,0.05023901671877505,2.0,10.0,0.1,0.1625,0.037500000000000006,0.625,,,,
dt20,dt20_node_5,7.9,0.00319406797358949,0.00958034583871945,7.0,3.5,0.42857142857142855,0.010478079646783149,0.0002647687320799499,2.0,10.0,0.1,0.1625,0.037500000000000006,0.625,,,,
dt20,dt20_node_6,75.0,0.0237879593195527,0.027839397954087623,3.0,1.5,0.3333333333333333,0.067438242310404,0.051434769110369,2.0,10.0,0.1,0.1625,0.037500000000000006,0.625,,,,
dt20,dt20_node_7,17.299999999999997,0.00671473336268723,0.01076617199722215,3.0,1.5,0.3333333333333333,0.0629487442264506,0.0482626512907874,2.0,10.0,0.1,0.1625,0.037500000000000006,0.625,,,,
dt20,dt20_node_8,45.300000000000004,0.00979212363609063,0.01865598401248933,6.0,3.0,0.3333333333333333,0.0354390460967077,0.015653503716483,2.0,10.0,0.1,0.1625,0.037500000000000006,0.625,,,,
dt20,dt20_node_9,11.1,0.00738467069307037,0.01624853106946907,3.0,1.5,0.3333333333333333,0.05666825436161831,0.04683300266320869,2.0,10.0,0.1,0.1625,0.037500000000000006,0.625,,,,
dt20,dt20_node_10,68.89999999999999,0.0160819171248609,0.02488426999689402,3.0,1.5,0.3333333333333333,0.08082956271823474,0.016589296798124646,2.0,10.0,0.1,0.1625,0.037500000000000006,0.625,,,,
dt20,dt20_node_11,28.499999999999996,0.0102133109147032,0.01979365675342265,2.0,1.0,0.0,0.1295857898814115,0.0017362337185125032,2.0,10.0,0.1,0.1625,0.037500000000000006,0.625,,,,
dt20,dt20_node_12,56.8,0.0107428483788631,0.020323194217582552,5.0,2.5,0.2,0.01166913374716948,0.00220239460267912,2.0,10.0,0.1,0.1625,0.037500000000000006,0.625,,,,
dt20,dt20_node_13,82.0,0.016003473200035,0.04384287115412262,2.0,1.0,0.0,0.08296872624986704,0.0014970558396786501,2.0,10.0,0.1,0.1625,0.037500000000000006,0.625,,,,
dt20,dt20_node_14,60.699999999999996,0.0146860929356632,0.025452264932885348,2.0,1.0,0.0,0.121773158285083,0.012660910422370004,2.0,10.0,0.1,0.1625,0.037500000000000006,0.625,,,,
dt20,dt20_node_15,100.0,0.0510925498131907,0.06974853382568003,4.0,2.0,0.5,0.0453454007278587,0.0167395339747007,2.0,10.0,0.1,0.1625,0.037500000000000006,0.625,,,,
dt20,dt20_node_16,83.39999999999999,0.0197855423802247,0.03844152639271403,2.0,1.0,0.0,0.1118500624248205,0.003087875560449496,2.0,10.0,0.1,0.1625,0.037500000000000006,0.625,,,,
dt20,dt20_node_17,30.4,0.00983525169840963,0.026083782767878698,2.0,1.0,0.0,0.10821776142318659,0.009997081067992401,2.0,10.0,0.1,0.1625,0.037500000000000006,0.625,,,,
dt20,dt20_node_18,100.0,0.0974188595163594,0.12230312951325342,2.0,1.0,0.0,0.000852700421327042,0.000179178073159838,2.0,10.0,0.1,0.1625,0.037500000000000006,0.625,,,,
dt20,dt20_node_19,59.599999999999994,0.00946673914449036,0.02978993336207291,2.0,1.0,0.0,0.0861887915104065,0.0014486533875543023,2.0,10.0,0.1,0.1625,0.037500000000000006,0.625,,,,
dt20,dt20_node_20,76.1,0.0138715283498486,0.034194722567431154,3.0,1.5,0.3333333333333333,0.050790290592340956,0.027608009663779954,2.0,10.0,0.1,0.1625,0.037500000000000006,0.625,,,,
dt20,dt20_node_21,100.0,0.028605866753158,0.09835440057883803,3.0,1.5,0.3333333333333333,0.023563109602003647,0.00532842186589815,2.0,10.0,0.1,0.1625,0.037500000000000006,0.625,,,,
dt20,dt20_node_22,98.3,0.023182280928561,0.05737700349599215,2.0,1.0,0.0,0.05509861814516295,0.0005431054086187485,2.0,10.0,0.1,0.1625,0.037500000000000006,0.625,,,,
dt20,dt20_node_23,99.6,0.0182346877361055,0.11658908831494352,2.0,1.0,0.0,0.011252461770461995,0.0013115029659272054,2.0,10.0,0.1,0.1625,0.037500000000000006,0.625,,,,
dt21,dt21_node_0,70.8,0.00464786328734166,0.00464786328734166,9.0,4.5,0.3333333333333333,0.004813921585377825,0.00028536242513504517,2.0,8.0,0.25,0.1875,0.0625,1.0,,,,
dt21,dt21_node_1,86.2,0.00381148379644119,0.00381148379644119,8.0,4.0,0.25,0.00588005368852045,0.00212402242786852,2.0,8.0,0.25,0.1875,0.0625,1.0,,,,
dt21,dt21_node_2,68.30000000000001,0.00452855916024278,0.00917642244758444,6.0,3.0,0.6666666666666666,0.0012170788254417626,0.0008985906696478275,2.0,8.0,0.25,0.1875,0.0625,1.0,,,,
dt21,dt21_node_3,87.2,0.00509928401051287,0.00974714729785453,3.0,1.5,0.3333333333333333,0.003846532500729495,0.001177560186138995,2.0,8.0,0.25,0.1875,0.0625,1.0,,,,
dt21,dt21_node_4,89.3,0.00800407611638897,0.01181555991283016,3.0,1.5,0.3333333333333333,0.003842085378144205,0.0008435206007267452,2.0,8.0,0.25,0.1875,0.0625,1.0,,,,
dt21,dt21_node_5,80.9,0.00375603126065193,0.0075675150570931205,5.0,2.5,0.6,0.00514431604979,0.00048539502022357977,2.0,8.0,0.25,0.1875,0.0625,1.0,,,,
dt21,dt21_node_6,30.099999999999998,0.000318488155793935,0.009494910603378376,5.0,2.5,0.6,0.001253336279250785,0.001065820546558945,2.0,8.0,0.25,0.1875,0.0625,1.0,,,,
dt21,dt21_node_7,88.1,0.00502409268686849,0.01477123998472302,2.0,1.0,0.0,0.0012719086925644064,0.0011317537214931635,2.0,8.0,0.25,0.1875,0.0625,1.0,,,,
dt21,dt21_node_8,60.4,0.00299856477741746,0.014814124690247621,2.0,1.0,0.0,0.001271908692564406,0.001166611763320154,2.0,8.0,0.25,0.1875,0.0625,1.0,,,,
dt21,dt21_node_9,86.2,0.00465892102956642,0.012226436086659541,4.0,2.0,0.5,0.0012748954765470335,0.0008121658779719964,2.0,8.0,0.25,0.1875,0.0625,1.0,,,,
dt21,dt21_node_10,26.5,0.00018751573269184,0.009682426336070216,4.0,2.0,0.5,0.0025977637099217077,0.0024580905249314915,2.0,8.0,0.25,0.1875,0.0625,1.0,,,,
dt21,dt21_node_11,84.5,0.000462729598575037,0.012689165685234578,3.0,1.5,0.3333333333333333,2.432873418938115e-05,2.432873418938115e-05,2.0,8.0,0.25,0.1875,0.0625,1.0,,,,
dt21,dt21_node_12,39.0,0.000139673184990216,0.009822099521060432,3.0,1.5,0.3333333333333333,0.001292974369258345,0.001292974369258345,2.0,8.0,0.25,0.1875,0.0625,1.0,,,,
dt21,dt21_node_13,39.300000000000004,4.86574683787623e-05,0.01273782315361334,2.0,1.0,0.0,0.0025516769284145,0.0,2.0,8.0,0.25,0.1875,0.0625,1.0,,,,
dt21,dt21_node_14,78.60000000000001,0.00258594873851669,0.012408048259577122,2.0,1.0,0.0,0.00129128465603769,0.00129128465603769,2.0,8.0,0.25,0.1875,0.0625,1.0,,,,
dt22,dt22_node_0,22.8,0.00229595613416251,0.00229595613416251,43.0,21.5,0.9069767441860465,0.033431313174681676,0.024061339789317515,2.0,8.0,0.3125,0.22916666666666666,0.10416666666666666,0.6666666666666666,,,,
dt22,dt22_node_1,44.6,0.00553572953615061,0.00553572953615061,2.0,1.0,0.0,0.09471706463976895,0.007466945730099053,2.0,8.0,0.3125,0.22916666666666666,0.10416666666666666,0.6666666666666666,,,,
dt22,dt22_node_2,100.0,0.0574926529639992,0.05978860909816171,41.0,20.5,0.9024390243902439,0.01571869720839095,0.00369623561904555,2.0,8.0,0.3125,0.22916666666666666,0.10416666666666666,0.6666666666666666,,,,
dt22,dt22_node_3,56.2,0.00936997338536416,0.01166592951952667,2.0,1.0,0.0,0.05240536827318715,0.007927881444610149,2.0,8.0,0.3125,0.22916666666666666,0.10416666666666666,0.6666666666666666,,,,
dt22,dt22_node_4,93.30000000000001,0.0120224615893454,0.07181107068750711,39.0,19.5,0.5384615384615384,0.002850500029555935,0.001382001761416425,2.0,8.0,0.3125,0.22916666666666666,0.10416666666666666,0.6666666666666666,,,,
dt22,dt22_node_5,100.0,0.0194149328274365,0.07920354192559821,2.0,1.0,0.0,0.000845607112064886,9.333116076654026e-06,2.0,8.0,0.3125,0.22916666666666666,0.10416666666666666,0.6666666666666666,,,,
dt22,dt22_node_6,51.1,0.00423250179097236,0.07604357247847947,30.0,15.0,0.9333333333333333,0.01083429063285646,0.00901012069678484,2.0,8.0,0.3125,0.22916666666666666,0.10416666666666666,0.6666666666666666,,,,
dt22,dt22_node_7,70.89999999999999,0.00146849826813951,0.07327956895564662,9.0,4.5,0.7777777777777778,0.0055468744146641245,0.002087887398174885,2.0,8.0,0.3125,0.22916666666666666,0.10416666666666666,0.6666666666666666,,,,
dt22,dt22_node_8,43.6,0.00182416993607162,0.07786774241455109,29.0,14.5,0.9310344827586207,0.005647408345568785,0.0026398780700293153,2.0,8.0,0.3125,0.22916666666666666,0.10416666666666666,0.6666666666666666,,,,
dt22,dt22_node_9,100.0,0.00763476181283901,0.08091433076848563,8.0,4.0,0.75,0.000423551158668968,0.00030595301285740197,2.0,8.0,0.3125,0.22916666666666666,0.10416666666666666,0.6666666666666666,,,,
dt22,dt22_node_10,78.4,0.00300753027553947,0.08087527269009057,28.0,14.0,0.8571428571428571,0.003918675868156775,0.0001441954235774851,2.0,8.0,0.3125,0.22916666666666666,0.10416666666666666,0.6666666666666666,,,,
dt22,dt22_node_11,64.9,0.00072950417152637,0.081643834940012,7.0,3.5,0.7142857142857143,0.00042994556171257765,0.0003390455950100183,2.0,8.0,0.3125,0.22916666666666666,0.10416666666666666,0.6666666666666666,,,,
dt22,dt22_node_12,93.60000000000001,0.00406287129173426,0.08493814398182482,26.0,13.0,0.6923076923076923,0.0002942133150808615,1.876233748878851e-05,2.0,8.0,0.3125,0.22916666666666666,0.10416666666666666,0.6666666666666666,,,,
dt22,dt22_node_13,92.80000000000001,0.00377448044457929,0.08464975313466985,2.0,1.0,0.0,0.004706324610425295,0.001539215564584165,2.0,8.0,0.3125,0.22916666666666666,0.10416666666666666,0.6666666666666666,,,,
dt22,dt22_node_14,31.8,9.08999667025593e-05,0.08173473490671455,6.0,3.0,0.6666666666666666,0.0012750223841262293,0.0012662809414524607,2.0,8.0,0.3125,0.22916666666666666,0.10416666666666666,0.6666666666666666,,,,
dt22,dt22_node_15,21.0,0.00031297565256965,0.08525111963439447,22.0,11.0,0.5454545454545454,0.0003432265530859625,6.307006597687951e-05,2.0,8.0,0.3125,0.22916666666666666,0.10416666666666666,0.6666666666666666,,,,
dt22,dt22_node_16,16.400000000000002,0.000275450977592073,0.0852135949594169,4.0,2.0,0.5,0.0004238789407692245,5.529477689903495e-06,2.0,8.0,0.3125,0.22916666666666666,0.10416666666666666,0.6666666666666666,,,,
dt22,dt22_node_17,94.6,0.00254130332557869,0.08427603823229324,5.0,2.5,0.6,0.000850168947941242,0.00015242327591451796,2.0,8.0,0.3125,0.22916666666666666,0.10416666666666666,0.6666666666666666,,,,
dt22,dt22_node_18,41.099999999999994,0.000406296619062842,0.08565741625345731,17.0,8.5,0.29411764705882354,0.0025928003236233856,0.0024817117463868245,2.0,8.0,0.3125,0.22916666666666666,0.10416666666666666,0.6666666666666666,,,,
dt22,dt22_node_19,25.2,0.000280156487109083,0.08553127612150355,5.0,2.5,0.2,0.0006388178999116811,0.000636306531318009,2.0,8.0,0.3125,0.22916666666666666,0.10416666666666666,0.6666666666666666,,,,
dt22,dt22_node_20,41.5,0.000429408418459128,0.08564300337787603,3.0,1.5,0.3333333333333333,0.0008487196480351615,0.0007397423215410284,2.0,8.0,0.3125,0.22916666666666666,0.10416666666666666,0.6666666666666666,,,,
dt22,dt22_node_21,60.8,0.000697745672026724,0.08497378390431996,4.0,2.0,0.5,0.0012848011275953305,0.0009816518541075495,2.0,8.0,0.3125,0.22916666666666666,0.10416666666666666,0.6666666666666666,,,,
dt22,dt22_node_22,36.0,0.000111088577236561,0.08576850483069387,11.0,5.5,0.8181818181818182,0.00041414243631738114,0.00037591664187666983,2.0,8.0,0.3125,0.22916666666666666,0.10416666666666666,0.6666666666666666,,,,
dt22,dt22_node_23,99.3,0.00507451207001021,0.09073192832346752,6.0,3.0,0.0,0.0024352518893254998,0.0007495788119373,2.0,8.0,0.3125,0.22916666666666666,0.10416666666666666,0.6666666666666666,,,,
dt22,dt22_node_24,11.799999999999999,2.51136859367206e-06,0.08553378749009721,2.0,1.0,0.0,0.00085072115544642,0.00085072115544642,2.0,8.0,0.3125,0.22916666666666666,0.10416666666666666,0.6666666666666666,,,,
dt22,dt22_node_25,89.3,0.00127512443122969,0.08680640055273324,3.0,1.5,0.3333333333333333,0.0008494425849219825,0.0004323973521734275,2.0,8.0,0.3125,0.22916666666666666,0.10416666666666666,0.6666666666666666,,,,
dt22,dt22_node_26,94.39999999999999,0.00158846196957619,0.08723146534745223,2.0,1.0,0.0,0.000426311778130069,0.000426311778130069,2.0,8.0,0.3125,0.22916666666666666,0.10416666666666666,0.6666666666666666,,,,
dt22,dt22_node_27,46.1,0.000303149273487781,0.08527693317780774,3.0,1.5,0.3333333333333333,0.0004391765801546485,0.0004391765801546485,2.0,8.0,0.3125,0.22916666666666666,0.10416666666666666,0.6666666666666666,,,,
dt22,dt22_node_28,22.1,3.82257944407113e-05,0.08580673062513458,10.0,5.0,0.8,0.00042052260208524456,0.00040327056461554345,2.0,8.0,0.3125,0.22916666666666666,0.10416666666666666,0.6666666666666666,,,,
dt22,dt22_node_29,63.3,0.0031848307012628,0.09391675902473032,3.0,1.5,0.3333333333333333,0.0008487377340612285,0.0004143001811458415,2.0,8.0,0.3125,0.22916666666666666,0.10416666666666666,0.6666666666666666,,,,
dt22,dt22_node_30,37.6,0.0016856730773882,0.09241760140085573,3.0,1.5,0.3333333333333333,0.00128004539226653,7.32746711849e-05,2.0,8.0,0.3125,0.22916666666666666,0.10416666666666666,0.6666666666666666,,,,
dt22,dt22_node_31,76.9,0.00128183993709541,0.08808824048982865,2.0,1.0,0.0,0.0004237025599269003,0.0003851071260917707,2.0,8.0,0.3125,0.22916666666666666,0.10416666666666666,0.6666666666666666,,,,
dt22,dt22_node_32,74.3,0.000878353160309297,0.08615528633811703,2.0,1.0,0.0,0.000431811347534809,0.000431811347534809,2.0,8.0,0.3125,0.22916666666666666,0.10416666666666666,0.6666666666666666,,,,
dt22,dt22_node_33,22.400000000000002,1.72520374697011e-05,0.08582398266260428,9.0,4.5,0.7777777777777778,0.0004236855553842717,0.0004149576421295473,2.0,8.0,0.3125,0.22916666666666666,0.10416666666666666,0.6666666666666666,,,,
dt22,dt22_node_34,45.5,0.000434437552915387,0.09435119657764571,2.0,1.0,0.0,0.001696721173323353,0.000719145480123707,2.0,8.0,0.3125,0.22916666666666666,0.10416666666666666,0.6666666666666666,,,,
dt22,dt22_node_35,40.300000000000004,0.00135332006345143,0.09377092146430716,2.0,1.0,0.0,0.00256468942979626,0.0004669466215548798,2.0,8.0,0.3125,0.22916666666666666,0.10416666666666666,0.6666666666666666,,,,
dt22,dt22_node_36,14.099999999999998,8.72791325472436e-06,0.085832710575859,8.0,4.0,0.75,0.0008488376770817547,0.0008488001177810255,2.0,8.0,0.3125,0.22916666666666666,0.10416666666666666,0.6666666666666666,,,,
dt22,dt22_node_37,8.4,3.75593007291795e-08,0.08583274813515973,7.0,3.5,0.7142857142857143,3.23347091377591e-07,3.23347091377591e-07,2.0,8.0,0.3125,0.22916666666666666,0.10416666666666666,0.6666666666666666,,,,
dt22,dt22_node_38,4.1000000000000005,6.46694182755182e-07,0.08583339482934249,6.0,3.0,0.6666666666666666,0.00042405808853311383,0.0004239693492064161,2.0,8.0,0.3125,0.22916666666666666,0.10416666666666666,0.6666666666666666,,,,
dt22,dt22_node_39,4.3,8.87393266977123e-08,0.08583348356866918,5.0,2.5,0.6,0.0004238742312319029,0.0004238534397632351,2.0,8.0,0.3125,0.22916666666666666,0.10416666666666666,0.6666666666666666,,,,
dt22,dt22_node_40,2.6,2.07914686678294e-08,0.08583350436013786,4.0,2.0,0.5,0.00042406702395581295,0.0004240485081728311,2.0,8.0,0.3125,0.22916666666666666,0.10416666666666666,0.6666666666666666,,,,
dt22,dt22_node_41,3.4000000000000004,1.85157829818753e-08,0.08583352287592083,3.0,1.5,0.3333333333333333,0.00042387889896565114,0.00042387818268817376,2.0,8.0,0.3125,0.22916666666666666,0.10416666666666666,0.6666666666666666,,,,
dt22,dt22_node_42,7.6,7.1627747738048e-10,0.08583352359219831,2.0,1.0,0.0,0.0008481342866707856,3.8163033752027994e-10,2.0,8.0,0.3125,0.22916666666666666,0.10416666666666666,0.6666666666666666,,,,
dt23,dt23_node_0,43.2,0.0775146942815889,0.0775146942815889,39.0,19.5,0.6923076923076923,0.024778146084795297,0.010652939381667599,2.0,8.0,0.375,0.3125,0.1875,1.0,,,,
dt23,dt23_node_1,23.3,0.0141252067031277,0.0916399009847166,33.0,16.5,0.696969696969697,0.015357959415718301,0.0018617354927909996,2.0,8.0,0.375,0.3125,0.1875,1.0,,,,
dt23,dt23_node_2,53.0,0.0354310854664629,0.1129457797480518,6.0,3.0,0.3333333333333333,0.0046447742870127946,0.0008140292684373849,2.0,8.0,0.375,0.3125,0.1875,1.0,,,,
dt23,dt23_node_3,29.099999999999998,0.0172196949085093,0.1088595958932259,28.0,14.0,0.5714285714285714,0.049109676589305394,0.03866866372943299,2.0,8.0,0.375,0.3125,0.1875,1.0,,,,
dt23,dt23_node_4,44.1,0.0134962239229273,0.1051361249076439,5.0,2.5,0.2,0.04200995023884645,0.0017068205839466492,2.0,8.0,0.375,0.3125,0.1875,1.0,,,,
dt23,dt23_node_5,99.8,0.00545880355545018,0.11840458330350198,2.0,1.0,0.0,0.000217684261530732,0.000217684261530732,2.0,8.0,0.375,0.3125,0.1875,1.0,,,,
dt23,dt23_node_6,52.2,0.00383074501857541,0.11677652476662721,4.0,2.0,0.0,0.0030872762137880852,5.3502137555305014e-05,2.0,8.0,0.375,0.3125,0.1875,1.0,,,,
dt23,dt23_node_7,17.8,0.0104410128598724,0.1193006087530983,22.0,11.0,0.8181818181818182,0.044758222727085,0.0419051475103051,2.0,8.0,0.375,0.3125,0.1875,1.0,,,,
dt23,dt23_node_8,96.7,0.0877783403187384,0.1966379362119643,6.0,3.0,0.6666666666666666,0.0004925944557386895,0.0004925944557386895,2.0,8.0,0.375,0.3125,0.1875,1.0,,,,
dt23,dt23_node_9,99.3,0.0403031296548998,0.1454392545625437,2.0,1.0,0.0,0.0015315789712977094,0.0005812336315979605,2.0,8.0,0.375,0.3125,0.1875,1.0,,,,
dt23,dt23_node_10,100.0,0.0437167708227931,0.148852895730437,3.0,1.5,0.3333333333333333,0.003848492630629375,0.0013016659776111648,2.0,8.0,0.375,0.3125,0.1875,1.0,,,,
dt23,dt23_node_11,64.3,0.00314077835134339,0.11991730311797061,2.0,1.0,0.0,0.001531464133006565,0.0004303394665220049,2.0,8.0,0.375,0.3125,0.1875,1.0,,,,
dt23,dt23_node_12,86.0,0.00303377407623278,0.11981029884285999,2.0,1.0,0.0,0.0046243476974288,0.0006870995038561899,2.0,8.0,0.375,0.3125,0.1875,1.0,,,,
dt23,dt23_node_13,11.1,0.00285307521677989,0.12215368396987819,20.0,10.0,0.9,0.044046370287398426,0.037181804321294976,2.0,8.0,0.375,0.3125,0.1875,1.0,,,,
dt23,dt23_node_14,99.8,0.0866633702373901,0.2059639789904884,2.0,1.0,0.0,0.002302748630238805,0.0005387138134079951,2.0,8.0,0.375,0.3125,0.1875,1.0,,,,
dt23,dt23_node_15,36.199999999999996,0.000985188911477379,0.19762312512344168,5.0,2.5,0.6,0.00069322945638491,0.00069322945638491,2.0,8.0,0.375,0.3125,0.1875,1.0,,,,
dt23,dt23_node_16,99.4,0.00515015860824054,0.15400305433867753,2.0,1.0,0.0,0.0007639587230108406,0.00045438921628895954,2.0,8.0,0.375,0.3125,0.1875,1.0,,,,
dt23,dt23_node_17,12.4,0.00686456596610345,0.12901824993598165,19.0,9.5,0.5789473684210527,0.021737114715335785,0.020436798308061013,2.0,8.0,0.375,0.3125,0.1875,1.0,,,,
dt23,dt23_node_18,35.699999999999996,0.00138645891276982,0.1990095840362115,4.0,2.0,0.5,0.00134313207174576,0.00134313207174576,2.0,8.0,0.375,0.3125,0.1875,1.0,,,,
dt23,dt23_node_19,7.6,0.00130031640727477,0.13031856634325642,15.0,7.5,0.4666666666666667,0.008188538533328465,0.003317413511445435,2.0,8.0,0.375,0.3125,0.1875,1.0,,,,
dt23,dt23_node_20,95.19999999999999,0.0421739130233968,0.17119216295937845,4.0,2.0,0.0,0.04922664525405855,0.0014767336392588482,2.0,8.0,0.375,0.3125,0.1875,1.0,,,,
dt23,dt23_node_21,28.199999999999996,0.00268626414349152,0.201695848179703,3.0,1.5,0.3333333333333333,0.00337066332991107,0.00337066332991107,2.0,8.0,0.375,0.3125,0.1875,1.0,,,,
dt23,dt23_node_22,18.5,0.0115059520447739,0.1418245183880303,11.0,5.5,0.45454545454545453,0.007354528249889732,0.006998148776646568,2.0,8.0,0.375,0.3125,0.1875,1.0,,,,
dt23,dt23_node_23,23.3,0.00487112502188303,0.13518969136513945,4.0,2.0,0.5,0.07591567935792745,0.029546966973036548,2.0,8.0,0.375,0.3125,0.1875,1.0,,,,
dt23,dt23_node_24,99.3,0.0477499116147997,0.21894207457417814,2.0,1.0,0.0,0.0015316022603234399,4.539947347251001e-05,2.0,8.0,0.375,0.3125,0.1875,1.0,,,,
dt23,dt23_node_25,97.6,0.0507033788933174,0.22189554185269583,2.0,1.0,0.0,0.0031754589490744648,0.001341628061399775,2.0,8.0,0.375,0.3125,0.1875,1.0,,,,
dt23,dt23_node_26,50.5,0.00674132665982214,0.20843717483952515,2.0,1.0,0.0,0.0204458786908667,0.0204458786908667,2.0,8.0,0.375,0.3125,0.1875,1.0,,,,
dt23,dt23_node_27,29.599999999999998,0.0143526770265363,0.15617719541456662,8.0,4.0,0.25,0.00696925866115224,0.0037582459143933595,2.0,8.0,0.375,0.3125,0.1875,1.0,,,,
dt23,dt23_node_28,4.0,0.000356379473243164,0.14218089786127347,3.0,1.5,0.3333333333333333,0.05293480453815751,0.04944801571468449,2.0,8.0,0.375,0.3125,0.1875,1.0,,,,
dt23,dt23_node_29,94.19999999999999,0.0463687123848909,0.18155840375003035,3.0,1.5,0.3333333333333333,0.03733565730917635,0.028040600206266152,2.0,8.0,0.375,0.3125,0.1875,1.0,,,,
dt23,dt23_node_30,25.6,0.0107275045755456,0.16690469999011223,5.0,2.5,0.2,0.007277828498795065,0.0030938880246491355,2.0,8.0,0.375,0.3125,0.1875,1.0,,,,
dt23,dt23_node_31,23.0,0.00321101274675888,0.1593882081613255,3.0,1.5,0.3333333333333333,0.11032626274003675,0.014424425084914247,2.0,8.0,0.375,0.3125,0.1875,1.0,,,,
dt23,dt23_node_32,6.5,0.00348678882347302,0.1456676866847465,2.0,1.0,0.0,0.1169110752018385,0.00010128751414150566,2.0,8.0,0.375,0.3125,0.1875,1.0,,,,
dt23,dt23_node_33,64.8,0.0092950571029102,0.19085346085294055,2.0,1.0,0.0,0.05691426642028555,0.005170935491576149,2.0,8.0,0.375,0.3125,0.1875,1.0,,,,
dt23,dt23_node_34,30.2,0.0103717165234442,0.17727641651355644,3.0,1.5,0.3333333333333333,0.074361230183192,0.06466672014020199,2.0,8.0,0.375,0.3125,0.1875,1.0,,,,
dt23,dt23_node_35,33.0,0.00418394047414593,0.17108864046425817,2.0,1.0,0.0,0.10431937432566271,0.007699645069314302,2.0,8.0,0.375,0.3125,0.1875,1.0,,,,
dt23,dt23_node_36,100.0,0.124750687824951,0.2841388959862765,2.0,1.0,0.0,0.001529122335767968,0.001100516572745412,2.0,8.0,0.375,0.3125,0.1875,1.0,,,,
dt23,dt23_node_37,52.5,0.00969451004299003,0.18697092655654646,2.0,1.0,0.0,0.117355420440476,0.005138057198832001,2.0,8.0,0.375,0.3125,0.1875,1.0,,,,
dt24,dt24_node_0,60.699999999999996,0.00784106065618026,0.00784106065618026,12.0,6.0,0.8333333333333334,0.04441509378272171,0.03724695066372509,2.0,8.0,0.4375,0.5625,0.4375,1.0,,,,
dt24,dt24_node_1,90.4,0.0244030188534843,0.0244030188534843,9.0,4.5,0.7777777777777778,0.07404389326488606,0.05261129322683695,2.0,8.0,0.4375,0.5625,0.4375,1.0,,,,
dt24,dt24_node_2,99.7,0.0462240803911337,0.0462240803911337,7.0,3.5,0.42857142857142855,0.019503586416086745,0.011974779991616155,2.0,8.0,0.4375,0.5625,0.4375,1.0,,,,
dt24,dt24_node_3,41.199999999999996,0.00716814311899662,0.01500920377517688,11.0,5.5,0.09090909090909091,0.011769691723314305,0.008212385365027894,2.0,8.0,0.4375,0.5625,0.4375,1.0,,,,
dt24,dt24_node_4,87.9,0.0214326000380491,0.0458356188915334,8.0,4.0,0.5,0.03028595840002835,0.01189905349480615,2.0,8.0,0.4375,0.5625,0.4375,1.0,,,,
dt24,dt24_node_5,97.6,0.0314783664077029,0.0777024467988366,2.0,1.0,0.0,0.06300433050297005,0.0014021700274139542,2.0,8.0,0.4375,0.5625,0.4375,1.0,,,,
dt24,dt24_node_6,57.699999999999996,0.00752880642447059,0.05375288681560429,5.0,2.5,0.2,0.04225844857194465,0.019070084073668253,2.0,8.0,0.4375,0.5625,0.4375,1.0,,,,
dt24,dt24_node_7,83.5,0.0199820770883422,0.034991280863519075,6.0,3.0,0.6666666666666666,0.05372235767465472,0.04568486878326668,2.0,8.0,0.4375,0.5625,0.4375,1.0,,,,
dt24,dt24_node_8,40.1,0.00355730635828641,0.01856651013346329,5.0,2.5,0.6,0.059111875460296656,0.03598305683868706,2.0,8.0,0.4375,0.5625,0.4375,1.0,,,,
dt24,dt24_node_9,100.0,0.0421850118948345,0.0880206307863679,2.0,1.0,0.0,0.0450832815020317,0.0006620498784831001,2.0,8.0,0.4375,0.5625,0.4375,1.0,,,,
dt24,dt24_node_10,95.8,0.0183869049052222,0.0642225237967556,6.0,3.0,0.6666666666666666,0.0374861366552544,0.028819455121974404,2.0,8.0,0.4375,0.5625,0.4375,1.0,,,,
dt24,dt24_node_11,97.3,0.0231883644982764,0.07694125131388069,2.0,1.0,0.0,0.06445317394894885,0.003368384729890251,2.0,8.0,0.4375,0.5625,0.4375,1.0,,,,
dt24,dt24_node_12,100.0,0.0613285326456129,0.1150814194612172,3.0,1.5,0.3333333333333333,0.0363332112118617,0.0215535510766781,2.0,8.0,0.4375,0.5625,0.4375,1.0,,,,
dt24,dt24_node_13,45.4,0.00803748889138804,0.04302876975490712,5.0,2.5,0.2,0.016107426741155062,0.01174600372421874,2.0,8.0,0.4375,0.5625,0.4375,1.0,,,,
dt24,dt24_node_14,87.8,0.0231288186216096,0.04169532875507289,4.0,2.0,0.0,0.03332975965970435,0.01383364499798535,2.0,8.0,0.4375,0.5625,0.4375,1.0,,,,
dt24,dt24_node_15,53.400000000000006,0.00866668153328,0.0728892053300356,5.0,2.5,0.6,0.02945019612950341,0.02832869771651989,2.0,8.0,0.4375,0.5625,0.4375,1.0,,,,
dt24,dt24_node_16,88.4,0.0147796601351836,0.1298610795964008,2.0,1.0,0.0,0.0401529997361731,0.004511765620128897,2.0,8.0,0.4375,0.5625,0.4375,1.0,,,,
dt24,dt24_node_17,24.9,0.00436142301693632,0.047390192771843434,3.0,1.5,0.3333333333333333,0.04028206491573295,0.029998382712777348,2.0,8.0,0.4375,0.5625,0.4375,1.0,,,,
dt24,dt24_node_18,92.2,0.0278534304653738,0.07088220022028091,2.0,1.0,0.0,0.0462206796325577,0.0055139549652249015,2.0,8.0,0.4375,0.5625,0.4375,1.0,,,,
dt24,dt24_node_19,100.0,0.0471634046576897,0.0888587334127626,2.0,1.0,0.0,0.04047381478247265,0.0023782905885565524,2.0,8.0,0.4375,0.5625,0.4375,1.0,,,,
dt24,dt24_node_20,83.1,0.019496114661719,0.06119144341679189,2.0,1.0,0.0,0.0641471186237382,0.004828773252717598,2.0,8.0,0.4375,0.5625,0.4375,1.0,,,,
dt24,dt24_node_21,20.7,0.00112149841298352,0.07401070374301912,4.0,2.0,0.5,0.0353230851720153,0.024363133606883202,2.0,8.0,0.4375,0.5625,0.4375,1.0,,,,
dt24,dt24_node_22,45.9,0.0102836822029556,0.05767387497479903,2.0,1.0,0.0,0.0874872614333023,0.005057403269608997,2.0,8.0,0.4375,0.5625,0.4375,1.0,,,,
dt24,dt24_node_23,70.0,0.0109599515651321,0.08497065530815122,3.0,1.5,0.3333333333333333,0.02599070808433075,0.013457120610784449,2.0,8.0,0.4375,0.5625,0.4375,1.0,,,,
dt24,dt24_node_24,83.89999999999999,0.0125335874735463,0.09750424278169752,2.0,1.0,0.0,0.03647103419508255,0.010399380242042849,2.0,8.0,0.4375,0.5625,0.4375,1.0,,,,
dt25,dt25_node_0,79.3,0.0347839280669074,0.0347839280669074,22.0,11.0,0.8181818181818182,0.10088750796402565,0.05080582282331636,2.0,8.0,0.25,0.3125,0.1875,0.75,,,,
dt25,dt25_node_1,96.7,0.0646167422816624,0.0646167422816624,10.0,5.0,0.2,0.01844149704560755,0.0038679987818940505,2.0,8.0,0.25,0.3125,0.1875,0.75,,,,
dt25,dt25_node_2,79.0,0.0561555239369021,0.0561555239369021,4.0,2.0,0.0,0.0588964177071955,0.0142442907345228,2.0,8.0,0.25,0.3125,0.1875,0.75,,,,
dt25,dt25_node_3,97.39999999999999,0.0500816851407093,0.08486561320761671,20.0,10.0,0.0,0.043335767347180296,0.0096643601791505,2.0,8.0,0.25,0.3125,0.1875,0.75,,,,
dt25,dt25_node_4,100.0,0.151693330787342,0.18647725885424943,2.0,1.0,0.0,0.001635663804441805,0.001635663804441805,2.0,8.0,0.25,0.3125,0.1875,0.75,,,,
dt25,dt25_node_5,93.0,0.0145734982637135,0.0791902405453759,4.0,2.0,0.5,0.019865413250528548,0.014847762573184549,2.0,8.0,0.25,0.3125,0.1875,0.75,,,,
dt25,dt25_node_6,98.8,0.0223094958275016,0.086926238109164,6.0,3.0,0.6666666666666666,0.01488907702978031,0.005464300330012791,2.0,8.0,0.25,0.3125,0.1875,0.75,,,,
dt25,dt25_node_7,97.8,0.0731407084417183,0.1292962323786204,2.0,1.0,0.0,0.07779006569854825,0.005790079072211754,2.0,8.0,0.25,0.3125,0.1875,0.75,,,,
dt25,dt25_node_8,73.9,0.0446521269726727,0.1008076509095748,2.0,1.0,0.0,0.147020346748015,0.043241712620997,2.0,8.0,0.25,0.3125,0.1875,0.75,,,,
dt25,dt25_node_9,100.0,0.0530001275263308,0.1378657407339475,10.0,5.0,0.4,0.008959371122303505,0.0022447721186116955,2.0,8.0,0.25,0.3125,0.1875,0.75,,,,
dt25,dt25_node_10,99.8,0.0336714071680298,0.1185370203756465,10.0,5.0,0.4,0.0143282460681411,0.003429362895672,2.0,8.0,0.25,0.3125,0.1875,0.75,,,,
dt25,dt25_node_11,57.699999999999996,0.005017650677344,0.0842078912227199,3.0,1.5,0.3333333333333333,0.03028925724030015,0.0025863752442084505,2.0,8.0,0.25,0.3125,0.1875,0.75,,,,
dt25,dt25_node_12,91.60000000000001,0.00942477669976752,0.09635101480893152,5.0,2.5,0.6,0.00774047805534078,0.00564880859007872,2.0,8.0,0.25,0.3125,0.1875,0.75,,,,
dt25,dt25_node_13,83.3,0.00671459900369181,0.1445803397376393,7.0,3.5,0.14285714285714285,0.0065457954155266045,0.0022626196289618947,2.0,8.0,0.25,0.3125,0.1875,0.75,,,,
dt25,dt25_node_14,98.0,0.0112041432409152,0.1490698839748627,3.0,1.5,0.3333333333333333,0.00403554127203693,0.0009815724615790898,2.0,8.0,0.25,0.3125,0.1875,0.75,,,,
dt25,dt25_node_15,99.7,0.0177576089638131,0.1362946293394596,3.0,1.5,0.3333333333333333,0.0061342066062539495,0.0014617804446093803,2.0,8.0,0.25,0.3125,0.1875,0.75,,,,
dt25,dt25_node_16,83.89999999999999,0.0108988831724691,0.1294359035481156,7.0,3.5,0.7142857142857143,0.015893166624342252,0.00411945965426315,2.0,8.0,0.25,0.3125,0.1875,0.75,,,,
dt25,dt25_node_17,100.0,0.0277028819960917,0.1119107732188116,2.0,1.0,0.0,0.00104056199754133,0.00104056199754133,2.0,8.0,0.25,0.3125,0.1875,0.75,,,,
dt25,dt25_node_18,45.6,0.00209166946526206,0.09844268427419357,4.0,2.0,0.0,0.0020402541982410547,0.0001638356679908449,2.0,8.0,0.25,0.3125,0.1875,0.75,,,,
dt25,dt25_node_19,99.1,0.0088084150444885,0.15338875478212782,4.0,2.0,0.0,0.001603816628736655,0.0004304935430270351,2.0,8.0,0.25,0.3125,0.1875,0.75,,,,
dt25,dt25_node_20,80.80000000000001,0.00428317578656471,0.14886351552420402,3.0,1.5,0.3333333333333333,0.00563398679822151,0.0007236253393599298,2.0,8.0,0.25,0.3125,0.1875,0.75,,,,
dt25,dt25_node_21,73.0,0.00501711373361602,0.15408699770847872,2.0,1.0,0.0,0.008902394678876002,0.0005849100977961099,2.0,8.0,0.25,0.3125,0.1875,0.75,,,,
dt25,dt25_node_22,65.3,0.00467242616164457,0.14096705550110417,2.0,1.0,0.0,0.01138428842324496,0.00219460492964814,2.0,8.0,0.25,0.3125,0.1875,0.75,,,,
dt25,dt25_node_23,100.0,0.0200126262786054,0.149448529826721,6.0,3.0,0.6666666666666666,0.003212535901887785,0.001321621549739785,2.0,8.0,0.25,0.3125,0.1875,0.75,,,,
dt25,dt25_node_24,39.6,0.0022040898662319,0.10064677414042547,2.0,1.0,0.0,0.00563397161293905,0.00288773994597606,2.0,8.0,0.25,0.3125,0.1875,0.75,,,,
dt25,dt25_node_25,39.0,0.00187641853025021,0.10031910280444378,2.0,1.0,0.0,0.008060301624419435,0.0018426438969168352,2.0,8.0,0.25,0.3125,0.1875,0.75,,,,
dt25,dt25_node_26,61.5,0.00117332308570962,0.15456207786783743,2.0,1.0,0.0,0.00239857154912845,0.00087393174401071,2.0,8.0,0.25,0.3125,0.1875,0.75,,,,
dt25,dt25_node_27,83.3,0.00203431017176369,0.15542306495389152,2.0,1.0,0.0,0.000797280259550573,0.000651772453491917,2.0,8.0,0.25,0.3125,0.1875,0.75,,,,
dt25,dt25_node_28,96.89999999999999,0.00635761213758144,0.15522112766178545,2.0,1.0,0.0,0.0007969268725713924,0.0005037012376988175,2.0,8.0,0.25,0.3125,0.1875,0.75,,,,
dt25,dt25_node_29,55.400000000000006,0.001890914352148,0.151339444178869,5.0,2.5,0.2,0.000801727375450684,0.000545570334309476,2.0,8.0,0.25,0.3125,0.1875,0.75,,,,
dt25,dt25_node_30,56.599999999999994,0.00134729770976016,0.15268674188862916,2.0,1.0,0.0,0.0015960915948091104,0.0007487589032582594,2.0,8.0,0.25,0.3125,0.1875,0.75,,,,
dt25,dt25_node_31,21.5,0.000256157041141208,0.1515956012200102,3.0,1.5,0.3333333333333333,0.002399453427171635,0.000413241387061925,2.0,8.0,0.25,0.3125,0.1875,0.75,,,,
dt25,dt25_node_32,84.0,0.00281269481423356,0.15440829603424377,2.0,1.0,0.0,0.000797280259550572,0.00022254537125983802,2.0,8.0,0.25,0.3125,0.1875,0.75,,,,
dt26,dt26_node_0,99.8,0.0254888523466155,0.0254888523466155,3.0,1.5,0.3333333333333333,0.00782346027737267,0.0025425382137915305,2.0,8.0,0.4375,0.5625,0.4375,1.0,,,,
dt26,dt26_node_1,97.8,0.0179367924028507,0.0179367924028507,2.0,1.0,0.0,0.007428796264550164,0.002488038462780825,2.0,8.0,0.4375,0.5625,0.4375,1.0,,,,
dt26,dt26_node_2,100.0,0.0867039749904894,0.0867039749904894,2.0,1.0,0.0,0.10352245984157275,0.015137970452203248,2.0,8.0,0.4375,0.5625,0.4375,1.0,,,,
dt26,dt26_node_3,99.7,0.0103659984911642,0.0358548508377797,2.0,1.0,0.0,0.002283463872802815,0.002283463872802815,2.0,8.0,0.4375,0.5625,0.4375,1.0,,,,
dt27,dt27_node_0,97.8,0.0509533448798137,0.0509533448798137,5.0,2.5,0.2,0.00817095774273935,0.00191856918703655,2.0,8.0,0.125,0.3125,0.1875,1.0,,,,
dt27,dt27_node_1,62.8,0.0100895269297759,0.0610428718095896,3.0,1.5,0.3333333333333333,0.00567390605897943,0.0035124492586513806,2.0,8.0,0.125,0.3125,0.1875,1.0,,,,
dt27,dt27_node_2,88.5,0.0062523885557028,0.0572057334355165,2.0,1.0,0.0,0.0018040338220039,0.0018040338220039,2.0,8.0,0.125,0.3125,0.1875,1.0,,,,
dt27,dt27_node_3,32.7,0.00216145680032805,0.06320432860991765,2.0,1.0,0.0,0.02920300918360735,0.007264485742998952,2.0,8.0,0.125,0.3125,0.1875,1.0,,,,
dt28,dt28_node_0,26.700000000000003,0.00319959933389478,0.00319959933389478,17.0,8.5,0.7647058823529411,0.0041113162604059904,0.0014588409538275001,2.0,8.0,0.0625,0.2767857142857143,0.15178571428571427,0.8571428571428571,,,,
dt28,dt28_node_1,95.8,0.0193749085922994,0.0193749085922994,3.0,1.5,0.3333333333333333,0.03645161946549035,0.009258331304894752,2.0,8.0,0.0625,0.2767857142857143,0.15178571428571427,0.8571428571428571,,,,
dt28,dt28_node_2,6.1,0.00265247530657849,0.00585207464047327,15.0,7.5,0.6,0.00188749001129499,0.00012394117309949993,2.0,8.0,0.0625,0.2767857142857143,0.15178571428571427,0.8571428571428571,,,,
dt28,dt28_node_3,26.200000000000003,0.00557015721423349,0.00876975654812827,2.0,1.0,0.0,0.06643141492249416,0.0074531731386661484,2.0,8.0,0.0625,0.2767857142857143,0.15178571428571427,0.8571428571428571,,,,
dt28,dt28_node_4,100.0,0.0271932881605956,0.046568196752895,2.0,1.0,0.0,0.009595077766453415,0.00018186372875052433,2.0,8.0,0.0625,0.2767857142857143,0.15178571428571427,0.8571428571428571,,,,
dt28,dt28_node_5,17.299999999999997,0.00201143118439449,0.00786350582486776,12.0,6.0,0.8333333333333334,0.04944317558454855,0.024286843740552046,2.0,8.0,0.0625,0.2767857142857143,0.15178571428571427,0.8571428571428571,,,,
dt28,dt28_node_6,13.3,0.00176354883819549,0.00761562347866876,3.0,1.5,0.3333333333333333,0.03925364471011635,0.03118653980529255,2.0,8.0,0.0625,0.2767857142857143,0.15178571428571427,0.8571428571428571,,,,
dt28,dt28_node_7,95.7,0.0251563318439965,0.033019837668864266,11.0,5.5,0.2727272727272727,0.01095761497636602,0.0019611571242000806,2.0,8.0,0.0625,0.2767857142857143,0.15178571428571427,0.8571428571428571,,,,
dt28,dt28_node_8,46.6,0.0080671049048238,0.01568272838349256,2.0,1.0,0.0,0.06104922814478495,0.0016873759569827548,2.0,8.0,0.0625,0.2767857142857143,0.15178571428571427,0.8571428571428571,,,,
dt28,dt28_node_9,73.2,0.00899645785216594,0.04201629552103021,7.0,3.5,0.14285714285714285,0.036351245954692225,0.030440879552773074,2.0,8.0,0.0625,0.2767857142857143,0.15178571428571427,0.8571428571428571,,,,
dt28,dt28_node_10,75.1,0.0129187721005661,0.045938609769430365,4.0,2.0,0.5,0.05869582476622095,0.04174421301768005,2.0,8.0,0.0625,0.2767857142857143,0.15178571428571427,0.8571428571428571,,,,
dt28,dt28_node_11,54.2,0.00591036640191915,0.04792666192294936,4.0,2.0,0.5,0.040182106816883285,0.03509030211278822,2.0,8.0,0.0625,0.2767857142857143,0.15178571428571427,0.8571428571428571,,,,
dt28,dt28_node_12,100.0,0.0667921255074653,0.1088084210284955,3.0,1.5,0.3333333333333333,0.006099782438861755,0.0008383633309482549,2.0,8.0,0.0625,0.2767857142857143,0.15178571428571427,0.8571428571428571,,,,
dt28,dt28_node_13,69.3,0.0169516117485409,0.06289022151797127,3.0,1.5,0.3333333333333333,0.07257012518430886,0.038573863845493155,2.0,8.0,0.0625,0.2767857142857143,0.15178571428571427,0.8571428571428571,,,,
dt28,dt28_node_14,54.2,0.00509180470409507,0.05301846662704443,3.0,1.5,0.3333333333333333,0.07116150012087186,0.007941321014380547,2.0,8.0,0.0625,0.2767857142857143,0.15178571428571427,0.8571428571428571,,,,
dt28,dt28_node_15,94.0,0.0052614191079135,0.114069840136409,2.0,1.0,0.0,0.00259739579340041,0.00029671091374123,2.0,8.0,0.0625,0.2767857142857143,0.15178571428571427,0.8571428571428571,,,,
dt28,dt28_node_16,99.3,0.0339962613388157,0.09688648285678697,2.0,1.0,0.0,0.08681764262175415,0.002791013892203549,2.0,8.0,0.0625,0.2767857142857143,0.15178571428571427,0.8571428571428571,,,,
dt28,dt28_node_17,100.0,0.0791028211352524,0.1321212877622968,2.0,1.0,0.0,0.006949477714762905,0.003094666688381795,2.0,8.0,0.0625,0.2767857142857143,0.15178571428571427,0.8571428571428571,,,,
dt29,dt29_node_0,100.0,0.0815851400232188,0.0815851400232188,6.0,3.0,0.3333333333333333,0.0016675221999767056,0.0012303466884743947,2.0,8.0,0.25,0.3125,0.1875,0.75,,,,
dt29,dt29_node_1,99.8,0.0582737233447302,0.0582737233447302,5.0,2.5,0.6,0.001022018096576467,0.0006439453038821329,2.0,8.0,0.25,0.3125,0.1875,0.75,,,,
dt29,dt29_node_2,74.6,0.018908921152576,0.018908921152576,5.0,2.5,0.2,0.0518072425112618,0.011390116479317997,2.0,8.0,0.25,0.3125,0.1875,0.75,,,,
dt29,dt29_node_3,38.800000000000004,0.0028978688884511,0.0844830089116699,4.0,2.0,0.5,0.002218979854327795,0.000809425373643425,2.0,8.0,0.25,0.3125,0.1875,0.75,,,,
dt29,dt29_node_4,33.5,0.000437175511502311,0.08202231553472111,2.0,1.0,0.0,1.840722353808195e-05,1.840722353808195e-05,2.0,8.0,0.25,0.3125,0.1875,0.75,,,,
dt29,dt29_node_5,69.3,0.0016659634004586,0.059939686745188805,4.0,2.0,0.0,0.00104741753559698,0.00081162638090135,2.0,8.0,0.25,0.3125,0.1875,0.75,,,,
dt29,dt29_node_6,99.9,0.0404171260319438,0.059326047184519795,2.0,1.0,0.0,0.010183822310881795,0.0020527140143692052,2.0,8.0,0.25,0.3125,0.1875,0.75,,,,
dt29,dt29_node_7,100.0,0.0631973589905798,0.0821062801431558,3.0,1.5,0.3333333333333333,0.01738658801276345,0.0045968983767730506,2.0,8.0,0.25,0.3125,0.1875,0.75,,,,
dt29,dt29_node_8,33.4,0.00140955448068437,0.08589256339235428,3.0,1.5,0.3333333333333333,0.009269944993177051,0.008564892074340547,2.0,8.0,0.25,0.3125,0.1875,0.75,,,,
dt29,dt29_node_9,36.9,0.00023579115469563,0.060175477899884436,2.0,1.0,0.0,0.0,0.0,2.0,8.0,0.25,0.3125,0.1875,0.75,,,,
dt29,dt29_node_10,54.6,0.00185904391649833,0.06179873066168714,2.0,1.0,0.0,0.000148871227026892,0.000148871227026892,2.0,8.0,0.25,0.3125,0.1875,0.75,,,,
dt29,dt29_node_11,92.7,0.0127896896359904,0.09489596977914619,2.0,1.0,0.0,0.00091006522621641,0.00091006522621641,2.0,8.0,0.25,0.3125,0.1875,0.75,,,,
dt29,dt29_node_12,23.799999999999997,0.000705052918836506,0.08659761631119078,2.0,1.0,0.0,0.00401688684073167,0.00204139176914633,2.0,8.0,0.25,0.3125,0.1875,0.75,,,,
dt3,dt3_node_0,22.0,0.0101782926965495,0.0101782926965495,35.0,17.5,0.7142857142857143,0.004778758333407355,0.001800166626128835,2.0,8.0,0.4375,0.5625,0.4375,1.0,,,,
dt3,dt3_node_1,5.4,0.00657892495953619,0.01675721765608569,30.0,15.0,0.06666666666666667,0.0030252223761227702,0.00017803431649805984,2.0,8.0,0.4375,0.5625,0.4375,1.0,,,,
dt3,dt3_node_2,22.3,0.00297859170727852,0.01315688440382802,5.0,2.5,0.6,0.0325617380096593,0.0222562406021704,2.0,8.0,0.4375,0.5625,0.4375,1.0,,,,
dt3,dt3_node_3,16.0,0.00320325669262083,0.01996047434870652,16.0,8.0,0.75,0.012521274250050722,0.0036537533349419804,2.0,8.0,0.4375,0.5625,0.4375,1.0,,,,
dt3,dt3_node_4,3.5999999999999996,0.00284718805962471,0.0196044057157104,14.0,7.0,0.7142857142857143,0.010571707788959545,0.007573918797976356,2.0,8.0,0.4375,0.5625,0.4375,1.0,,,,
dt3,dt3_node_5,57.4,0.0103054974074889,0.02346238181131692,4.0,2.0,0.5,0.05697650517183615,0.0023885496213195516,2.0,8.0,0.4375,0.5625,0.4375,1.0,,,,
dt3,dt3_node_6,90.9,0.0161750275849927,0.03613550193369922,14.0,7.0,0.42857142857142855,0.025692865267673965,0.020614345878077034,2.0,8.0,0.4375,0.5625,0.4375,1.0,,,,
dt3,dt3_node_7,34.300000000000004,0.00886752091510874,0.028827995263815263,2.0,1.0,0.0,0.04857248446131335,0.0003024464868802493,2.0,8.0,0.4375,0.5625,0.4375,1.0,,,,
dt3,dt3_node_8,85.9,0.0181456265869359,0.0377500323026463,2.0,1.0,0.0,0.0588035303973486,0.005439697917444301,2.0,8.0,0.4375,0.5625,0.4375,1.0,,,,
dt3,dt3_node_9,2.6,0.00299778899098319,0.022602194706693588,12.0,6.0,0.3333333333333333,0.00459139205289552,0.0016949582822662701,2.0,8.0,0.4375,0.5625,0.4375,1.0,,,,
dt3,dt3_node_10,100.0,0.0593650547931557,0.08282743660447262,3.0,1.5,0.3333333333333333,0.0008002323677754835,0.00030094518633665644,2.0,8.0,0.4375,0.5625,0.4375,1.0,,,,
dt3,dt3_node_11,67.7,0.00507851938959693,0.04121402132329615,10.0,5.0,0.2,0.031586771994814,0.0170607949902415,2.0,8.0,0.4375,0.5625,0.4375,1.0,,,,
dt3,dt3_node_12,100.0,0.046307211145751,0.08244271307945022,4.0,2.0,0.0,0.005673717638345405,7.96643146050149e-05,2.0,8.0,0.4375,0.5625,0.4375,1.0,,,,
dt3,dt3_node_13,10.8,0.00628635033516179,0.02888854504185538,4.0,2.0,0.5,0.06368854680520447,0.05534290958699254,2.0,8.0,0.4375,0.5625,0.4375,1.0,,,,
dt3,dt3_node_14,3.5000000000000004,0.00289643377062925,0.025498628477322836,8.0,4.0,0.0,0.00509203932813518,0.0011825633527466801,2.0,8.0,0.4375,0.5625,0.4375,1.0,,,,
dt3,dt3_node_15,52.0,0.00110117755411214,0.08392861415858476,2.0,1.0,0.0,0.0015967408642481849,0.00043158583609067495,2.0,8.0,0.4375,0.5625,0.4375,1.0,,,,
dt3,dt3_node_16,94.6,0.0145259770045725,0.05573999832786865,6.0,3.0,0.0,0.022035288195439498,0.0024999568273677986,2.0,8.0,0.4375,0.5625,0.4375,1.0,,,,
dt3,dt3_node_17,100.0,0.0486475669850555,0.08986158830835164,4.0,2.0,0.5,0.000910035911288955,0.000910035911288955,2.0,8.0,0.4375,0.5625,0.4375,1.0,,,,
dt3,dt3_node_18,95.7,0.00575338195295042,0.08819609503240064,2.0,1.0,0.0,0.0048202550134235755,0.002375359998544595,2.0,8.0,0.4375,0.5625,0.4375,1.0,,,,
dt3,dt3_node_19,99.9,0.00559405332374039,0.08803676640319061,2.0,1.0,0.0,0.000797906800134841,0.000650403517334699,2.0,8.0,0.4375,0.5625,0.4375,1.0,,,,
dt3,dt3_node_20,39.900000000000006,0.00834563721821193,0.037234182260067306,3.0,1.5,0.3333333333333333,0.0734714254788937,0.0520254694774543,2.0,8.0,0.4375,0.5625,0.4375,1.0,,,,
dt3,dt3_node_21,9.1,0.0039094759753885,0.029408104452711338,4.0,2.0,0.5,0.030792052233866628,0.028481975253672576,2.0,8.0,0.4375,0.5625,0.4375,1.0,,,,
dt3,dt3_node_22,17.8,0.00627460268088186,0.0317732311582047,4.0,2.0,0.5,0.04560794710648528,0.041238938902579424,2.0,8.0,0.4375,0.5625,0.4375,1.0,,,,
dt3,dt3_node_23,100.0,0.0195353313680717,0.07527532969594035,3.0,1.5,0.3333333333333333,0.0015991656285793555,0.0010158583523888144,2.0,8.0,0.4375,0.5625,0.4375,1.0,,,,
dt3,dt3_node_24,100.0,0.0245352450228073,0.08027524335067594,3.0,1.5,0.3333333333333333,0.009340366842965495,0.004402072175820405,2.0,8.0,0.4375,0.5625,0.4375,1.0,,,,
dt3,dt3_node_25,67.5,0.00182007182257791,0.09168166013092956,3.0,1.5,0.3333333333333333,0.001600701975773303,0.0006205103950043171,2.0,8.0,0.4375,0.5625,0.4375,1.0,,,,
dt3,dt3_node_26,85.5,0.0214459560014394,0.058680138261506705,2.0,1.0,0.0,0.104649783946168,0.0035576878289679953,2.0,8.0,0.4375,0.5625,0.4375,1.0,,,,
dt3,dt3_node_27,13.100000000000001,0.00231007698019405,0.03171818143290539,3.0,1.5,0.3333333333333333,0.07181394545280215,0.05676027337902385,2.0,8.0,0.4375,0.5625,0.4375,1.0,,,,
dt3,dt3_node_28,36.4,0.00436900820390586,0.036142239362110556,3.0,1.5,0.3333333333333333,0.056842509921408754,0.007896693660610452,2.0,8.0,0.4375,0.5625,0.4375,1.0,,,,
dt3,dt3_node_29,87.2,0.00261502398096817,0.07789035367690852,2.0,1.0,0.0,0.0,0.0,2.0,8.0,0.4375,0.5625,0.4375,1.0,,,,
dt3,dt3_node_30,91.8,0.00493829466714509,0.08521353801782103,2.0,1.0,0.0,0.00401641107250689,0.0007188670030850298,2.0,8.0,0.4375,0.5625,0.4375,1.0,,,,
dt3,dt3_node_31,60.9,0.000980191580768986,0.09266185171169854,2.0,1.0,0.0,0.000797906800134835,0.00042637813423264506,2.0,8.0,0.4375,0.5625,0.4375,1.0,,,,
dt3,dt3_node_32,93.2,0.0150536720737783,0.04677185350668369,2.0,1.0,0.0,0.04148240819674495,0.0028245574284607514,2.0,8.0,0.4375,0.5625,0.4375,1.0,,,,
dt3,dt3_node_33,100.0,0.0489458162607983,0.08508805562290886,2.0,1.0,0.0,0.00644587545012345,0.0024768220275941796,2.0,8.0,0.4375,0.5625,0.4375,1.0,,,,
dt30,dt30_node_0,45.2,0.000958017669056567,0.000958017669056567,16.0,0.8888888888888888,0.75,0.0015185817914268244,0.0006402156797700756,18.0,2513.0,0.07744174735818192,0.3813866173420827,0.006557606196727969,0.9482965931863727,0.0755953370291862,0.38081334803833183,0.004408164408215965,0.13030057475663004
dt30,dt30_node_1,34.599999999999994,0.000878366111656749,0.001836383780713316,14.0,0.7777777777777778,0.5714285714285714,0.0050840456531650955,0.002639436943857785,18.0,2513.0,0.07744174735818192,0.3813866173420827,0.006557606196727969,0.9482965931863727,0.07527319764477045,0.38018792055531675,0.004375383343023515,0.14464259767676746
dt30,dt30_node_2,68.89999999999999,0.0021587974711969,0.003116815140253467,2.0,0.1111111111111111,0.0,0.010781337402387101,0.00040230560103429996,18.0,2513.0,0.07744174735818192,0.3813866173420827,0.006557606196727969,0.9482965931863727,0.07768924302788845,0.38487862667792955,0.0014948101482886722,0.02122130792550888
dt30,dt30_node_3,100.0,0.00772348259702288,0.009559866377736197,11.0,0.6111111111111112,0.45454545454545453,0.00107171656999813,2.5520075313480075e-05,18.0,2513.0,0.07744174735818192,0.3813866173420827,0.006557606196727969,0.9482965931863727,0.07519136542417719,0.378233078716289,0.0024482343063045656,0.1539448834910015
dt30,dt30_node_4,71.5,0.00244460870930731,0.004280992490020626,3.0,0.16666666666666666,0.3333333333333333,0.010966557133173516,0.0020160350129731852,18.0,2513.0,0.07744174735818192,0.3813866173420827,0.006557606196727969,0.9482965931863727,0.07554597171341462,0.3867040600187426,0.002789201398073664,0.09670102852643576
dt30,dt30_node_5,69.8,0.00104619649468465,0.010606062872420847,8.0,0.4444444444444444,0.75,0.005464292130393405,0.004112328268622605,18.0,2513.0,0.07744174735818192,0.3813866173420827,0.006557606196727969,0.9482965931863727,0.07491550160093863,0.3777406065214836,0.0024378493013507475,0.18789349806398506
dt30,dt30_node_6,94.19999999999999,0.00109723664531161,0.010657103023047806,3.0,0.16666666666666666,0.3333333333333333,0.005665825859191681,0.0011712436830224999,18.0,2513.0,0.07744174735818192,0.3813866173420827,0.006557606196727969,0.9482965931863727,0.07629482071713148,0.38020296749551014,0.001160276680503669,0.011226252158894647
dt30,dt30_node_7,100.0,0.0129825921461467,0.017263584636167326,2.0,0.1111111111111111,0.0,0.0093930468078823,0.0021793671717720005,18.0,2513.0,0.07744174735818192,0.3813866173420827,0.006557606196727969,0.9482965931863727,0.07586875836693469,0.3847503191409477,0.00046707216340016733,0.12433392539964476
dt30,dt30_node_8,83.3,0.0013519638617708,0.011958026734191647,7.0,0.3888888888888889,0.14285714285714285,0.002792194972841165,0.000496000599304495,18.0,2513.0,0.07744174735818192,0.3813866173420827,0.006557606196727969,0.9482965931863727,0.07474691361108979,0.37780100611018075,0.002600565310827156,0.21142716943234344
dt30,dt30_node_9,100.0,0.00683706954221418,0.017494172565261985,2.0,0.1111111111111111,0.0,0.0004314069701690218,0.00041836152005998516,18.0,2513.0,0.07744174735818192,0.3813866173420827,0.006557606196727969,0.9482965931863727,0.07609561752988048,0.37904269081500647,0.0,0.0
dt30,dt30_node_10,100.0,0.00328819557214566,0.015246222306337306,4.0,0.2222222222222222,0.5,0.0027271599547324847,0.001064355059611565,18.0,2513.0,0.07744174735818192,0.3813866173420827,0.006557606196727969,0.9482965931863727,0.06633466135458169,0.37776606035673743,0.0027962577630097464,0.007876612375282857
dt30,dt30_node_11,83.3,0.00229619437353667,0.014254221107728317,3.0,0.16666666666666666,0.3333333333333333,0.01049340704902003,0.00408776013695097,18.0,2513.0,0.07744174735818192,0.3813866173420827,0.006557606196727969,0.9482965931863727,0.0859632499531006,0.3778476004481051,0.002313219381630935,0.4744085925345365
dt30,dt30_node_12,86.6,0.00166280489512092,0.016909027201458225,3.0,0.16666666666666666,0.3333333333333333,0.0035223331373755275,0.0032672486252164124,18.0,2513.0,0.07744174735818192,0.3813866173420827,0.006557606196727969,0.9482965931863727,0.06972111553784861,0.3791629643929146,0.0016186557461169912,0.006958819881442369
dt30,dt30_node_13,100.0,0.00640564691206906,0.020659868019797377,2.0,0.1111111111111111,0.0,0.0012991025396088905,0.0012572961654735994,18.0,2513.0,0.07744174735818192,0.3813866173420827,0.006557606196727969,0.9482965931863727,0.07615603030813696,0.3763482380886387,0.0011323486240446268,0.6989150090415913
dt30,dt30_node_14,48.1,0.000255084512159115,0.01716411171361734,2.0,0.1111111111111111,0.0,0.001729907157609375,0.0004253988481499551,18.0,2513.0,0.07744174735818192,0.3813866173420827,0.006557606196727969,0.9482965931863727,0.0703187250996016,0.37841082811204085,0.0014943034101669583,0.003451251078515962
dt4,dt4_node_0,52.800000000000004,0.0224693371472557,0.0224693371472557,26.0,13.0,0.9230769230769231,0.043464390746091236,0.03527799839592767,2.0,8.0,0.4375,0.5625,0.4375,1.0,,,,
dt4,dt4_node_1,35.099999999999994,0.00818639235016356,0.030655729497419258,25.0,12.5,0.92,0.0869575935925169,0.0651253191678911,2.0,8.0,0.4375,0.5625,0.4375,1.0,,,,
dt4,dt4_node_2,43.3,0.0218322744246258,0.05248800392204506,24.0,12.0,0.8333333333333334,0.00982520140671354,0.0016012470063112606,2.0,8.0,0.4375,0.5625,0.4375,1.0,,,,
dt4,dt4_node_3,14.7,0.0114264484130248,0.06391445233506986,22.0,11.0,0.5454545454545454,0.009696658265038184,0.002569493836776015,2.0,8.0,0.4375,0.5625,0.4375,1.0,,,,
dt4,dt4_node_4,34.0,0.00822395440040228,0.060711958322447336,2.0,1.0,0.0,0.10454589892927946,0.005518903155556552,2.0,8.0,0.4375,0.5625,0.4375,1.0,,,,
dt4,dt4_node_5,13.200000000000001,0.0122661521018142,0.07618060443688406,17.0,8.5,0.4117647058823529,0.0036574927886391904,0.0009260507537706601,2.0,8.0,0.4375,0.5625,0.4375,1.0,,,,
dt4,dt4_node_6,14.799999999999999,0.00712716442826217,0.07104161676333202,5.0,2.5,0.6,0.07777596715813384,0.07050564524442016,2.0,8.0,0.4375,0.5625,0.4375,1.0,,,,
dt4,dt4_node_7,1.7000000000000002,0.00458354354240985,0.0807641479792939,12.0,6.0,0.8333333333333334,0.061324887250393194,0.05456827158860981,2.0,8.0,0.4375,0.5625,0.4375,1.0,,,,
dt4,dt4_node_8,7.8,0.00273144203486853,0.07891204647175258,5.0,2.5,0.2,0.032377026567442804,0.0160593487411359,2.0,8.0,0.4375,0.5625,0.4375,1.0,,,,
dt4,dt4_node_9,22.400000000000002,0.00727032191371368,0.07831193867704571,4.0,2.0,0.5,0.0706870069564603,0.0326720583740727,2.0,8.0,0.4375,0.5625,0.4375,1.0,,,,
dt4,dt4_node_10,1.3,0.00675661566178339,0.08752076364107729,11.0,5.5,0.6363636363636364,0.005078788608013955,0.003067502979827695,2.0,8.0,0.4375,0.5625,0.4375,1.0,,,,
dt4,dt4_node_11,98.1,0.0484363753085787,0.1273484217803313,2.0,1.0,0.0,0.045327184134065404,0.0015710838280347007,2.0,8.0,0.4375,0.5625,0.4375,1.0,,,,
dt4,dt4_node_12,46.6,0.0163176778263069,0.09522972429805948,3.0,1.5,0.3333333333333333,0.03358223670850495,0.02335632817040635,2.0,8.0,0.4375,0.5625,0.4375,1.0,,,,
dt4,dt4_node_13,92.2,0.0380149485823876,0.11632688725943331,3.0,1.5,0.3333333333333333,0.04477701989948185,0.01241397340114575,2.0,8.0,0.4375,0.5625,0.4375,1.0,,,,
dt4,dt4_node_14,0.1,0.00201128562818626,0.08953204926926354,9.0,4.5,0.5555555555555556,0.00856381229584491,0.00502069311235929,2.0,8.0,0.4375,0.5625,0.4375,1.0,,,,
dt4,dt4_node_15,19.7,0.00814629158784165,0.09566705522891894,2.0,1.0,0.0,0.08262478644765381,0.030872195201169204,2.0,8.0,0.4375,0.5625,0.4375,1.0,,,,
dt4,dt4_node_16,54.2,0.0102259085380986,0.10545563283615808,2.0,1.0,0.0,0.037305431895587354,0.00825375153874915,2.0,8.0,0.4375,0.5625,0.4375,1.0,,,,
dt4,dt4_node_17,94.8,0.0323630464983361,0.1486899337577694,2.0,1.0,0.0,0.07497007364545741,0.0132304185510237,2.0,8.0,0.4375,0.5625,0.4375,1.0,,,,
dt4,dt4_node_18,0.4,0.00354311918348562,0.09307516845274916,7.0,3.5,0.42857142857142855,0.0062913875438493,0.0026753652198993594,2.0,8.0,0.4375,0.5625,0.4375,1.0,,,,
dt4,dt4_node_19,39.1,0.0135845054082042,0.10311655467746775,2.0,1.0,0.0,0.04954545132211545,0.005047508989552647,2.0,8.0,0.4375,0.5625,0.4375,1.0,,,,
dt4,dt4_node_20,3.2,0.00361602232394994,0.0966911907766991,5.0,2.5,0.6,0.031951283165158065,0.028936659709190942,2.0,8.0,0.4375,0.5625,0.4375,1.0,,,,
dt4,dt4_node_21,16.7,0.00896675276374866,0.10204192121649781,2.0,1.0,0.0,0.0573016913695019,0.013952342702646503,2.0,8.0,0.4375,0.5625,0.4375,1.0,,,,
dt4,dt4_node_22,5.4,0.00301462345596712,0.09970581423266622,4.0,2.0,0.5,0.036043985047533,0.0326084638320852,2.0,8.0,0.4375,0.5625,0.4375,1.0,,,,
dt4,dt4_node_23,7.7,0.0034355212154478,0.10314133544811402,3.0,1.5,0.3333333333333333,0.02328198680554798,0.01476531008249292,2.0,8.0,0.4375,0.5625,0.4375,1.0,,,,
dt4,dt4_node_24,26.1,0.00851667672305506,0.11165801217116908,2.0,1.0,0.0,0.06375666014947981,0.0043431386565577,2.0,8.0,0.4375,0.5625,0.4375,1.0,,,,
dt5,dt5_node_0,0.1,0.00241296340695239,0.00241296340695239,26.0,0.49056603773584906,0.5384615384615384,0.00232067714534059,0.0011394812761116898,53.0,658.0,0.01095371910305672,0.3470389250926447,0.016889967839585924,0.9892966360856269,0.0,0.345149957345178,0.013640042242401456,0.46903374719902613
dt5,dt5_node_1,1.5,0.0017882613856625,0.0017882613856625,20.0,0.37735849056603776,0.2,0.007940921608625716,0.0003905705479047448,53.0,658.0,0.01095371910305672,0.3470389250926447,0.016889967839585924,0.9892966360856269,7.668711656441718e-05,0.3514260808170853,0.01856961893667275,0.16304985239815584
dt5,dt5_node_2,0.8999999999999999,0.00244543793971122,0.00244543793971122,7.0,0.1320754716981132,0.14285714285714285,0.006509386353265445,0.0003806785529308749,53.0,658.0,0.01095371910305672,0.3470389250926447,0.016889967839585924,0.9892966360856269,0.0,0.3415203603705484,0.019619711043811727,0.1595659703290248
dt5,dt5_node_3,0.0,0.0011811958692289,0.00359415927618129,20.0,0.37735849056603776,0.3,0.00377380312093858,0.00035239848647399983,53.0,658.0,0.01095371910305672,0.3470389250926447,0.016889967839585924,0.9892966360856269,0.0,0.349144415860871,0.01155172971710873,0.4132441502421693
dt5,dt5_node_4,1.4000000000000001,0.00346015842145228,0.00587312182840467,6.0,0.11320754716981132,0.3333333333333333,0.004336177266511105,0.0026230120180815147,53.0,658.0,0.01095371910305672,0.3470389250926447,0.016889967839585924,0.9892966360856269,0.0,0.3318350956262009,0.011442924599576087,0.554184802994532
dt5,dt5_node_5,28.1,0.00833149215653046,0.01011975354219296,8.0,0.1509433962264151,0.25,0.008212684587861015,0.004496157958056285,53.0,658.0,0.01095371910305672,0.3470389250926447,0.016889967839585924,0.9892966360856269,0.0,0.3519094388473012,0.02134639542847113,0.14536279137084002
dt5,dt5_node_6,25.7,0.00755035106072097,0.00933861244638347,12.0,0.22641509433962265,0.3333333333333333,0.00352260433208049,0.00142529240460308,53.0,658.0,0.01095371910305672,0.3470389250926447,0.016889967839585924,0.9892966360856269,0.0001278118609406953,0.3511038421302746,0.016452332746496153,0.15583868135693324
dt5,dt5_node_7,5.6000000000000005,0.00612870780033457,0.00857414574004579,3.0,0.05660377358490566,0.3333333333333333,0.05170039939037198,0.04472231820379082,53.0,658.0,0.01095371910305672,0.3470389250926447,0.016889967839585924,0.9892966360856269,0.0,0.3626613452954241,0.007192494399272065,0.18628097719726455
dt5,dt5_node_8,32.5,0.00689006490619632,0.00933550284590754,4.0,0.07547169811320754,0.5,0.04006605086090811,0.0352633511347168,53.0,658.0,0.01095371910305672,0.3470389250926447,0.016889967839585924,0.9892966360856269,0.0,0.32566462167689164,0.006944313756240337,0.12203107379240369
dt5,dt5_node_9,6.4,0.00342140463446458,0.00701556391064587,13.0,0.24528301886792453,0.38461538461538464,0.012000251936769925,0.009058136619479176,53.0,658.0,0.01095371910305672,0.3470389250926447,0.016889967839585924,0.9892966360856269,0.0,0.3504574827879721,0.009473808536509148,0.5105548758556616
dt5,dt5_node_10,2.0,0.00412620160741258,0.00772036088359387,7.0,0.1320754716981132,0.42857142857142855,0.01196275231826294,0.0031094318197921597,53.0,658.0,0.01095371910305672,0.3470389250926447,0.016889967839585924,0.9892966360856269,0.0,0.34670586299625467,0.014332878787642252,0.1663026118158854
dt5,dt5_node_11,14.299999999999999,0.00695918928459262,0.01283231111299729,2.0,0.03773584905660377,0.0,0.11300450134043699,0.0026526773711650006,53.0,658.0,0.01095371910305672,0.3470389250926447,0.016889967839585924,0.9892966360856269,0.0,0.32821103627555237,0.002558194493678362,0.6846153846153846
dt5,dt5_node_12,14.2,0.00171316524842959,0.00758628707683426,4.0,0.07547169811320754,0.0,0.04757716797007985,0.00838316242976455,53.0,658.0,0.01095371910305672,0.3470389250926447,0.016889967839585924,0.9892966360856269,0.0,0.3336471253015252,0.013538399126959762,0.5117468201358684
dt5,dt5_node_13,45.1,0.00371652662980473,0.01383628017199769,5.0,0.09433962264150944,0.2,0.027401731595686048,0.00088611293713905,53.0,658.0,0.01095371910305672,0.3470389250926447,0.016889967839585924,0.9892966360856269,0.0,0.36704283221703154,0.009591889424896647,0.1521078403782293
dt5,dt5_node_14,85.39999999999999,0.0127088425459173,0.022828596088110262,3.0,0.05660377358490566,0.3333333333333333,0.05225212417996325,0.01449498537270505,53.0,658.0,0.01095371910305672,0.3470389250926447,0.016889967839585924,0.9892966360856269,0.0,0.3266871165644172,0.006626524231500884,0.08486707566462166
dt5,dt5_node_15,9.8,0.00209731192747741,0.01143592437386088,4.0,0.07547169811320754,0.5,0.04475573770269935,0.03832729364803766,53.0,658.0,0.01095371910305672,0.3470389250926447,0.016889967839585924,0.9892966360856269,0.0003834355828220859,0.35443878224157266,0.01342887234902922,0.14735274345901697
dt5,dt5_node_16,18.6,0.00494789673668357,0.01428650918306704,8.0,0.1509433962264151,0.5,0.005678635327381006,0.001325047788641605,53.0,658.0,0.01095371910305672,0.3470389250926447,0.016889967839585924,0.9892966360856269,0.0,0.34943637207462563,0.017535968857163988,0.15071285932793255
dt5,dt5_node_17,27.200000000000003,0.00697808118658116,0.015552226926626951,2.0,0.03773584905660377,0.0,0.111778311830254,0.005868941175442004,53.0,658.0,0.01095371910305672,0.3470389250926447,0.016889967839585924,0.9892966360856269,0.0,0.3676116498449766,0.0020202519955141995,0.19047619047619047
dt5,dt5_node_18,42.3,0.00480269972619131,0.01413820257209885,3.0,0.05660377358490566,0.3333333333333333,0.03786497963686974,0.03489315429408336,53.0,658.0,0.01095371910305672,0.3470389250926447,0.016889967839585924,0.9892966360856269,0.0,0.32481254260395365,0.007835421903594156,0.11515554173381208
dt5,dt5_node_19,12.7,0.00294211531729075,0.00995767922793662,9.0,0.16981132075471697,0.5555555555555556,0.034481609812493395,0.029267444480291303,53.0,658.0,0.01095371910305672,0.3470389250926447,0.016889967839585924,0.9892966360856269,0.0,0.3523388632905613,0.009221875944358323,0.5505821669689558
dt5,dt5_node_20,88.2,0.0210583885562491,0.02807395246689497,4.0,0.07547169811320754,0.0,0.00890426189384377,0.00125119455935053,53.0,658.0,0.01095371910305672,0.3470389250926447,0.016889967839585924,0.9892966360856269,0.0,0.34622437665714645,0.008629449281477703,0.40582254407139207
dt5,dt5_node_21,44.1,0.0150721841380551,0.022792545021648968,2.0,0.03773584905660377,0.0,0.09126435569171655,0.012367785803761452,53.0,658.0,0.01095371910305672,0.3470389250926447,0.016889967839585924,0.9892966360856269,0.0,0.3389570552147239,0.0015337423312883347,0.15950920245398773
dt5,dt5_node_22,20.3,0.00885332049847078,0.01657368138206465,5.0,0.09433962264150944,0.2,0.0068901106493754645,0.0002787772737897847,53.0,658.0,0.01095371910305672,0.3470389250926447,0.016889967839585924,0.9892966360856269,0.0,0.34980538610886713,0.015907180187656328,0.1562353340307031
dt5,dt5_node_23,100.0,0.0391940055403153,0.04678029261714956,2.0,0.03773584905660377,0.0,0.041160782678407504,0.008131895987717502,53.0,658.0,0.01095371910305672,0.3470389250926447,0.016889967839585924,0.9892966360856269,0.0,0.32131901840490795,0.006901840490797534,0.07822085889570553
dt5,dt5_node_24,100.0,0.0559603303998444,0.06354661747667867,2.0,0.03773584905660377,0.0,0.036325124975037607,0.0018143526570341996,53.0,658.0,0.01095371910305672,0.3470389250926447,0.016889967839585924,0.9892966360856269,0.0,0.3459752321981424,0.003869969040247667,0.0696594427244582
dt5,dt5_node_25,99.0,0.0282878445328251,0.04212412470482279,3.0,0.05660377358490566,0.3333333333333333,0.0432680248636563,0.0291090038291265,53.0,658.0,0.01095371910305672,0.3470389250926447,0.016889967839585924,0.9892966360856269,0.0,0.3716768916155419,0.00948222750050685,0.12065439672801637
dt5,dt5_node_26,99.5,0.026515618658547,0.040351898830544686,2.0,0.03773584905660377,0.0,0.0706586979417925,0.003645192392647399,53.0,658.0,0.01095371910305672,0.3470389250926447,0.016889967839585924,0.9892966360856269,0.0,0.36009174311926606,0.003822629969418956,0.12844036697247707
dt5,dt5_node_27,100.0,0.0377571388072582,0.06058573489536846,2.0,0.03773584905660377,0.0,0.01638453446059,0.0025956213851507995,53.0,658.0,0.01095371910305672,0.3470389250926447,0.016889967839585924,0.9892966360856269,0.0,0.3236196319018405,0.006134969325153367,0.032208588957055216
dt5,dt5_node_28,25.3,0.00642844405466169,0.01786436842852257,3.0,0.05660377358490566,0.3333333333333333,0.04803500475588745,0.034281599677379544,53.0,658.0,0.01095371910305672,0.3470389250926447,0.016889967839585924,0.9892966360856269,0.0005112474437627812,0.35755436814213776,0.014199248151697846,0.1427817515290304
dt5,dt5_node_29,38.5,0.00700368311602261,0.02129019229908965,2.0,0.03773584905660377,0.0,0.08135027996389055,4.793631312725172e-05,53.0,658.0,0.01095371910305672,0.3470389250926447,0.016889967839585924,0.9892966360856269,0.0,0.3581288343558282,0.002300613496932502,0.14570552147239263
dt5,dt5_node_30,20.7,0.0043535875387394,0.01864009672180644,6.0,0.11320754716981132,0.6666666666666666,0.047618653830183495,0.04623866943341359,53.0,658.0,0.01095371910305672,0.3470389250926447,0.016889967839585924,0.9892966360856269,0.0,0.3465388846475581,0.019356332227424184,0.14622350238284412
dt5,dt5_node_31,50.3,0.00297182534278638,0.01711002791488523,2.0,0.03773584905660377,0.0,0.054716746312835254,0.00468847874575665,53.0,658.0,0.01095371910305672,0.3470389250926447,0.016889967839585924,0.9892966360856269,0.0,0.32055214723926384,0.006134969325153367,0.10122699386503067
dt5,dt5_node_32,36.199999999999996,0.00521416533220209,0.01517184456013871,7.0,0.1320754716981132,0.7142857142857143,0.05588046509067375,0.041214297058813146,53.0,658.0,0.01095371910305672,0.3470389250926447,0.016889967839585924,0.9892966360856269,0.0,0.3552858128372072,0.008341977463070463,0.6174643238518494
dt5,dt5_node_33,100.0,0.0637490542927847,0.07370673352072132,2.0,0.03773584905660377,0.0,0.02690618462987665,0.0010882542181185496,53.0,658.0,0.01095371910305672,0.3470389250926447,0.016889967839585924,0.9892966360856269,0.0,0.34202453987730064,0.0015337423312883625,0.05214723926380368
dt5,dt5_node_34,63.5,0.00765306733449324,0.03572701980138821,2.0,0.03773584905660377,0.0,0.07971980977776666,0.005747839011812549,53.0,658.0,0.01095371910305672,0.3470389250926447,0.016889967839585924,0.9892966360856269,0.0,0.3509984639016897,0.005376344086021501,0.6927803379416283
dt5,dt5_node_35,75.3,0.0101554564531943,0.03822940892008927,2.0,0.03773584905660377,0.0,0.07059367469212205,0.00739990216735565,53.0,658.0,0.01095371910305672,0.3470389250926447,0.016889967839585924,0.9892966360856269,0.0,0.3414502894126032,0.008628203523032618,0.1271585557299843
dt5,dt5_node_36,44.6,0.00716888792316525,0.023742569305229902,2.0,0.03773584905660377,0.0,0.0869330260462533,0.0011906106209745027,53.0,658.0,0.01095371910305672,0.3470389250926447,0.016889967839585924,0.9892966360856269,0.0,0.36607555153468474,0.003556350305806061,0.15360983102918588
dt5,dt5_node_37,41.099999999999994,0.00661133337558568,0.02318501475765033,3.0,0.05660377358490566,0.3333333333333333,0.04540606549627395,0.04109749279542155,53.0,658.0,0.01095371910305672,0.3470389250926447,0.016889967839585924,0.9892966360856269,0.0,0.33895860915832204,0.010916384871773316,0.14519427402862986
dt5,dt5_node_38,93.89999999999999,0.0141590210345298,0.056283145739352586,2.0,0.03773584905660377,0.0,0.054791782533333847,0.005721919526027953,53.0,658.0,0.01095371910305672,0.3470389250926447,0.016889967839585924,0.9892966360856269,0.0,0.37423312883435583,0.010736196319018398,0.10276073619631902
dt5,dt5_node_39,76.5,0.0137534050785079,0.03161777350703047,2.0,0.03773584905660377,0.0,0.07144787867400396,0.010841531011005247,53.0,658.0,0.01095371910305672,0.3470389250926447,0.016889967839585924,0.9892966360856269,0.0007668711656441718,0.36531928227455635,0.011024803746949002,0.130568356374808
dt5,dt5_node_40,20.200000000000003,0.0013799843967699,0.02002008111857634,5.0,0.09433962264150944,0.2,0.02206466013629425,0.01058740977197395,53.0,658.0,0.01095371910305672,0.3470389250926447,0.016889967839585924,0.9892966360856269,0.0,0.3477485020678673,0.020995763166339335,0.13893582441308497
dt5,dt5_node_41,75.5,0.0146661680318606,0.029838012591999308,6.0,0.11320754716981132,0.3333333333333333,0.008676273221054614,0.0008585950195396054,53.0,658.0,0.01095371910305672,0.3470389250926447,0.016889967839585924,0.9892966360856269,0.0,0.3528947980033266,0.006416231171223409,0.6479347323016728
dt5,dt5_node_42,44.3,0.0043085727008524,0.027493587458502732,2.0,0.03773584905660377,0.0,0.0765148922913468,0.009670110373996302,53.0,658.0,0.01095371910305672,0.3470389250926447,0.016889967839585924,0.9892966360856269,0.0,0.3312906744736793,0.0015360732466854488,0.13803680981595093
dt5,dt5_node_43,99.7,0.0326520699082682,0.05267215102684454,2.0,0.03773584905660377,0.0,0.06828187540659605,0.008264508001313248,53.0,658.0,0.01095371910305672,0.3470389250926447,0.016889967839585924,0.9892966360856269,0.0,0.370398773006135,0.008435582822085869,0.12423312883435583
dt5,dt5_node_44,73.9,0.0114772503643203,0.031497331482896636,3.0,0.05660377358490566,0.3333333333333333,0.03542113052325951,0.028328702718041297,53.0,658.0,0.01095371910305672,0.3470389250926447,0.016889967839585924,0.9892966360856269,0.0,0.3326483214423555,0.010827069897028238,0.11063904441422583
dt5,dt5_node_45,45.6,0.00781767820151501,0.037655690793514315,4.0,0.07547169811320754,0.5,0.0394153855609174,0.024114887471460296,53.0,658.0,0.01095371910305672,0.3470389250926447,0.016889967839585924,0.9892966360856269,0.0,0.3513219148180411,0.007329571914235941,0.6304733366530347
dt5,dt5_node_46,60.6,0.00953486824059422,0.03937288083259353,2.0,0.03773584905660377,0.0,0.06515775069344655,0.002825216290272853,53.0,658.0,0.01095371910305672,0.3470389250926447,0.016889967839585924,0.9892966360856269,0.0,0.35604056437389775,0.0011022927689594286,0.7484472049689441
dt5,dt5_node_47,55.50000000000001,0.00709242780521821,0.038589759288114846,2.0,0.03773584905660377,0.0,0.05478612808318655,8.701592908665068e-05,53.0,658.0,0.01095371910305672,0.3470389250926447,0.016889967839585924,0.9892966360856269,0.0,0.3402667810849508,0.0013097258702269021,0.10200927357032458
dt5,dt5_node_48,90.0,0.0153004980894571,0.05295618888297142,3.0,0.05660377358490566,0.3333333333333333,0.03121314083579783,0.02246651588679817,53.0,658.0,0.01095371910305672,0.3470389250926447,0.016889967839585924,0.9892966360856269,0.0,0.35201896334713173,0.008347853575639198,0.731269435677273
dt5,dt5_node_49,69.89999999999999,0.00874662494899966,0.06170281383197108,2.0,0.03773584905660377,0.0,0.0429285312687605,0.002069630786815199,53.0,658.0,0.01095371910305672,0.3470389250926447,0.016889967839585924,0.9892966360856269,0.0,0.34698067922716913,0.0053270130805232185,0.7269890795631825
dt6,dt6_node_0,99.7,0.0208154061747054,0.0208154061747054,25.0,0.8064516129032258,0.6,0.0032994760996308548,0.002679140742872975,31.0,684.0,4.716091303527636e-05,0.374145199820029,0.004733147692518885,0.32748538011695905,0.0,0.374093567251462,0.004440595440133249,0.01936647173489279
dt6,dt6_node_1,57.099999999999994,0.00396803695959082,0.00396803695959082,5.0,0.16129032258064516,0.2,0.0055384205041281095,0.00082973850491415,31.0,684.0,4.716091303527636e-05,0.374145199820029,0.004733147692518885,0.32748538011695905,0.0,0.3723318178315481,0.003942593916290593,0.09306251230810066
dt6,dt6_node_2,89.7,0.00597861684250383,0.02679402301720923,20.0,0.6451612903225806,0.9,0.004743422297271775,0.0035187372296498548,31.0,684.0,4.716091303527636e-05,0.374145199820029,0.004733147692518885,0.32748538011695905,0.0,0.3750730994152047,0.004299215190799007,0.014396737457679283
dt6,dt6_node_3,41.6,0.00062033535675788,0.02143574153146328,5.0,0.16129032258064516,0.6,0.007486829260667855,0.00020682609636362478,31.0,684.0,4.716091303527636e-05,0.374145199820029,0.004733147692518885,0.32748538011695905,0.0,0.3701754385964912,0.0023391812865497102,0.011257309941520468
dt6,dt6_node_4,69.39999999999999,0.00636815900904226,0.01033619596863308,2.0,0.06451612903225806,0.0,0.0259198610592568,0.0013545776554209008,31.0,684.0,4.716091303527636e-05,0.374145199820029,0.004733147692518885,0.32748538011695905,0.0,0.375,0.003654970760233911,0.049707602339181284
dt6,dt6_node_5,53.5,0.00470868199921396,0.00867671895880478,3.0,0.0967741935483871,0.3333333333333333,0.04175830345203855,0.00875182682892485,31.0,684.0,4.716091303527636e-05,0.374145199820029,0.004733147692518885,0.32748538011695905,0.0,0.3705530297192469,0.0030150709120486873,0.0956564177647633
dt6,dt6_node_6,43.3,0.00122468506762192,0.028018708084831152,19.0,0.6129032258064516,0.7894736842105263,0.00303405323359765,0.00038943763092575984,31.0,684.0,4.716091303527636e-05,0.374145199820029,0.004733147692518885,0.32748538011695905,0.0,0.3748845798707295,0.00432957983891511,0.01366232344995041
dt6,dt6_node_7,96.3,0.00728000316430423,0.02871574469576751,4.0,0.12903225806451613,0.5,0.0037044938741508555,0.0032053461422945646,31.0,684.0,4.716091303527636e-05,0.374145199820029,0.004733147692518885,0.32748538011695905,0.0,0.36915204678362573,0.0012661190113807703,0.006578947368421052
dt6,dt6_node_8,100.0,0.0505101302809634,0.05918684923976818,2.0,0.06451612903225806,0.0,0.0,0.0,31.0,684.0,4.716091303527636e-05,0.374145199820029,0.004733147692518885,0.32748538011695905,0.0,0.3684210526315789,0.0,0.0
dt6,dt6_node_9,57.3,0.00264461560267189,0.030663323687503043,17.0,0.5483870967741935,0.8823529411764706,0.002060017096925367,0.001809702873269633,31.0,684.0,4.716091303527636e-05,0.374145199820029,0.004733147692518885,0.32748538011695905,0.0,0.37383900928792574,0.0032407023875845845,0.011609907120743035
dt6,dt6_node_10,58.699999999999996,0.00342349086452341,0.031442198949354565,2.0,0.06451612903225806,0.0,0.00670555191452476,0.004933925769334839,31.0,684.0,4.716091303527636e-05,0.374145199820029,0.004733147692518885,0.32748538011695905,0.0,0.38377192982456143,0.0007309941520467766,0.013157894736842105
dt6,dt6_node_11,60.6,0.000499147731856291,0.029214892427623804,3.0,0.0967741935483871,0.3333333333333333,0.0022029425755518773,0.0021322564470964925,31.0,684.0,4.716091303527636e-05,0.374145199820029,0.004733147692518885,0.32748538011695905,0.0,0.3684210526315789,0.0,0.0029239766081871343
dt6,dt6_node_12,20.200000000000003,0.000250314223655734,0.030913637911158778,16.0,0.5161290322580645,0.625,0.003034010850106485,0.0020301225599941852,31.0,684.0,4.716091303527636e-05,0.374145199820029,0.004733147692518885,0.32748538011695905,0.0,0.37353801169590645,0.0031013455315199476,0.011342592592592593
dt6,dt6_node_13,97.6,0.00433519902264837,0.03355009145027217,2.0,0.06451612903225806,0.0,0.0,0.0,31.0,684.0,4.716091303527636e-05,0.374145199820029,0.004733147692518885,0.32748538011695905,0.0,0.3684210526315789,0.0,0.0
dt6,dt6_node_14,43.3,0.0010038882901123,0.03191752620127108,13.0,0.41935483870967744,0.8461538461538461,0.004450489105994975,0.00028362878534644517,31.0,684.0,4.716091303527636e-05,0.374145199820029,0.004733147692518885,0.32748538011695905,0.0,0.3730319388214125,0.0032360536594552773,0.009634128055180685
dt6,dt6_node_15,98.6,0.00506413341010067,0.03597777132125945,3.0,0.0967741935483871,0.3333333333333333,0.0,0.0,31.0,684.0,4.716091303527636e-05,0.374145199820029,0.004733147692518885,0.32748538011695905,0.0,0.3757309941520468,0.0,0.0
dt6,dt6_node_16,76.9,0.00416686032064853,0.03608438652191961,12.0,0.3870967741935484,0.8333333333333334,0.00571293188671447,0.0051099792695387305,31.0,684.0,4.716091303527636e-05,0.374145199820029,0.004733147692518885,0.32748538011695905,0.0,0.3726851851851852,0.0031275579076494734,0.008705475810738968
dt6,dt6_node_17,98.6,0.0,0.03597777132125945,2.0,0.06451612903225806,0.0,0.0,0.0,31.0,684.0,4.716091303527636e-05,0.374145199820029,0.004733147692518885,0.32748538011695905,0.0,0.3757309941520468,0.0,0.0
dt6,dt6_node_18,31.6,0.00060295261717574,0.036687339139095346,11.0,0.3548387096774194,0.6363636363636364,0.000801771195053108,0.00019638563592218604,31.0,684.0,4.716091303527636e-05,0.374145199820029,0.004733147692518885,0.32748538011695905,0.0,0.3718766613503455,0.0016811683467136474,0.007230196703880915
dt6,dt6_node_19,29.799999999999997,0.000605385559130922,0.03729272469822627,9.0,0.2903225806451613,0.7777777777777778,0.003676054383948195,0.002391729921905465,31.0,684.0,4.716091303527636e-05,0.374145199820029,0.004733147692518885,0.32748538011695905,0.0,0.37166991552956463,0.0011486464931555244,0.0050357374918778425
dt6,dt6_node_20,48.3,0.000998156830975294,0.03768549597007064,2.0,0.06451612903225806,0.0,0.00592532049149112,0.0028016026803976395,31.0,684.0,4.716091303527636e-05,0.374145199820029,0.004733147692518885,0.32748538011695905,0.0,0.3728070175438597,0.0029239766081871343,0.011695906432748537
dt6,dt6_node_21,56.8,0.00128432446204273,0.038577049160268995,8.0,0.25806451612903225,0.75,0.002214036217837069,0.0021473743181188217,31.0,684.0,4.716091303527636e-05,0.374145199820029,0.004733147692518885,0.32748538011695905,0.0,0.3718932748538012,0.0010175007973007985,0.0037071846282372596
dt6,dt6_node_22,27.1,6.66618997182475e-05,0.03864371105998724,7.0,0.22580645161290322,0.7142857142857143,0.0007315667308586057,0.0007251290887038943,31.0,684.0,4.716091303527636e-05,0.374145199820029,0.004733147692518885,0.32748538011695905,0.0,0.3719715956558062,0.0010649581273167786,0.00278473962684489
dt6,dt6_node_23,18.0,6.43764215471146e-06,0.03865014870214195,6.0,0.1935483870967742,0.6666666666666666,0.001471544380632295,2.7457241932350718e-06,31.0,684.0,4.716091303527636e-05,0.374145199820029,0.004733147692518885,0.32748538011695905,0.0,0.37207602339181284,0.001116612011441471,0.0024366471734892786
dt6,dt6_node_24,62.3,0.00147429010482553,0.040124438806967484,5.0,0.16129032258064516,0.6,1.64505909843653e-06,1.64505909843653e-06,31.0,684.0,4.716091303527636e-05,0.374145199820029,0.004733147692518885,0.32748538011695905,0.0,0.37163742690058477,0.0005847953216374213,0.0017543859649122805
dt6,dt6_node_25,19.7,3.29011819687306e-06,0.040127728925164356,4.0,0.12903225806451613,0.5,7.43739574112445e-07,7.43739574112445e-07,31.0,684.0,4.716091303527636e-05,0.374145199820029,0.004733147692518885,0.32748538011695905,0.0,0.3717105263157895,0.0006330595056903731,0.0021929824561403508
dt6,dt6_node_26,6.3,1.48747914822489e-06,0.04012921640431258,3.0,0.0967741935483871,0.3333333333333333,0.000733536333177492,0.000731723826646008,31.0,684.0,4.716091303527636e-05,0.374145199820029,0.004733147692518885,0.32748538011695905,0.0,0.3718323586744639,0.0006891878958933146,0.0029239766081871343
dt6,dt6_node_27,7.5,1.81250653148398e-06,0.040131028910844066,2.0,0.06451612903225806,0.0,0.00146816812066912,0.00146816812066912,31.0,684.0,4.716091303527636e-05,0.374145199820029,0.004733147692518885,0.32748538011695905,0.0,0.3713450292397661,0.0,0.0029239766081871343
dt7,dt7_node_0,81.6,0.0103516085148336,0.0103516085148336,26.0,0.896551724137931,0.07692307692307693,0.0112491490007756,0.0002604022793864999,29.0,1401.0,0.017819783898200794,0.3619300659828591,0.029184235463852834,0.9628836545324768,0.015732171686073403,0.3624531319871615,0.028818458724018548,0.1769620698279766
dt7,dt7_node_1,100.0,0.132780508596079,0.132780508596079,2.0,0.06896551724137931,0.0,0.004579507058737989,0.0038534753903943096,29.0,1401.0,0.017819783898200794,0.3619300659828591,0.029184235463852834,0.9628836545324768,0.04518496691895272,0.3349458156310003,0.0026195316430848714,0.6274056966897613
dt7,dt7_node_2,92.5,0.0109887467213891,0.0213403552362227,14.0,0.4827586206896552,0.7142857142857143,0.06178236283690976,0.002876563020613652,29.0,1401.0,0.017819783898200794,0.3619300659828591,0.029184235463852834,0.9628836545324768,0.02126338767395278,0.3691269915873981,0.023699794566749893,0.1513690236491745
dt7,dt7_node_3,88.5,0.0115095512801621,0.0218611597949957,12.0,0.41379310344827586,0.5,0.0637290049703732,0.0033157020119569014,29.0,1401.0,0.017819783898200794,0.3619300659828591,0.029184235463852834,0.9628836545324768,0.009279086366880797,0.35466696245355217,0.032117635484362084,0.0741499963380038
dt7,dt7_node_4,99.9,0.0589057998162961,0.08024615505251881,12.0,0.41379310344827586,0.8333333333333334,0.00460879795526966,0.00203091005005341,29.0,1401.0,0.017819783898200794,0.3619300659828591,0.029184235463852834,0.9628836545324768,0.016004049835647745,0.3595013530952425,0.0025407753185713307,0.12951012761354475
dt7,dt7_node_5,100.0,0.0646589258575234,0.0859992810937461,2.0,0.06896551724137931,0.0,0.001807051338792595,0.0001699727695083249,29.0,1401.0,0.017819783898200794,0.3619300659828591,0.029184235463852834,0.9628836545324768,0.05281941470378301,0.4268808225403318,0.001267325607816422,0.005417956656346749
dt7,dt7_node_6,100.0,0.0670447069823301,0.0889058667773258,3.0,0.10344827586206896,0.3333333333333333,0.00338361863812154,0.0007161104309271102,29.0,1401.0,0.017819783898200794,0.3619300659828591,0.029184235463852834,0.9628836545324768,0.007137758743754461,0.4102564102564103,0.0012219073840385336,0.013419602204648934
dt7,dt7_node_7,100.0,0.0604133029584163,0.08227446275341199,9.0,0.3103448275862069,0.7777777777777778,0.0025537072475850502,0.0005041723858274902,29.0,1401.0,0.017819783898200794,0.3619300659828591,0.029184235463852834,0.9628836545324768,0.009992862241256246,0.3361371465192662,0.0012149123518467597,0.0030441400304414
dt7,dt7_node_8,72.1,0.00257788790521625,0.08282404295773506,11.0,0.3793103448275862,0.45454545454545453,0.00013311357899785584,3.686285959345615e-05,29.0,1401.0,0.017819783898200794,0.3619300659828591,0.029184235463852834,0.9628836545324768,0.016096300424171688,0.3593110940222145,0.002570607757476174,0.13885193372891513
dt7,dt7_node_9,98.0,0.00266750820719443,0.09157337498452023,2.0,0.06896551724137931,0.0,0.0033643538269795947,0.0008038745245508648,29.0,1401.0,0.017819783898200794,0.3619300659828591,0.029184235463852834,0.9628836545324768,0.007137758743754461,0.41049604601006473,0.0014378145219266782,0.010064701653486701
dt7,dt7_node_10,96.5,0.00305787963341254,0.08533234238682454,8.0,0.27586206896551724,0.75,0.0002390346611819595,0.00011426411660623251,29.0,1401.0,0.017819783898200794,0.3619300659828591,0.029184235463852834,0.9628836545324768,0.009992862241256246,0.3365176640230714,0.0005978054777136625,0.0015707075908950457
dt7,dt7_node_11,9.2,0.000169976438591312,0.08299401939632638,8.0,0.27586206896551724,0.75,0.003608236378073447,0.003356073747763423,29.0,1401.0,0.017819783898200794,0.3619300659828591,0.029184235463852834,0.9628836545324768,0.016957537994014088,0.35997265920006477,0.0026239477698013747,0.18646518258095604
dt7,dt7_node_12,19.2,9.62507194043997e-05,0.08292029367713946,3.0,0.10344827586206896,0.3333333333333333,0.0021727862284221335,0.0014046914059190866,29.0,1401.0,0.017819783898200794,0.3619300659828591,0.029184235463852834,0.9628836545324768,0.013799666904591959,0.35754692021461376,0.0012608430955743696,0.009228761223941463
dt7,dt7_node_13,39.2,0.000124770544575727,0.08545711293140026,7.0,0.2413793103448276,0.7142857142857143,0.0002387900751631915,4.460287938003051e-05,29.0,1401.0,0.017819783898200794,0.3619300659828591,0.029184235463852834,0.9628836545324768,0.009992862241256244,0.3365949119373777,0.0006005718297296633,0.0015792906924846362
dt7,dt7_node_14,13.5,0.000252162630310024,0.0832461820266364,7.0,0.2413793103448276,0.7142857142857143,0.0010938821161063312,0.000917734775824889,29.0,1401.0,0.017819783898200794,0.3619300659828591,0.029184235463852834,0.9628836545324768,0.018564299565301305,0.36022308626043703,0.0027142177848567613,0.20993227308334017
dt7,dt7_node_15,72.89999999999999,0.000768094822503047,0.08368838849964251,2.0,0.06896551724137931,0.0,0.0024494194134702,0.0009746809963779699,29.0,1401.0,0.017819783898200794,0.3619300659828591,0.029184235463852834,0.9628836545324768,0.017487508922198428,0.357441069977093,0.0015332889972659303,0.007352941176470588
dt7,dt7_node_16,26.6,0.000194187195783161,0.08565130012718343,6.0,0.20689655172413793,0.3333333333333333,0.00023920502203485347,2.5141333565716493e-05,29.0,1401.0,0.017819783898200794,0.3619300659828591,0.029184235463852834,0.9628836545324768,0.009992862241256244,0.3364575823119442,0.0005373871611390987,0.0015861571737563085
dt7,dt7_node_17,12.7,0.000176147340281442,0.08342232936691785,6.0,0.20689655172413793,0.3333333333333333,0.000898227689552619,0.00043800587442945104,29.0,1401.0,0.017819783898200794,0.3619300659828591,0.029184235463852834,0.9628836545324768,0.02070664832701759,0.3609159265524673,0.002287927924800285,0.2433745021562719
dt7,dt7_node_18,51.6,0.00026434635560057,0.085915646482784,2.0,0.06896551724137931,0.0,0.000477625801186244,0.000281973420055965,29.0,1401.0,0.017819783898200794,0.3619300659828591,0.029184235463852834,0.9628836545324768,0.009992862241256246,0.33597692862292716,0.0,0.0014419610670511895
dt7,dt7_node_19,20.9,0.000214063688469137,0.08586536381565257,4.0,0.13793103448275862,0.5,0.000238857723728192,9.1479930245686e-05,29.0,1401.0,0.017819783898200794,0.3619300659828591,0.029184235463852834,0.9628836545324768,0.009992862241256246,0.33669790915645276,0.0005098102243594431,0.0010814708002883922
dt7,dt7_node_20,62.6,0.00133623356398207,0.08475856293089992,4.0,0.13793103448275862,0.5,0.002306272027608242,0.001661341788982728,29.0,1401.0,0.017819783898200794,0.3619300659828591,0.029184235463852834,0.9628836545324768,0.0162384011420414,0.36059548178540424,0.0027249389358690946,0.010592306572767688
dt7,dt7_node_21,37.8,0.000460221815123168,0.08388255118204102,2.0,0.06896551724137931,0.0,0.0044798017134721054,0.002842490866163495,29.0,1401.0,0.017819783898200794,0.3619300659828591,0.029184235463852834,0.9628836545324768,0.029643142696969976,0.3615568160865934,0.0004869795338445504,0.7137518684603886
dt7,dt7_node_22,33.2,0.000147377793482506,0.08601274160913508,3.0,0.10344827586206896,0.3333333333333333,0.0002391713731469555,6.447176534855749e-05,29.0,1401.0,0.017819783898200794,0.3619300659828591,0.029184235463852834,0.9628836545324768,0.009992862241256246,0.3364575823119442,0.00033987348290629533,0.0009613073780341264
dt7,dt7_node_23,52.1,0.000644930238625514,0.08540349316952543,3.0,0.10344827586206896,0.3333333333333333,0.0022003879169949212,0.001957714120175719,29.0,1401.0,0.017819783898200794,0.3619300659828591,0.029184235463852834,0.9628836545324768,0.019271948608137045,0.36145537039395864,0.0026349109907422537,0.009281784455488974
dt7,dt7_node_24,47.699999999999996,0.000174699607798398,0.08618744121693347,2.0,0.06896551724137931,0.0,0.0002718187642209315,0.0002718187642209315,29.0,1401.0,0.017819783898200794,0.3619300659828591,0.029184235463852834,0.9628836545324768,0.009992862241256246,0.33669790915645276,0.0,0.0007209805335255948
dt7,dt7_node_25,43.0,0.000242673796819202,0.08564616696634464,2.0,0.06896551724137931,0.0,0.0024496874203457104,0.00034717153123761993,29.0,1401.0,0.017819783898200794,0.3619300659828591,0.029184235463852834,0.9628836545324768,0.02462526766595289,0.35967765602290336,0.0009660894050410318,0.0073475385745775165
dt8,dt8_node_0,43.6,0.0167116522690757,0.0167116522690757,18.0,0.8571428571428571,0.8888888888888888,0.08263237587197879,0.0723375674132712,21.0,563.0,0.049395246553328255,0.20545037075631564,0.024089087199839706,0.8431372549019608,0.05704099821746881,0.20980030668001792,0.016578190878660637,0.17051594185028585
dt8,dt8_node_1,100.0,0.146230053916948,0.146230053916948,2.0,0.09523809523809523,0.0,0.07407988006463215,0.010538865479405746,21.0,563.0,0.049395246553328255,0.20545037075631564,0.024089087199839706,0.8431372549019608,0.0,0.14884135472370766,0.0008912655971479444,0.12834224598930483
dt8,dt8_node_2,32.0,0.0102948084587076,0.027006460727783302,17.0,0.8095238095238095,0.6470588235294118,0.02193937128738153,0.01235296435527867,21.0,563.0,0.049395246553328255,0.20545037075631564,0.024089087199839706,0.8431372549019608,0.06060606060606061,0.20854116809350834,0.01628070572638833,0.16252943470372713
dt8,dt8_node_3,98.0,0.0342923356426602,0.061298796370443505,14.0,0.6666666666666666,0.8571428571428571,0.048992069322864984,0.044308014187977925,21.0,563.0,0.049395246553328255,0.20545037075631564,0.024089087199839706,0.8431372549019608,0.05662964486493898,0.21174754245617883,0.015929325208693834,0.14093545741103952
dt8,dt8_node_4,33.2,0.00958640693210286,0.03659286765988616,3.0,0.14285714285714285,0.3333333333333333,0.07775183230007125,0.05538668452965175,21.0,563.0,0.049395246553328255,0.20545037075631564,0.024089087199839706,0.8431372549019608,0.07783719548425432,0.19464687918860282,0.008746678886224383,0.17114786718069894
dt8,dt8_node_5,40.0,0.00468405513488706,0.06598285150533056,13.0,0.6190476190476191,0.6923076923076923,0.0113807656628532,0.0072904613991925,21.0,563.0,0.049395246553328255,0.20545037075631564,0.024089087199839706,0.8431372549019608,0.06134878193701723,0.21156785905123474,0.016567104920087766,0.13700423503309236
dt8,dt8_node_6,66.60000000000001,0.0223651477704195,0.05895801543030566,2.0,0.09523809523809523,0.0,0.07854252840511,0.0009347422851974999,21.0,563.0,0.049395246553328255,0.20545037075631564,0.024089087199839706,0.8431372549019608,0.11675579322638147,0.18947477511089,0.005874062098412305,0.1372093023255814
dt8,dt8_node_7,23.0,0.0040903042636607,0.07007315576899126,11.0,0.5238095238095238,0.6363636363636364,0.016152485037549725,0.013749660568166275,21.0,563.0,0.049395246553328255,0.20545037075631564,0.024089087199839706,0.8431372549019608,0.07361853832442068,0.21003116348180254,0.01746500566886592,0.12318698793575088
dt8,dt8_node_8,89.60000000000001,0.0186712270620457,0.08465407856737626,2.0,0.09523809523809523,0.0,0.07964865166762469,0.016658178381181006,21.0,563.0,0.049395246553328255,0.20545037075631564,0.024089087199839706,0.8431372549019608,0.0,0.2192513368983957,0.007130124777183597,0.14260249554367202
dt8,dt8_node_9,22.6,0.00240282446938345,0.0724759802383747,9.0,0.42857142857142855,0.7777777777777778,0.05032752526375635,0.035193520028300146,21.0,563.0,0.049395246553328255,0.20545037075631564,0.024089087199839706,0.8431372549019608,0.08179837591602297,0.20682805053137499,0.015372668020250446,0.11235405134013218
dt8,dt8_node_10,97.6,0.029902145605716,0.09997530137470725,2.0,0.09523809523809523,0.0,0.07746299887315644,0.0019343135915137546,21.0,563.0,0.049395246553328255,0.20545037075631564,0.024089087199839706,0.8431372549019608,0.0,0.23885918003565063,0.0,0.0
dt8,dt8_node_11,86.8,0.0151340052354562,0.0876099854738309,8.0,0.38095238095238093,0.0,0.020021670241948175,0.018160217459888627,21.0,563.0,0.049395246553328255,0.20545037075631564,0.024089087199839706,0.8431372549019608,0.06283422459893048,0.20419318475477358,0.014261000258470215,0.10227536162130431
dt8,dt8_node_12,40.6,0.00186145278205955,0.08947143825589046,4.0,0.19047619047619047,0.5,0.0444459087831609,0.0105209470189641,21.0,563.0,0.049395246553328255,0.20545037075631564,0.024089087199839706,0.8431372549019608,0.03253119429590018,0.210044137734195,0.018215530775328198,0.10568082200159018
dt8,dt8_node_13,100.0,0.0381818877018368,0.1257918731756677,4.0,0.19047619047619047,0.0,0.017972654199962253,0.00196525029414075,21.0,563.0,0.049395246553328255,0.20545037075631564,0.024089087199839706,0.8431372549019608,0.09313725490196079,0.19834223177535215,0.0025454653371132564,0.039832956782036924
dt8,dt8_node_14,99.9,0.0339249617641968,0.12339640002008725,3.0,0.14285714285714285,0.3333333333333333,0.027437490133087702,0.0232270909467936,21.0,563.0,0.049395246553328255,0.20545037075631564,0.024089087199839706,0.8431372549019608,0.032679738562091505,0.21989924319132692,0.0073426834979549395,0.08728217116425308
dt8,dt8_node_15,100.0,0.019937904494103,0.1457297776697707,2.0,0.09523809523809523,0.0,0.00933687644156899,0.00275411214514201,21.0,563.0,0.049395246553328255,0.20545037075631564,0.024089087199839706,0.8431372549019608,0.016042780748663103,0.2002196157217282,0.0023586531548832473,0.01841620626151013
dt8,dt8_node_16,98.7,0.0160074039058215,0.1417992770814892,2.0,0.09523809523809523,0.0,0.007825759460185804,0.002066276914429915,21.0,563.0,0.049395246553328255,0.20545037075631564,0.024089087199839706,0.8431372549019608,0.17023172905525846,0.1964648478289761,0.0005885591691822817,0.015463917525773196
dt8,dt8_node_17,45.4,0.0042103991862941,0.12760679920638135,2.0,0.09523809523809523,0.0,0.04172958427998185,0.0014933939307463506,21.0,563.0,0.049395246553328255,0.20545037075631564,0.024089087199839706,0.8431372549019608,0.03208556149732621,0.22191528545119704,0.00828729281767955,0.07918968692449356
dt9,dt9_node_0,55.50000000000001,0.00259784699963855,0.00259784699963855,44.0,0.9361702127659575,0.7272727272727273,0.00375093818102242,0.0010483703753592702,47.0,2932.0,0.02169022669878958,0.34325201397477445,0.013709766262868524,0.6709897610921501,,,,
dt9,dt9_node_1,100.0,0.0239486811227991,0.0239486811227991,2.0,0.0425531914893617,0.0,0.0891939853939771,0.010273888537450197,47.0,2932.0,0.02169022669878958,0.34325201397477445,0.013709766262868524,0.6709897610921501,,,,
dt9,dt9_node_2,67.4,0.00270256780566315,0.0053004148053017,38.0,0.8085106382978723,0.21052631578947367,0.00503841979015521,0.00120759138684524,47.0,2932.0,0.02169022669878958,0.34325201397477445,0.013709766262868524,0.6709897610921501,,,,
dt9,dt9_node_3,56.8,0.00479930855638169,0.00739715555602024,6.0,0.1276595744680851,0.0,0.02795949623479875,0.008833173155774551,47.0,2932.0,0.02169022669878958,0.34325201397477445,0.013709766262868524,0.6709897610921501,,,,
dt9,dt9_node_4,96.89999999999999,0.00624601117700045,0.01154642598230215,23.0,0.48936170212765956,0.7391304347826086,0.00278158404595328,0.00022512741452850992,47.0,2932.0,0.02169022669878958,0.34325201397477445,0.013709766262868524,0.6709897610921501,,,,
dt9,dt9_node_5,88.6,0.00383082840330997,0.00913124320861167,15.0,0.3191489361702128,0.6,0.01385881287802447,0.008773302174582831,47.0,2932.0,0.02169022669878958,0.34325201397477445,0.013709766262868524,0.6709897610921501,,,,
dt9,dt9_node_6,100.0,0.0191263230790242,0.02652347863504444,3.0,0.06382978723404255,0.3333333333333333,0.03559981833451835,0.024231669022771254,47.0,2932.0,0.02169022669878958,0.34325201397477445,0.013709766262868524,0.6709897610921501,,,,
dt9,dt9_node_7,100.0,0.0367926693905733,0.04418982494659354,3.0,0.06382978723404255,0.3333333333333333,0.030151375794490388,0.02590802058758671,47.0,2932.0,0.02169022669878958,0.34325201397477445,0.013709766262868524,0.6709897610921501,,,,
dt9,dt9_node_8,82.89999999999999,0.00300671146048179,0.01455313744278394,20.0,0.425531914893617,0.5,0.019542845547706744,0.013622214597968654,47.0,2932.0,0.02169022669878958,0.34325201397477445,0.013709766262868524,0.6709897610921501,,,,
dt9,dt9_node_9,76.3,0.00255645663142477,0.01410288261372692,3.0,0.06382978723404255,0.3333333333333333,0.04741266186577715,0.023582265029652154,47.0,2932.0,0.02169022669878958,0.34325201397477445,0.013709766262868524,0.6709897610921501,,,,
dt9,dt9_node_10,100.0,0.0226321150526073,0.03176335826121897,3.0,0.06382978723404255,0.3333333333333333,0.027303678854703636,0.018155264729004767,47.0,2932.0,0.02169022669878958,0.34325201397477445,0.013709766262868524,0.6709897610921501,,,,
dt9,dt9_node_11,88.9,0.00508551070344164,0.01421675391205331,12.0,0.2553191489361702,0.8333333333333334,0.0361630112265044,0.034477994857596596,47.0,2932.0,0.02169022669878958,0.34325201397477445,0.013709766262868524,0.6709897610921501,,,,
dt9,dt9_node_12,99.0,0.0113681493117471,0.03789162794679154,2.0,0.0425531914893617,0.0,0.0626684334314065,0.0045584669018305,47.0,2932.0,0.02169022669878958,0.34325201397477445,0.013709766262868524,0.6709897610921501,,,,
dt9,dt9_node_13,57.8,0.00424335520690368,0.04843318015349722,2.0,0.0425531914893617,0.0,0.05336219748109705,0.0013729124013050487,47.0,2932.0,0.02169022669878958,0.34325201397477445,0.013709766262868524,0.6709897610921501,,,,
dt9,dt9_node_14,98.7,0.00592063094973809,0.020473768392522032,15.0,0.3191489361702128,0.7333333333333333,0.02079306046237475,0.017741872829968648,47.0,2932.0,0.02169022669878958,0.34325201397477445,0.013709766262868524,0.6709897610921501,,,,
dt9,dt9_node_15,100.0,0.0331650601456754,0.04771819758845934,5.0,0.10638297872340426,0.2,0.0066332944251719095,0.0012714391612162596,47.0,2932.0,0.02169022669878958,0.34325201397477445,0.013709766262868524,0.6709897610921501,,,,
dt9,dt9_node_16,100.0,0.023830396836125,0.03793327944985192,2.0,0.0425531914893617,0.0,0.0494676156963597,0.002060719760920801,47.0,2932.0,0.02169022669878958,0.34325201397477445,0.013709766262868524,0.6709897610921501,,,,
dt9,dt9_node_17,100.0,0.00914841412569887,0.04091177238691784,2.0,0.0425531914893617,0.0,0.04809098500073265,0.004123921447954152,47.0,2932.0,0.02169022669878958,0.34325201397477445,0.013709766262868524,0.6709897610921501,,,,
dt9,dt9_node_18,54.1,0.0016850163689078,0.01590177028096111,11.0,0.23404255319148937,0.8181818181818182,0.017760097590410546,0.008939237023816955,47.0,2932.0,0.02169022669878958,0.34325201397477445,0.013709766262868524,0.6709897610921501,,,,
dt9,dt9_node_19,76.9,0.0030511876324061,0.023524956024928132,13.0,0.2765957446808511,0.8461538461538461,0.02639502041995536,0.02362611866278084,47.0,2932.0,0.02169022669878958,0.34325201397477445,0.013709766262868524,0.6709897610921501,,,,
dt9,dt9_node_20,100.0,0.0385349332923434,0.05900870168486543,2.0,0.0425531914893617,0.0,0.0291680885234067,4.82134744871996e-05,47.0,2932.0,0.02169022669878958,0.34325201397477445,0.013709766262868524,0.6709897610921501,,,,
dt9,dt9_node_21,98.5,0.00790473358638817,0.05562293117484751,2.0,0.0425531914893617,0.0,0.0295533109085638,0.0013351259059317007,47.0,2932.0,0.02169022669878958,0.34325201397477445,0.013709766262868524,0.6709897610921501,,,,
dt9,dt9_node_22,89.2,0.00536185526395565,0.05308005285241499,3.0,0.06382978723404255,0.3333333333333333,0.014900866154906305,0.013310549446426796,47.0,2932.0,0.02169022669878958,0.34325201397477445,0.013709766262868524,0.6709897610921501,,,,
dt9,dt9_node_23,99.1,0.00882086056659359,0.024722630847554702,10.0,0.2127659574468085,0.4,0.00252570657730253,0.0007054167560399501,47.0,2932.0,0.02169022669878958,0.34325201397477445,0.013709766262868524,0.6709897610921501,,,,
dt9,dt9_node_24,40.5,0.00276890175717452,0.02629385778210265,12.0,0.2553191489361702,0.3333333333333333,0.0014255903009403829,0.0006386883805144069,47.0,2932.0,0.02169022669878958,0.34325201397477445,0.013709766262868524,0.6709897610921501,,,,
dt9,dt9_node_25,60.699999999999996,0.00159031670847951,0.0546703695608945,2.0,0.0425531914893617,0.0,0.02775369807901805,0.0011358700354545496,47.0,2932.0,0.02169022669878958,0.34325201397477445,0.013709766262868524,0.6709897610921501,,,,
dt9,dt9_node_26,59.599999999999994,0.00323112333334248,0.027953754180897183,3.0,0.06382978723404255,0.3333333333333333,0.037215516661920946,0.026686276460865247,47.0,2932.0,0.02169022669878958,0.34325201397477445,0.013709766262868524,0.6709897610921501,,,,
dt9,dt9_node_27,55.2,0.00182028982126258,0.026542920668817284,7.0,0.14893617021276595,0.7142857142857143,0.03336272779909046,0.02866548311274954,47.0,2932.0,0.02169022669878958,0.34325201397477445,0.013709766262868524,0.6709897610921501,,,,
dt9,dt9_node_28,53.1,0.00206427868145479,0.02835813646355744,8.0,0.1702127659574468,0.75,0.025350466405612792,0.02306874168793591,47.0,2932.0,0.02169022669878958,0.34325201397477445,0.013709766262868524,0.6709897610921501,,,,
dt9,dt9_node_29,21.9,0.000786901920425976,0.027080759702528625,4.0,0.0851063829787234,0.5,0.032671453704523803,0.022509823462196103,47.0,2932.0,0.02169022669878958,0.34325201397477445,0.013709766262868524,0.6709897610921501,,,,
dt9,dt9_node_30,99.7,0.0105292402010557,0.038482994381952886,2.0,0.0425531914893617,0.0,0.0468255901831995,0.006304147892293898,47.0,2932.0,0.02169022669878958,0.34325201397477445,0.013709766262868524,0.6709897610921501,,,,
dt9,dt9_node_31,87.3,0.00469724468634092,0.031240165355158202,6.0,0.1276595744680851,0.3333333333333333,0.003681795195233765,0.002663520132837715,47.0,2932.0,0.02169022669878958,0.34325201397477445,0.013709766262868524,0.6709897610921501,,,,
dt9,dt9_node_32,54.0,0.00228172471767688,0.03063986118123432,7.0,0.14893617021276595,0.42857142857142855,0.00913837434037206,0.00264771489834294,47.0,2932.0,0.02169022669878958,0.34325201397477445,0.013709766262868524,0.6709897610921501,,,,
dt9,dt9_node_33,100.0,0.0101616302423277,0.037242389944856326,3.0,0.06382978723404255,0.3333333333333333,0.02472725174502045,0.01484257806108125,47.0,2932.0,0.02169022669878958,0.34325201397477445,0.013709766262868524,0.6709897610921501,,,,
dt9,dt9_node_34,42.6,0.00101827506239605,0.032258440417554254,2.0,0.0425531914893617,0.0,0.05598334071292435,0.0003355311120488494,47.0,2932.0,0.02169022669878958,0.34325201397477445,0.013709766262868524,0.6709897610921501,,,,
dt9,dt9_node_35,96.2,0.00634531532807148,0.037585480683229686,4.0,0.0851063829787234,0.5,0.025278171913068175,0.019865874649070327,47.0,2932.0,0.02169022669878958,0.34325201397477445,0.013709766262868524,0.6709897610921501,,,,
dt9,dt9_node_36,100.0,0.00649065944202912,0.03713052062326344,5.0,0.10638297872340426,0.2,0.00808771761997221,0.00148643567906325,47.0,2932.0,0.02169022669878958,0.34325201397477445,0.013709766262868524,0.6709897610921501,,,,
dt9,dt9_node_37,100.0,0.011786089238715,0.04242595041994932,2.0,0.0425531914893617,0.0,0.0337076944493772,0.0019505035101217982,47.0,2932.0,0.02169022669878958,0.34325201397477445,0.013709766262868524,0.6709897610921501,,,,
dt9,dt9_node_38,99.9,0.0098846736839392,0.047127063628795526,2.0,0.0425531914893617,0.0,0.03499855422645,0.0031714538574834014,47.0,2932.0,0.02169022669878958,0.34325201397477445,0.013709766262868524,0.6709897610921501,,,,
dt9,dt9_node_39,97.1,0.00541229726399785,0.04299777794722753,3.0,0.06382978723404255,0.3333333333333333,0.02268561198606658,0.01979641893831022,47.0,2932.0,0.02169022669878958,0.34325201397477445,0.013709766262868524,0.6709897610921501,,,,
dt9,dt9_node_40,99.6,0.00660128194090896,0.0437318025641724,3.0,0.06382978723404255,0.3333333333333333,0.017620892079205967,0.013300320597712136,47.0,2932.0,0.02169022669878958,0.34325201397477445,0.013709766262868524,0.6709897610921501,,,,
dt9,dt9_node_41,100.0,0.00957415329903546,0.0467046739222989,2.0,0.0425531914893617,0.0,0.0302718716403933,0.0032038342332165997,47.0,2932.0,0.02169022669878958,0.34325201397477445,0.013709766262868524,0.6709897610921501,,,,
dt9,dt9_node_42,74.5,0.00288919304775636,0.04588697099498389,2.0,0.0425531914893617,0.0,0.0484707485187457,0.0013240846000271006,47.0,2932.0,0.02169022669878958,0.34325201397477445,0.013709766262868524,0.6709897610921501,,,,
dt9,dt9_node_43,91.5,0.00432057148149383,0.04805237404566623,2.0,0.0425531914893617,0.0,0.0360732115667333,0.006406054505577801,47.0,2932.0,0.02169022669878958,0.34325201397477445,0.013709766262868524,0.6709897610921501,,,,
